species,gbifID,countryCode,coordinateUncertaintyInMeters,year,license,elevation_extracted
Anoura caudifer,4022906675,EC,,2021,CC_BY_NC_4_0,1330.0
Anoura caudifer,1656006991,CO,946.0,2006,CC_BY_NC_4_0,742.5
Anoura caudifer,1317817905,EC,,1990,CC0_1_0,258.0
Anoura caudifer,1319789537,PE,,1992,CC0_1_0,420.5
Anoura caudifer,5283683698,CO,,2019,CC_BY_4_0,1466.0
Anoura caudifer,2884006441,CO,,2000,CC_BY_NC_4_0,723.5
Anoura caudifer,3013405643,BR,,2011,CC_BY_4_0,525.5
Anoura caudifer,3013405650,BR,,1993,CC_BY_4_0,765.5
Anoura caudifer,3013405844,BR,,1994,CC_BY_4_0,1044.5
Anoura caudifer,3013406530,BR,,2014,CC_BY_4_0,631.5
Anoura caudifer,3013406957,BR,,1974,CC_BY_4_0,20.5
Anoura caudifer,3013407078,BR,,1971,CC_BY_4_0,809.0
Anoura caudifer,3013407260,BR,,1974,CC_BY_4_0,756.0
Anoura caudifer,3013407355,BR,,1981,CC_BY_4_0,760.0
Anoura caudifer,3013407432,BR,,1980,CC_BY_4_0,67.0
Anoura caudifer,3013407610,BR,,1981,CC_BY_4_0,150.5
Anoura caudifer,2824258522,BR,,2018,CC_BY_NC_4_0,56.0
Anoura caudifer,45849643,PE,,1974,CC0_1_0,255.0
Anoura caudifer,45849722,PE,,1976,CC0_1_0,1477.0
Anoura caudifer,45849768,BO,,1981,CC0_1_0,589.0
Anoura caudifer,45849708,PE,,1977,CC0_1_0,954.0
Anoura caudifer,45849913,PE,,1982,CC0_1_0,1266.0
Anoura caudifer,45849677,PE,,1978,CC0_1_0,425.0
Anoura caudifer,45849696,PE,,1978,CC0_1_0,235.0
Anoura caudifer,45849552,PE,,1971,CC0_1_0,281.5
Anoura caudifer,45849553,PE,,1971,CC0_1_0,1129.5
Anoura caudifer,45849616,PE,,1974,CC0_1_0,415.0
Anoura caudifer,45849703,PE,,1977,CC0_1_0,611.0
Anoura caudifer,45849757,BO,,1979,CC0_1_0,471.0
Anoura caudifer,1609371414,CO,200.0,2013,CC0_1_0,547.0
Anoura caudifer,919142854,CO,1159.0,2010,CC0_1_0,723.0
Anoura caudifer,1949916661,CO,8.0,2017,CC_BY_NC_4_0,803.0
Anoura caudifer,1315038385,CO,360.0,1987,CC_BY_NC_4_0,1178.5
Anoura caudifer,1315038351,CO,3000.0,1975,CC_BY_NC_4_0,1036.5
Anoura caudifer,1315038433,CO,3639.0,2000,CC_BY_NC_4_0,940.0
Anoura caudifer,1315038334,CO,500.0,1975,CC_BY_NC_4_0,1374.5
Anoura caudifer,1806450805,CO,462.0,1991,CC_BY_NC_4_0,1038.0
Anoura caudifer,1806452801,CO,766.0,1995,CC_BY_NC_4_0,772.0
Anoura caudifer,1806452822,CO,,1995,CC_BY_NC_4_0,888.5
Anoura caudifer,3008955947,CO,,2018,CC_BY_4_0,530.0
Anoura caudifer,3008956057,CO,,2004,CC_BY_4_0,1077.0
Anoura caudifer,3008956187,CO,,2004,CC_BY_4_0,1362.0
Anoura caudifer,665716459,BR,,1989,CC0_1_0,592.5
Anoura caudifer,1805727732,EC,,2011,CC0_1_0,1413.5
Anoura caudifer,665903923,CO,,1971,CC0_1_0,320.0
Anoura caudifer,665737869,CO,,1970,CC0_1_0,758.5
Anoura caudifer,665737368,BO,1.15,1972,CC0_1_0,1154.5
Anoura caudifer,665719315,CO,,1971,CC0_1_0,552.0
Anoura caudifer,665734531,EC,20.32,1983,CC0_1_0,260.0
Anoura caudifer,3890566142,CO,,2021,CC_BY_NC_4_0,1343.0
Anoura caudifer,2422214615,CO,,2014,CC_BY_NC_4_0,687.5
Anoura caudifer,2422214517,CO,,2006,CC_BY_NC_4_0,657.5
Anoura caudifer,2422214613,CO,,2014,CC_BY_NC_4_0,478.5
Anoura caudifer,2422215020,CO,,2009,CC_BY_NC_4_0,1346.5
Anoura caudifer,1609371099,CO,,2003,CC_BY_NC_4_0,1424.0
Anoura caudifer,2422214315,CO,,2005,CC_BY_NC_4_0,992.5
Anoura caudifer,3350100609,EC,,1995,CC_BY_4_0,261.0
Anoura caudifer,3346341934,GY,,2004,CC_BY_4_0,1291.5
Anoura caudifer,3346873712,EC,,1996,CC_BY_4_0,808.5
Anoura caudifer,3346827421,GY,,2002,CC_BY_4_0,707.0
Anoura caudifer,3349970593,GY,,2003,CC_BY_4_0,1324.0
Anoura caudifer,6120821094,BR,,2006,CC_BY_4_0,178.5
Anoura caudifer,6120805093,BR,,1998,CC_BY_4_0,0.0
Anoura caudifer,1676065336,CO,,2016,CC0_1_0,1200.0
Anoura caudifer,5886786315,BR,,2005,CC_BY_NC_4_0,515.5
Anoura caudifer,5886786336,BR,,2004,CC_BY_NC_4_0,1137.5
Anoura caudifer,5886786340,BR,,2006,CC_BY_NC_4_0,165.5
Anoura caudifer,5886786362,BR,,2005,CC_BY_NC_4_0,112.0
Anoura caudifer,5886786370,BR,,2006,CC_BY_NC_4_0,17.0
Anoura caudifer,5886786398,BR,,2009,CC_BY_NC_4_0,376.0
Anoura caudifer,202057466,AR,,1985,CC0_1_0,806.0
Anoura caudifer,202057446,BR,4046.0,1984,CC0_1_0,1057.0
Anoura caudifer,4097141344,BR,,1990,CC_BY_NC_4_0,574.5
Anoura caudifer,4097141488,BR,,1998,CC_BY_NC_4_0,521.5
Anoura caudifer,4097141508,BR,,1992,CC_BY_NC_4_0,722.0
Anoura caudifer,1323972602,BR,,1989,CC_BY_4_0,887.0
Anoura caudifer,1323972616,BR,,1989,CC_BY_4_0,765.5
Anoura caudifer,1323972844,BR,,1997,CC_BY_4_0,861.0
Anoura caudifer,1323973737,BR,,1986,CC_BY_4_0,244.0
Anoura caudifer,1323974085,BR,,2007,CC_BY_4_0,684.0
Anoura caudifer,1323974221,BR,,2009,CC_BY_4_0,483.5
Anoura caudifer,5099449676,BO,3552.0,1991,CC0_1_0,1300.0
Anoura caudifer,5099453934,BO,3565.0,1992,CC0_1_0,1193.0
Anoura caudifer,5099455317,BO,11839.0,1993,CC0_1_0,403.5
Anoura caudifer,5099618520,BO,,1992,CC0_1_0,898.5
Anoura caudifer,5099614536,BO,,1992,CC0_1_0,998.0
Anoura caudifer,3463351457,CO,,2016,CC_BY_NC_4_0,1353.5
Anoura caudifer,3962334107,EC,,2021,CC_BY_NC_4_0,270.5
Anoura caudifer,675739765,PE,,1983,CC0_1_0,618.0
Anoura caudifer,675882217,VE,,1980,CC0_1_0,1220.0
Anoura caudifer,85165804,BO,,1982,CC_BY_NC_4_0,306.0
Anoura caudifer,1122708045,EC,,1993,CC_BY_NC_4_0,585.0
Anoura caudifer,1122708633,VE,,1987,CC_BY_NC_4_0,1024.5
Anoura caudifer,3390875944,CO,,1987,CC_BY_NC_4_0,148.0
Anoura caudifer,3390875957,CO,,1986,CC_BY_NC_4_0,965.0
Anoura caudifer,3390876182,CO,,2014,CC_BY_NC_4_0,1402.0
Anoura caudifer,3390876494,CO,30.0,2015,CC_BY_NC_4_0,1352.0
Anoura caudifer,2650656023,CO,530.0,2004,CC_BY_NC_4_0,1471.0
Anoura caudifer,859490961,BO,,1991,CC0_1_0,387.0
Anoura caudifer,859368294,PE,,1971,CC0_1_0,526.0
Anoura caudifer,859500242,BO,,1985,CC0_1_0,302.0
Anoura caudifer,859423648,BO,,1984,CC0_1_0,266.0
Anoura caudifer,859484507,BO,,1992,CC0_1_0,441.0
Anoura caudifer,859386478,PE,,1971,CC0_1_0,187.0
Anoura caudifer,5147092333,PE,1461.0,1984,CC0_1_0,498.5
Anoura caudifer,5147328034,BR,4075.0,1993,CC0_1_0,1291.0
Anoura caudifer,5147083575,VE,203600.0,1984,CC0_1_0,163.5
Anoura caudifer,1211805179,CO,,1984,CC_BY_4_0,1442.0
Anoura caudifer,1323925593,SR,,2012,CC_BY_4_0,252.5
Anoura caudifer,1211829619,BR,,1973,CC_BY_4_0,662.0
Anoura caudifer,1323930191,SR,,2011,CC_BY_4_0,69.0
Anoura caudifer,1211773770,CO,,1973,CC_BY_4_0,1199.0
Anoura caudifer,1323925757,SR,,2008,CC_BY_4_0,743.0
Anoura caudifer,1211810044,SR,,2002,CC_BY_4_0,445.0
Anoura caudifer,5146964124,PE,14893.0,1970,CC0_1_0,868.0
Anoura caudifer,5147080031,BR,,1993,CC0_1_0,297.5
Anoura caudifer,5147203033,BR,,1993,CC0_1_0,76.5
Anoura caudifer,5147203034,BR,4522.0,1993,CC0_1_0,426.5
Anoura caudifer,5146975020,BR,18491.0,1993,CC0_1_0,309.5
Anoura caudifer,1211808504,CO,,1976,CC_BY_4_0,1125.5
Anoura caudifer,1211829925,BR,,1973,CC_BY_4_0,409.0
Anoura caudifer,686466874,EC,4.95,1971,CC_BY_4_0,320.5
Anoura caudifer,686487945,GY,5.0,2001,CC_BY_4_0,1100.5
Anoura caudifer,686485109,PE,6.5,1993,CC_BY_4_0,240.5
Anoura cultrata,5082839813,EC,,2024,CC_BY_NC_4_0,1970.5
Anoura cultrata,1321502937,PE,,1998,CC0_1_0,865.5
Anoura cultrata,1638731642,CO,,2015,CC_BY_NC_4_0,1118.0
Anoura cultrata,1676079938,CO,6.0,2015,CC_BY_NC_4_0,1529.0
Anoura cultrata,1020746927,CO,600.0,2009,CC_BY_NC_4_0,1766.5
Anoura cultrata,45849855,PA,,1983,CC0_1_0,434.5
Anoura cultrata,45849613,PE,,1973,CC0_1_0,2299.0
Anoura cultrata,45849649,PE,,1977,CC0_1_0,611.0
Anoura cultrata,45849749,BO,,1980,CC0_1_0,448.0
Anoura cultrata,45849547,PE,,1971,CC0_1_0,1109.0
Anoura cultrata,1078916763,CO,1220.0,1999,CC0_1_0,2130.5
Anoura cultrata,919142853,CO,3569.0,1998,CC0_1_0,2414.5
Anoura cultrata,1949916618,CO,8.0,2017,CC_BY_NC_4_0,1158.5
Anoura cultrata,1806449189,CO,2890.0,1988,CC_BY_NC_4_0,800.0
Anoura cultrata,4979115125,CO,,2016,CC_BY_NC_4_0,946.0
Anoura cultrata,2855931508,CO,,1994,CC0_1_0,1668.0
Anoura cultrata,3008955681,CO,,2004,CC_BY_4_0,803.0
Anoura cultrata,665920143,PE,,1999,CC0_1_0,2085.0
Anoura cultrata,665925015,PE,,1980,CC0_1_0,495.5
Anoura cultrata,665863433,CO,,1970,CC0_1_0,963.5
Anoura cultrata,665823245,CO,3.61,1976,CC0_1_0,1760.0
Anoura cultrata,665920142,PE,,1987,CC0_1_0,1213.0
Anoura cultrata,665897526,PE,,1985,CC0_1_0,603.5
Anoura cultrata,3890564420,CO,,2017,CC_BY_NC_4_0,1124.5
Anoura cultrata,1609371018,CO,,2001,CC_BY_NC_4_0,1592.5
Anoura cultrata,1676065477,CO,,2016,CC0_1_0,1292.5
Anoura cultrata,1676065502,CO,,2016,CC0_1_0,1561.5
Anoura cultrata,3863929301,CO,,2019,CC_BY_NC_4_0,739.0
Anoura cultrata,1065405562,CR,3537.0,1971,CC0_1_0,272.5
Anoura cultrata,5180144329,EC,,2021,CC_BY_NC_4_0,591.5
Anoura cultrata,5180144356,EC,,2016,CC_BY_NC_4_0,1225.5
Anoura cultrata,3390876270,CO,,1987,CC_BY_NC_4_0,148.0
Anoura cultrata,5147312748,PE,1225.0,1978,CC0_1_0,257.0
Anoura cultrata,1211808430,CO,,1975,CC_BY_4_0,1125.5
Anoura cultrata,686485509,CR,5.69,1988,CC_BY_4_0,830.0
Anoura peruana,5082839588,EC,,2023,CC_BY_NC_4_0,1857.5
Anoura peruana,5082839807,EC,,2024,CC_BY_NC_4_0,1970.5
Anoura peruana,1987301695,PE,8586.0,1984,CC_BY_NC_4_0,1023.0
Anoura peruana,5101575636,MX,,2011,CC_BY_4_0,2245.5
Anoura peruana,1894810013,MX,70.0,1974,CC_BY_4_0,58.0
Anoura peruana,1895705251,MX,70.0,1972,CC_BY_4_0,2609.0
Anoura peruana,1893787820,MX,70.0,1999,CC_BY_4_0,773.5
Anoura peruana,5283683747,CO,,2013,CC_BY_4_0,2409.5
Anoura peruana,5283683768,CO,,2014,CC_BY_4_0,1866.0
Anoura peruana,1895921467,MX,,2009,CC_BY_4_0,243.5
Anoura peruana,1895921468,MX,,2010,CC_BY_4_0,986.0
Anoura peruana,2629112388,MX,,1970,CC_BY_4_0,724.0
Anoura peruana,1949916635,CO,8.0,2017,CC_BY_NC_4_0,1811.0
Anoura peruana,1893518026,MX,2140.0,1984,CC_BY_4_0,2327.5
Anoura peruana,1893518074,MX,970.0,1977,CC_BY_4_0,727.5
Anoura peruana,4168453528,MX,556.0,1975,CC_BY_4_0,62.5
Anoura peruana,1893518013,MX,1629.0,1984,CC_BY_4_0,1656.0
Anoura peruana,1893518032,MX,1314.0,1975,CC_BY_4_0,1298.0
Anoura peruana,1893518042,MX,1110.0,1977,CC_BY_4_0,949.0
Anoura peruana,1893517967,MX,840.0,1975,CC_BY_4_0,1393.5
Anoura peruana,1893518082,MX,1899.0,1970,CC_BY_4_0,749.5
Anoura peruana,2630247370,MX,713.0,1973,CC_BY_4_0,1911.5
Anoura peruana,665727446,PE,,1987,CC0_1_0,2203.5
Anoura peruana,665908027,PE,,1987,CC0_1_0,1213.0
Anoura peruana,665908464,PE,9.11,1987,CC0_1_0,2751.0
Anoura peruana,665726030,PE,,1999,CC0_1_0,3438.5
Anoura peruana,1805743179,PE,,2007,CC0_1_0,1062.0
Anoura peruana,665885105,PE,,1985,CC0_1_0,603.5
Anoura peruana,665908468,PE,,1987,CC0_1_0,3168.5
Anoura peruana,665754001,PE,,1987,CC0_1_0,3485.5
Anoura peruana,665884999,BO,29.22,1972,CC0_1_0,1649.5
Anoura peruana,665890165,BO,2.53,1972,CC0_1_0,2166.0
Anoura peruana,665734103,PE,,1981,CC0_1_0,1181.5
Anoura peruana,665925041,PE,,1981,CC0_1_0,1738.5
Anoura peruana,665920146,PE,,2001,CC0_1_0,1121.0
Anoura peruana,665865572,CO,,1970,CC0_1_0,1780.5
Anoura peruana,665892764,CO,,1970,CC0_1_0,758.5
Anoura peruana,665823133,CO,3.61,1976,CC0_1_0,1760.0
Anoura peruana,665878710,PE,,1985,CC0_1_0,900.0
Anoura peruana,665738269,CO,,1970,CC0_1_0,1768.0
Anoura peruana,665868135,PE,,1980,CC0_1_0,495.5
Anoura peruana,665716460,PE,,1987,CC0_1_0,3030.5
Anoura peruana,665908060,PE,,1987,CC0_1_0,2773.0
Anoura peruana,665900246,CO,,1970,CC0_1_0,2877.0
Anoura peruana,665908273,PE,,1999,CC0_1_0,2085.0
Anoura peruana,5904950911,CO,,2022,CC_BY_NC_4_0,2373.5
Anoura peruana,5904950379,CO,,2024,CC_BY_NC_4_0,1525.0
Anoura peruana,3710473765,CO,,2019,CC_BY_NC_4_0,3382.0
Anoura peruana,5904951694,CO,,2022,CC_BY_NC_4_0,2008.0
Anoura peruana,5904951264,CO,,2024,CC_BY_NC_4_0,3310.5
Anoura peruana,865710007,EC,10000.0,1986,CC_BY_4_0,1963.5
Anoura peruana,1894888003,MX,2070.0,1973,CC_BY_4_0,1793.0
Anoura peruana,1893577874,MX,100.0,1998,CC_BY_4_0,806.5
Anoura peruana,1893577805,MX,100.0,1998,CC_BY_4_0,1245.5
Anoura peruana,1893577838,MX,100.0,1999,CC_BY_4_0,1109.0
Anoura peruana,1893577840,MX,90.0,1985,CC_BY_4_0,632.5
Anoura peruana,1893577888,MX,100.0,1999,CC_BY_4_0,1311.0
Anoura peruana,1893577809,MX,100.0,1993,CC_BY_4_0,1881.0
Anoura peruana,1893577818,MX,100.0,1998,CC_BY_4_0,1355.5
Anoura peruana,1893577823,MX,90.0,1994,CC_BY_4_0,997.5
Anoura peruana,3306339721,MX,,2010,CC_BY_4_0,997.5
Anoura peruana,3306339913,MX,,1990,CC_BY_4_0,1399.0
Anoura peruana,3306341860,MX,,2010,CC_BY_4_0,1501.5
Anoura peruana,1894607296,MX,90.0,2004,CC_BY_4_0,1805.0
Anoura peruana,5099618368,BO,,1991,CC0_1_0,1300.0
Anoura peruana,5099725100,EC,,2017,CC0_1_0,1976.5
Anoura peruana,2630321583,MX,100.0,1977,CC_BY_4_0,1101.5
Anoura peruana,4168612520,MX,90.0,1989,CC_BY_4_0,1360.5
Anoura peruana,4168620245,MX,90.0,1994,CC_BY_4_0,1421.0
Anoura peruana,2630395577,MX,90.0,1977,CC_BY_4_0,1734.0
Anoura peruana,2630322558,MX,90.0,1977,CC_BY_4_0,775.5
Anoura peruana,4168605248,MX,90.0,1988,CC_BY_4_0,917.0
Anoura peruana,4168620561,MX,100.0,1996,CC_BY_4_0,690.5
Anoura peruana,2630371325,MX,90.0,1992,CC_BY_4_0,831.5
Anoura peruana,4168604521,MX,90.0,1994,CC_BY_4_0,2199.0
Anoura peruana,4168608692,MX,100.0,1996,CC_BY_4_0,517.0
Anoura peruana,4168614717,MX,90.0,1995,CC_BY_4_0,1219.0
Anoura peruana,1639431998,CO,,2016,CC_BY_NC_4_0,2603.0
Anoura peruana,3962333471,EC,,2021,CC_BY_NC_4_0,2485.0
Anoura peruana,3962334529,EC,,2021,CC_BY_NC_4_0,198.5
Anoura peruana,4168477091,MX,90.0,1995,CC_BY_4_0,376.0
Anoura peruana,1898053378,MX,100.0,1995,CC_BY_4_0,1937.5
Anoura peruana,1898053302,MX,90.0,1996,CC_BY_4_0,853.0
Anoura peruana,1898053311,MX,100.0,1998,CC_BY_4_0,1521.5
Anoura peruana,859562747,BO,,1991,CC0_1_0,694.5
Anoura peruana,859425439,BO,,1993,CC0_1_0,2409.5
Anoura peruana,859373224,PE,,1971,CC0_1_0,194.0
Anoura peruana,859395075,BO,,1992,CC0_1_0,2184.0
Anoura peruana,859491764,PE,,1970,CC0_1_0,2837.5
Anoura peruana,859456177,BO,,1988,CC0_1_0,821.0
Anoura peruana,5147435551,PE,419.0,1987,CC0_1_0,1932.5
Anoura peruana,5147304126,PE,6909.0,1970,CC0_1_0,2796.5
Anoura peruana,1211821410,SV,,1993,CC_BY_4_0,1847.0
Anoura peruana,1323929793,PE,,2012,CC_BY_4_0,3214.5
Anoura peruana,5146968755,PE,1225.0,1978,CC0_1_0,257.0
Anoura peruana,1418242693,MX,90.0,2008,CC_BY_4_0,15.5
Anoura peruana,1418243329,MX,90.0,2002,CC_BY_4_0,3039.5
Anoura peruana,1418243106,MX,90.0,1998,CC_BY_4_0,1881.0
Anoura peruana,1418245597,MX,90.0,1995,CC_BY_4_0,81.0
Anoura peruana,1418244873,MX,90.0,2004,CC_BY_4_0,2387.0
Artibeus aztecus,4857959813,CR,4773.0,1971,CC0_1_0,1798.0
Artibeus aztecus,2629089943,MX,70.0,1988,CC_BY_4_0,1234.0
Artibeus aztecus,2629079435,MX,90.0,1976,CC_BY_4_0,2554.5
Artibeus aztecus,2629098945,MX,,2005,CC_BY_4_0,627.0
Artibeus aztecus,2629084869,MX,80.0,1979,CC_BY_4_0,1975.0
Artibeus aztecus,2629094450,MX,80.0,1976,CC_BY_4_0,1770.5
Artibeus aztecus,2629114447,MX,90.0,1987,CC_BY_4_0,1936.5
Artibeus aztecus,2629089399,MX,90.0,1977,CC_BY_4_0,1440.5
Artibeus aztecus,2629092816,MX,90.0,1990,CC_BY_4_0,1351.0
Artibeus aztecus,2629110340,MX,90.0,1985,CC_BY_4_0,1382.5
Artibeus aztecus,2629113914,MX,90.0,1985,CC_BY_4_0,2631.0
Artibeus aztecus,2629095755,MX,80.0,1982,CC_BY_4_0,1479.0
Artibeus aztecus,2629101358,MX,90.0,1990,CC_BY_4_0,1783.5
Artibeus aztecus,2629106640,MX,90.0,1986,CC_BY_4_0,2177.0
Artibeus aztecus,2629115396,MX,80.0,1989,CC_BY_4_0,1756.5
Artibeus aztecus,2629088265,MX,,2003,CC_BY_4_0,1636.5
Artibeus aztecus,2629099581,MX,80.0,1980,CC_BY_4_0,1147.5
Artibeus aztecus,2629102020,MX,80.0,1979,CC_BY_4_0,2128.5
Artibeus aztecus,2629103176,MX,80.0,1986,CC_BY_4_0,2531.5
Artibeus aztecus,2629110798,MX,90.0,1985,CC_BY_4_0,2180.0
Artibeus aztecus,4168651314,MX,100.0,2002,CC_BY_4_0,1735.5
Artibeus aztecus,4168651369,MX,100.0,2001,CC_BY_4_0,2159.0
Artibeus aztecus,1897326339,MX,70.0,1983,CC_BY_4_0,1392.0
Artibeus aztecus,3901054866,MX,,2020,CC_BY_4_0,1684.5
Artibeus aztecus,3901043408,MX,,2019,CC_BY_4_0,2210.5
Artibeus aztecus,3901047339,MX,,1989,CC_BY_4_0,2382.5
Artibeus aztecus,3901048875,MX,,2010,CC_BY_4_0,2271.0
Artibeus aztecus,1893482683,MX,1629.0,1984,CC_BY_4_0,1656.0
Artibeus aztecus,1893482628,MX,11310.0,1970,CC_BY_4_0,756.5
Artibeus aztecus,1893482577,MX,840.0,1975,CC_BY_4_0,1393.5
Artibeus aztecus,1895603048,MX,80.0,1974,CC_BY_4_0,1975.0
Artibeus aztecus,1895602934,MX,80.0,1970,CC_BY_4_0,696.5
Artibeus aztecus,1895602940,MX,70.0,1972,CC_BY_4_0,634.0
Artibeus aztecus,1417798671,MX,90.0,1982,CC_BY_4_0,941.5
Artibeus aztecus,1417790515,MX,100.0,1991,CC_BY_4_0,2676.5
Artibeus aztecus,1417813464,MX,70.0,1992,CC_BY_4_0,779.5
Artibeus aztecus,583494232,MX,2413.0,1974,CC0_1_0,2122.5
Artibeus aztecus,1418525246,MX,,1984,CC_BY_4_0,1686.0
Artibeus aztecus,1418529442,MX,,1978,CC_BY_4_0,902.0
Artibeus aztecus,1418522258,MX,,1984,CC_BY_4_0,1273.5
Artibeus aztecus,1418519386,MX,,1994,CC_BY_4_0,950.5
Artibeus aztecus,1418531547,MX,,1989,CC_BY_4_0,2687.5
Artibeus aztecus,1418523124,MX,,1987,CC_BY_4_0,766.0
Artibeus aztecus,1418523755,MX,,1982,CC_BY_4_0,3199.0
Artibeus aztecus,1418525099,MX,,1988,CC_BY_4_0,2015.5
Artibeus aztecus,1418532035,MX,,1990,CC_BY_4_0,2848.5
Artibeus aztecus,1893582022,MX,100.0,1999,CC_BY_4_0,2018.0
Artibeus aztecus,5898728003,GT,,2006,CC_BY_NC_4_0,1572.0
Artibeus aztecus,5898728014,GT,,2008,CC_BY_NC_4_0,1587.0
Artibeus aztecus,1895935169,MX,90.0,1998,CC_BY_4_0,2831.5
Artibeus aztecus,1895935140,MX,90.0,1990,CC_BY_4_0,2323.0
Artibeus aztecus,1895935201,MX,90.0,1987,CC_BY_4_0,3011.5
Artibeus aztecus,859263305,GT,,1999,CC0_1_0,1672.0
Artibeus aztecus,859264405,GT,,2003,CC0_1_0,1132.0
Artibeus aztecus,859267014,GT,,2005,CC0_1_0,1679.0
Artibeus aztecus,859263961,GT,,1991,CC0_1_0,1769.0
Artibeus aztecus,3306342364,MX,,1995,CC_BY_4_0,1838.0
Artibeus aztecus,3306342853,MX,,2011,CC_BY_4_0,997.5
Artibeus aztecus,3306340549,MX,,2013,CC_BY_4_0,1962.0
Artibeus aztecus,3306341539,MX,,2012,CC_BY_4_0,2001.5
Artibeus aztecus,3306342422,MX,,2013,CC_BY_4_0,2420.0
Artibeus aztecus,1894607198,MX,90.0,2004,CC_BY_4_0,1805.0
Artibeus aztecus,919422325,CR,16544.0,1977,CC0_1_0,1020.0
Artibeus aztecus,202059136,MX,983.0,1998,CC0_1_0,1777.0
Artibeus aztecus,202059365,MX,3036.0,1976,CC0_1_0,768.5
Artibeus aztecus,6187126084,PA,100.0,2024,CC0_1_0,2310.5
Artibeus aztecus,4168622529,MX,90.0,1996,CC_BY_4_0,1219.0
Artibeus aztecus,4168619579,MX,90.0,1994,CC_BY_4_0,2199.0
Artibeus aztecus,4168624498,MX,100.0,1996,CC_BY_4_0,690.5
Artibeus aztecus,2630349764,MX,100.0,1991,CC_BY_4_0,1624.0
Artibeus aztecus,2630383131,MX,90.0,1988,CC_BY_4_0,672.5
Artibeus aztecus,1422072189,MX,70.0,2004,CC_BY_4_0,1540.5
Artibeus aztecus,1894604888,MX,90.0,1998,CC_BY_4_0,1956.0
Artibeus aztecus,1894604875,MX,70.0,1981,CC_BY_4_0,2102.5
Artibeus aztecus,675869687,MX,,1980,CC0_1_0,680.0
Artibeus aztecus,675837317,MX,,1974,CC0_1_0,2357.5
Artibeus aztecus,675876259,MX,,1979,CC0_1_0,1847.5
Artibeus aztecus,675832317,MX,,1971,CC0_1_0,745.5
Artibeus aztecus,675934492,MX,,1986,CC0_1_0,1759.5
Artibeus aztecus,675875320,MX,,1979,CC0_1_0,2377.5
Artibeus aztecus,675908146,HN,,1982,CC0_1_0,1238.5
Artibeus aztecus,1422086746,MX,,2003,CC_BY_4_0,1980.0
Artibeus aztecus,4169258005,MX,90.0,1973,CC_BY_4_0,1807.0
Artibeus aztecus,4169277017,MX,100.0,1982,CC_BY_4_0,2367.0
Artibeus aztecus,4169228930,MX,,1998,CC_BY_4_0,1026.5
Artibeus aztecus,4169264291,MX,100.0,1977,CC_BY_4_0,1546.5
Artibeus aztecus,4169151837,MX,70.0,1992,CC_BY_4_0,1202.0
Artibeus aztecus,4169251446,MX,100.0,1983,CC_BY_4_0,1980.0
Artibeus aztecus,4169242261,MX,80.0,2000,CC_BY_4_0,1482.0
Artibeus aztecus,4169230089,MX,90.0,1982,CC_BY_4_0,2207.0
Artibeus aztecus,1898049219,MX,,2009,CC_BY_4_0,729.0
Artibeus aztecus,1898049156,MX,,2009,CC_BY_4_0,2885.5
Artibeus aztecus,1898049167,GT,,2010,CC_BY_4_0,2683.0
Artibeus aztecus,1898048951,MX,100.0,1995,CC_BY_4_0,1937.5
Artibeus aztecus,1898048969,MX,100.0,1999,CC_BY_4_0,2128.0
Artibeus aztecus,5147224750,GT,100.0,2011,CC0_1_0,2474.0
Artibeus aztecus,1211821444,SV,,1993,CC_BY_4_0,2222.0
Artibeus aztecus,5146989806,GT,500.0,2011,CC0_1_0,1707.5
Artibeus aztecus,5147319994,GT,3000.0,1978,CC0_1_0,1679.5
Artibeus aztecus,1418241844,MX,80.0,1995,CC_BY_4_0,2673.0
Artibeus aztecus,1418243762,MX,90.0,1980,CC_BY_4_0,2094.5
Artibeus aztecus,1418250353,MX,90.0,1993,CC_BY_4_0,1320.0
Artibeus aztecus,1418245376,MX,100.0,2003,CC_BY_4_0,1931.0
Artibeus aztecus,1418248175,MX,90.0,1994,CC_BY_4_0,2060.5
Artibeus aztecus,1418245437,MX,90.0,1983,CC_BY_4_0,2159.0
Artibeus aztecus,1418246589,MX,90.0,1993,CC_BY_4_0,968.5
Artibeus aztecus,1418243404,MX,90.0,1983,CC_BY_4_0,1428.5
Artibeus aztecus,1418244167,MX,80.0,1992,CC_BY_4_0,1388.0
Artibeus aztecus,1418245981,MX,90.0,2008,CC_BY_4_0,853.5
Artibeus aztecus,1418241853,MX,90.0,1991,CC_BY_4_0,2379.0
Artibeus aztecus,1418242996,MX,80.0,1996,CC_BY_4_0,1334.0
Artibeus aztecus,1418247723,MX,90.0,1985,CC_BY_4_0,2301.0
Artibeus aztecus,1418250200,MX,80.0,1999,CC_BY_4_0,1079.0
Artibeus aztecus,1418243525,MX,80.0,1991,CC_BY_4_0,1424.0
Artibeus aztecus,1418246417,MX,90.0,1993,CC_BY_4_0,1961.0
Artibeus aztecus,1418246959,MX,90.0,1986,CC_BY_4_0,2506.5
Artibeus aztecus,1418250821,MX,80.0,1998,CC_BY_4_0,1748.0
Artibeus aztecus,1418242826,MX,90.0,1986,CC_BY_4_0,2441.0
Artibeus aztecus,1418243363,MX,90.0,1980,CC_BY_4_0,1638.5
Artibeus aztecus,1418246267,MX,80.0,1983,CC_BY_4_0,1962.5
Artibeus aztecus,1418247616,MX,90.0,1986,CC_BY_4_0,1811.5
Artibeus aztecus,1418249484,MX,80.0,1983,CC_BY_4_0,1245.0
Artibeus aztecus,1418250057,MX,80.0,1983,CC_BY_4_0,1748.0
Artibeus aztecus,1418250380,MX,70.0,1999,CC_BY_4_0,773.5
Artibeus aztecus,1418251277,MX,100.0,1983,CC_BY_4_0,2646.5
Artibeus aztecus,1418251440,MX,80.0,1995,CC_BY_4_0,1116.0
Artibeus aztecus,2013414638,MX,,1987,CC_BY_4_0,2276.0
Artibeus lituratus,1571716164,CO,544.0,2003,CC_BY_4_0,2292.0
Artibeus lituratus,1571716224,CO,544.0,2003,CC_BY_4_0,911.0
Artibeus lituratus,1571716268,CO,2072.0,2003,CC_BY_4_0,1836.5
Artibeus lituratus,1571716303,CO,505.0,2003,CC_BY_4_0,2146.0
Artibeus lituratus,1571716463,CO,1943.0,2002,CC_BY_4_0,301.5
Artibeus lituratus,1571716465,CO,4280.0,2002,CC_BY_4_0,1959.5
Artibeus lituratus,1571716517,CO,4547.0,2004,CC_BY_4_0,2174.0
Artibeus lituratus,1571716523,CO,505.0,2004,CC_BY_4_0,301.0
Artibeus lituratus,1571716557,CO,2083.0,2004,CC_BY_4_0,1212.5
Artibeus lituratus,1571716594,CO,2895.0,2005,CC_BY_4_0,614.5
Artibeus lituratus,1571716605,CO,544.0,2005,CC_BY_4_0,817.5
Artibeus lituratus,1571716674,CO,544.0,2005,CC_BY_4_0,349.5
Artibeus lituratus,1571716915,CO,544.0,2007,CC_BY_4_0,633.5
Artibeus lituratus,1571716919,CO,2764.0,2007,CC_BY_4_0,2008.0
Artibeus lituratus,1571716951,CO,505.0,2007,CC_BY_4_0,763.0
Artibeus lituratus,1571716963,CO,544.0,2007,CC_BY_4_0,256.0
Artibeus lituratus,1571717103,CO,544.0,2008,CC_BY_4_0,802.0
Artibeus lituratus,1571717124,CO,1203.0,2008,CC_BY_4_0,1656.0
Artibeus lituratus,1571717140,CO,138585.85,2010,CC_BY_4_0,137.0
Artibeus lituratus,1571717170,CO,505.0,2010,CC_BY_4_0,353.5
Artibeus lituratus,1571717276,CO,3145.0,2011,CC_BY_4_0,2149.0
Artibeus lituratus,1571717305,CO,544.0,2008,CC_BY_4_0,443.5
Artibeus lituratus,1571717395,CO,501.0,2012,CC_BY_4_0,277.5
Artibeus lituratus,1571717413,CO,505.0,2013,CC_BY_4_0,1034.0
Artibeus lituratus,1571717452,CO,505.0,2014,CC_BY_4_0,3.0
Artibeus lituratus,1571717466,CO,2162.0,2013,CC_BY_4_0,304.0
Artibeus lituratus,1571717762,CO,505.0,2014,CC_BY_4_0,251.5
Artibeus lituratus,1571717837,CO,505.0,2014,CC_BY_4_0,282.5
Artibeus lituratus,4022906670,EC,,2021,CC_BY_NC_4_0,933.5
Artibeus lituratus,4022906758,EC,,2019,CC_BY_NC_4_0,33.0
Artibeus lituratus,4022906781,EC,,2019,CC_BY_NC_4_0,314.0
Artibeus lituratus,4022906875,EC,,2021,CC_BY_NC_4_0,301.5
Artibeus lituratus,5082839817,EC,,2024,CC_BY_NC_4_0,829.5
Artibeus lituratus,5082839829,EC,,2024,CC_BY_NC_4_0,1107.0
Artibeus lituratus,1987238565,PY,,1978,CC_BY_NC_4_0,178.0
Artibeus lituratus,1987341867,BO,11653.0,1978,CC_BY_NC_4_0,922.5
Artibeus lituratus,1987341153,PY,13901.0,1977,CC_BY_NC_4_0,358.0
Artibeus lituratus,1987349178,PY,10537.0,1988,CC_BY_NC_4_0,82.5
Artibeus lituratus,1987325757,PY,11423.0,1977,CC_BY_NC_4_0,224.0
Artibeus lituratus,1987246264,PY,7178.0,1977,CC_BY_NC_4_0,76.0
Artibeus lituratus,1987327994,PY,13053.0,1979,CC_BY_NC_4_0,103.0
Artibeus lituratus,1987349125,BO,9715.0,1978,CC_BY_NC_4_0,264.5
Artibeus lituratus,1987243588,PE,8586.0,1984,CC_BY_NC_4_0,1023.0
Artibeus lituratus,1987234298,PY,,1978,CC_BY_NC_4_0,218.5
Artibeus lituratus,1987280731,PY,8670.0,1976,CC_BY_NC_4_0,65.0
Artibeus lituratus,1987318370,PY,24011.0,1976,CC_BY_NC_4_0,175.0
Artibeus lituratus,1987344641,BO,24787.0,1978,CC_BY_NC_4_0,240.5
Artibeus lituratus,1987270526,BO,14405.0,1979,CC_BY_NC_4_0,172.0
Artibeus lituratus,1987302857,PY,14490.0,1979,CC_BY_NC_4_0,137.5
Artibeus lituratus,5103753634,GY,,1995,CC_BY_NC_4_0,99.0
Artibeus lituratus,6244801317,MX,,1993,CC_BY_NC_4_0,0.0
Artibeus lituratus,2863950390,GT,301.0,1990,CC_BY_NC_4_0,316.0
Artibeus lituratus,3050510310,GT,3036.0,2013,CC_BY_NC_4_0,1257.5
Artibeus lituratus,1656006980,CO,1367.0,2007,CC_BY_NC_4_0,121.5
Artibeus lituratus,1656007152,CO,749.0,1992,CC_BY_NC_4_0,35.5
Artibeus lituratus,1656007157,CO,1984.0,2002,CC_BY_NC_4_0,185.0
Artibeus lituratus,1893358343,MX,90.0,1987,CC_BY_4_0,1226.0
Artibeus lituratus,1835169547,TT,,1985,CC_BY_4_0,194.5
Artibeus lituratus,1322636027,PE,,1992,CC0_1_0,207.0
Artibeus lituratus,1322016906,EC,,1977,CC0_1_0,283.0
Artibeus lituratus,1320823380,EC,,1974,CC0_1_0,130.5
Artibeus lituratus,1317924336,BO,,2000,CC0_1_0,467.5
Artibeus lituratus,1319986823,BO,,2001,CC0_1_0,224.5
Artibeus lituratus,1317558171,BR,,1973,CC0_1_0,307.0
Artibeus lituratus,1318179021,BO,,2000,CC0_1_0,180.5
Artibeus lituratus,1320963075,GY,,1993,CC0_1_0,7.0
Artibeus lituratus,1320849180,GY,,1993,CC0_1_0,150.5
Artibeus lituratus,1319761338,BO,,1992,CC0_1_0,162.0
Artibeus lituratus,1318801420,EC,,1974,CC0_1_0,13.0
Artibeus lituratus,1318259568,GY,,1983,CC0_1_0,16.0
Artibeus lituratus,1318066043,EC,,1974,CC0_1_0,197.0
Artibeus lituratus,1318626986,BZ,,1995,CC0_1_0,265.5
Artibeus lituratus,1317225220,BZ,,1995,CC0_1_0,99.0
Artibeus lituratus,1318057906,TT,,1981,CC0_1_0,190.0
Artibeus lituratus,1321708950,EC,,1975,CC0_1_0,13.0
Artibeus lituratus,1319206157,EC,,1990,CC0_1_0,258.0
Artibeus lituratus,1317567548,PA,,1979,CC0_1_0,1858.0
Artibeus lituratus,5101576002,MX,,2015,CC_BY_4_0,443.5
Artibeus lituratus,5101575695,MX,,2009,CC_BY_4_0,348.0
Artibeus lituratus,5101575960,MX,,2011,CC_BY_4_0,1058.5
Artibeus lituratus,5101576130,MX,,2011,CC_BY_4_0,1014.0
Artibeus lituratus,5101576146,MX,,2011,CC_BY_4_0,1021.0
Artibeus lituratus,1894240607,MX,70.0,1994,CC_BY_4_0,424.0
Artibeus lituratus,1894907409,MX,100.0,1977,CC_BY_4_0,207.0
Artibeus lituratus,1894910352,MX,100.0,1981,CC_BY_4_0,6.5
Artibeus lituratus,1894907449,MX,100.0,1984,CC_BY_4_0,719.0
Artibeus lituratus,1894505759,MX,90.0,2004,CC_BY_4_0,1254.5
Artibeus lituratus,5174719240,PY,,1996,CC_BY_NC_4_0,68.0
Artibeus lituratus,5174792238,PY,5000.0,1996,CC_BY_NC_4_0,190.0
Artibeus lituratus,5174826241,PY,1041.0,1996,CC_BY_NC_4_0,84.0
Artibeus lituratus,3042303185,MX,,1987,CC0_1_0,0.0
Artibeus lituratus,3042303390,MX,,1987,CC0_1_0,0.0
Artibeus lituratus,1039520242,SR,1851.0,2007,CC0_1_0,4.0
Artibeus lituratus,1039521714,SR,1851.0,2007,CC0_1_0,338.5
Artibeus lituratus,1883586525,CO,,2017,CC_BY_NC_4_0,98.0
Artibeus lituratus,5283683497,CO,,2019,CC_BY_4_0,1396.5
Artibeus lituratus,5283683635,CO,,2022,CC_BY_4_0,1428.0
Artibeus lituratus,2884006371,CO,,2004,CC_BY_NC_4_0,587.0
Artibeus lituratus,2884006550,CO,,2006,CC_BY_NC_4_0,728.0
Artibeus lituratus,2804497828,BZ,1500.0,1975,CC0_1_0,125.0
Artibeus lituratus,2804484326,MX,1000.0,2007,CC0_1_0,1453.5
Artibeus lituratus,2804496671,MX,3000.0,1989,CC0_1_0,115.5
Artibeus lituratus,2804497504,NI,,2016,CC0_1_0,380.0
Artibeus lituratus,2804494379,EC,500.0,2006,CC0_1_0,392.0
Artibeus lituratus,2804490948,MX,1500.0,1990,CC0_1_0,31.0
Artibeus lituratus,2804495527,MX,5000.0,1989,CC0_1_0,11.0
Artibeus lituratus,2804495776,MX,500.0,1990,CC0_1_0,65.0
Artibeus lituratus,2804496973,MX,5000.0,1984,CC0_1_0,73.0
Artibeus lituratus,2804497011,MX,3244.0,1990,CC0_1_0,4.0
Artibeus lituratus,2804499482,MX,10000.0,1984,CC0_1_0,92.0
Artibeus lituratus,2804499644,MX,5000.0,1987,CC0_1_0,109.5
Artibeus lituratus,1894826610,MX,90.0,1974,CC_BY_4_0,372.0
Artibeus lituratus,1894826590,MX,70.0,1970,CC_BY_4_0,91.0
Artibeus lituratus,2983329314,CO,,2017,CC_BY_NC_4_0,1356.0
Artibeus lituratus,2629084627,MX,,2009,CC_BY_4_0,1020.0
Artibeus lituratus,2629085694,MX,90.0,1986,CC_BY_4_0,1140.0
Artibeus lituratus,2629113865,MX,90.0,1973,CC_BY_4_0,1117.0
Artibeus lituratus,2629094537,MX,100.0,1979,CC_BY_4_0,25.0
Artibeus lituratus,2629116626,MX,90.0,1985,CC_BY_4_0,1629.5
Artibeus lituratus,2629089895,MX,90.0,1983,CC_BY_4_0,2.5
Artibeus lituratus,2629113202,MX,90.0,1979,CC_BY_4_0,1183.0
Artibeus lituratus,2629082551,MX,70.0,1996,CC_BY_4_0,321.5
Artibeus lituratus,2629090312,MX,80.0,1987,CC_BY_4_0,313.0
Artibeus lituratus,2629098941,MX,90.0,1978,CC_BY_4_0,67.0
Artibeus lituratus,2629103252,MX,,2007,CC_BY_4_0,367.5
Artibeus lituratus,2629114479,MX,80.0,1982,CC_BY_4_0,98.0
Artibeus lituratus,2629094334,MX,100.0,1973,CC_BY_4_0,582.0
Artibeus lituratus,2629094762,MX,90.0,1986,CC_BY_4_0,1068.0
Artibeus lituratus,2629097973,MX,100.0,1971,CC_BY_4_0,539.0
Artibeus lituratus,2629105013,MX,100.0,1998,CC_BY_4_0,254.0
Artibeus lituratus,2629105427,MX,80.0,1987,CC_BY_4_0,978.5
Artibeus lituratus,2629105566,MX,80.0,1986,CC_BY_4_0,1570.0
Artibeus lituratus,2629080962,MX,100.0,1973,CC_BY_4_0,637.5
Artibeus lituratus,2629081863,MX,90.0,1996,CC_BY_4_0,77.0
Artibeus lituratus,2629085481,MX,90.0,1991,CC_BY_4_0,1649.5
Artibeus lituratus,2629086743,MX,80.0,1990,CC_BY_4_0,1546.0
Artibeus lituratus,2629087971,MX,80.0,2010,CC_BY_4_0,10.0
Artibeus lituratus,2629114896,MX,100.0,1991,CC_BY_4_0,563.0
Artibeus lituratus,2629091409,MX,,1992,CC_BY_4_0,55.5
Artibeus lituratus,2629097723,MX,100.0,1972,CC_BY_4_0,530.0
Artibeus lituratus,2629098197,MX,,1974,CC_BY_4_0,257.0
Artibeus lituratus,2629098972,MX,90.0,1986,CC_BY_4_0,818.5
Artibeus lituratus,2629100729,MX,70.0,2002,CC_BY_4_0,5.0
Artibeus lituratus,2629101304,MX,80.0,1982,CC_BY_4_0,34.5
Artibeus lituratus,2629103030,MX,70.0,1973,CC_BY_4_0,5.0
Artibeus lituratus,2629107250,MX,80.0,1976,CC_BY_4_0,2168.5
Artibeus lituratus,2629110512,MX,90.0,1992,CC_BY_4_0,425.0
Artibeus lituratus,2629112063,MX,,1970,CC_BY_4_0,227.0
Artibeus lituratus,2629113027,MX,90.0,1985,CC_BY_4_0,2180.0
Artibeus lituratus,2629116041,MX,,2005,CC_BY_4_0,359.5
Artibeus lituratus,2629081108,MX,90.0,1980,CC_BY_4_0,29.0
Artibeus lituratus,2629081501,MX,90.0,1991,CC_BY_4_0,361.0
Artibeus lituratus,2629082841,MX,90.0,1999,CC_BY_4_0,1503.0
Artibeus lituratus,2629084257,MX,90.0,1985,CC_BY_4_0,2496.0
Artibeus lituratus,2629088787,MX,,1970,CC_BY_4_0,724.0
Artibeus lituratus,2629089105,MX,90.0,1986,CC_BY_4_0,1267.0
Artibeus lituratus,2629094099,MX,90.0,1986,CC_BY_4_0,2177.0
Artibeus lituratus,2629099854,MX,,2010,CC_BY_4_0,6.0
Artibeus lituratus,2629101143,MX,,1978,CC_BY_4_0,24.0
Artibeus lituratus,2629102899,MX,90.0,1979,CC_BY_4_0,633.5
Artibeus lituratus,2629103555,MX,80.0,1988,CC_BY_4_0,1332.0
Artibeus lituratus,2629104233,MX,,2006,CC_BY_4_0,696.5
Artibeus lituratus,2629110547,MX,100.0,1980,CC_BY_4_0,918.0
Artibeus lituratus,2629116065,MX,80.0,1990,CC_BY_4_0,1879.0
Artibeus lituratus,2629117024,MX,90.0,1988,CC_BY_4_0,1048.5
Artibeus lituratus,2629081397,MX,100.0,1993,CC_BY_4_0,89.5
Artibeus lituratus,2629082144,MX,80.0,1980,CC_BY_4_0,413.5
Artibeus lituratus,2629082911,MX,90.0,1985,CC_BY_4_0,1382.5
Artibeus lituratus,2629085430,MX,100.0,1991,CC_BY_4_0,150.5
Artibeus lituratus,2629086960,MX,90.0,1995,CC_BY_4_0,42.0
Artibeus lituratus,2629087673,MX,80.0,1988,CC_BY_4_0,1355.0
Artibeus lituratus,2629089576,MX,70.0,1989,CC_BY_4_0,8.0
Artibeus lituratus,2629090448,MX,80.0,1982,CC_BY_4_0,33.0
Artibeus lituratus,2629091385,MX,70.0,1989,CC_BY_4_0,4.0
Artibeus lituratus,2629092063,MX,100.0,1998,CC_BY_4_0,13.0
Artibeus lituratus,2629094039,MX,70.0,1989,CC_BY_4_0,3.0
Artibeus lituratus,2629094152,MX,70.0,1971,CC_BY_4_0,1798.5
Artibeus lituratus,2629095278,MX,90.0,1986,CC_BY_4_0,1366.0
Artibeus lituratus,2629095599,MX,80.0,1982,CC_BY_4_0,1479.0
Artibeus lituratus,2629095906,MX,90.0,1994,CC_BY_4_0,220.5
Artibeus lituratus,2629100800,MX,90.0,1976,CC_BY_4_0,11.0
Artibeus lituratus,2629101010,MX,80.0,1989,CC_BY_4_0,1756.5
Artibeus lituratus,2629102044,MX,90.0,1986,CC_BY_4_0,1246.5
Artibeus lituratus,2629102455,MX,70.0,1989,CC_BY_4_0,0.0
Artibeus lituratus,2629103681,MX,100.0,1976,CC_BY_4_0,0.0
Artibeus lituratus,2629104794,MX,100.0,1972,CC_BY_4_0,554.5
Artibeus lituratus,2629105155,MX,80.0,1982,CC_BY_4_0,309.5
Artibeus lituratus,2629108035,MX,90.0,1986,CC_BY_4_0,1347.0
Artibeus lituratus,2629108066,MX,90.0,1978,CC_BY_4_0,18.5
Artibeus lituratus,2629108078,MX,90.0,1976,CC_BY_4_0,1222.0
Artibeus lituratus,2629108188,MX,90.0,1994,CC_BY_4_0,6.5
Artibeus lituratus,2629110584,MX,,1999,CC_BY_4_0,59.5
Artibeus lituratus,2629110733,MX,80.0,1990,CC_BY_4_0,1541.0
Artibeus lituratus,2629111034,MX,90.0,1991,CC_BY_4_0,5.0
Artibeus lituratus,2629111784,MX,90.0,1978,CC_BY_4_0,1193.0
Artibeus lituratus,2629111876,MX,100.0,1991,CC_BY_4_0,981.0
Artibeus lituratus,2629112081,MX,70.0,2002,CC_BY_4_0,22.5
Artibeus lituratus,2629114182,MX,70.0,1989,CC_BY_4_0,8.0
Artibeus lituratus,2629114198,MX,90.0,1989,CC_BY_4_0,1742.0
Artibeus lituratus,2629117078,MX,90.0,1991,CC_BY_4_0,1729.0
Artibeus lituratus,1638731654,CO,,2015,CC_BY_NC_4_0,1118.0
Artibeus lituratus,1638731682,CO,,2015,CC_BY_NC_4_0,336.0
Artibeus lituratus,4168650394,MX,100.0,2001,CC_BY_4_0,1726.0
Artibeus lituratus,4168650698,MX,100.0,2003,CC_BY_4_0,758.0
Artibeus lituratus,4168650760,MX,100.0,2001,CC_BY_4_0,461.0
Artibeus lituratus,4168651138,MX,100.0,2001,CC_BY_4_0,1666.5
Artibeus lituratus,4168651183,MX,100.0,2000,CC_BY_4_0,1412.5
Artibeus lituratus,4168651052,MX,100.0,2003,CC_BY_4_0,1139.0
Artibeus lituratus,4168651291,MX,100.0,2001,CC_BY_4_0,1716.5
Artibeus lituratus,3013405400,BR,,1988,CC_BY_4_0,347.0
Artibeus lituratus,3013405663,BR,,2011,CC_BY_4_0,553.5
Artibeus lituratus,3013405714,BR,,1975,CC_BY_4_0,201.5
Artibeus lituratus,3013405805,BR,,2010,CC_BY_4_0,20.5
Artibeus lituratus,3013405877,BR,,1994,CC_BY_4_0,765.5
Artibeus lituratus,3013406195,BR,,1975,CC_BY_4_0,309.5
Artibeus lituratus,3013406546,BR,,1978,CC_BY_4_0,552.0
Artibeus lituratus,3013406989,BR,,1974,CC_BY_4_0,20.5
Artibeus lituratus,3013407105,BR,,1991,CC_BY_4_0,683.0
Artibeus lituratus,3013407114,BR,,1988,CC_BY_4_0,0.0
Artibeus lituratus,3013407201,BR,,1976,CC_BY_4_0,818.5
Artibeus lituratus,3013407242,BR,,1981,CC_BY_4_0,616.5
Artibeus lituratus,3013407290,BR,,1974,CC_BY_4_0,756.0
Artibeus lituratus,3013407298,BR,,1985,CC_BY_4_0,67.0
Artibeus lituratus,3013407545,BR,,1975,CC_BY_4_0,20.5
Artibeus lituratus,3013407596,BR,,1981,CC_BY_4_0,150.5
Artibeus lituratus,2824258352,BR,,2014,CC_BY_NC_4_0,56.0
Artibeus lituratus,2824258529,BR,,2014,CC_BY_NC_4_0,90.0
Artibeus lituratus,2824258547,BR,,2014,CC_BY_NC_4_0,7.0
Artibeus lituratus,1020746486,CO,600.0,1974,CC_BY_NC_4_0,132.0
Artibeus lituratus,1020746752,CO,26589.0,1977,CC_BY_NC_4_0,77.0
Artibeus lituratus,1020746779,CO,34310.0,1998,CC_BY_NC_4_0,113.0
Artibeus lituratus,1020746849,CO,1166.0,2004,CC_BY_NC_4_0,2060.5
Artibeus lituratus,1020746870,CO,600.0,2007,CC_BY_NC_4_0,974.0
Artibeus lituratus,1020747156,CO,30419.98,1996,CC_BY_NC_4_0,1695.5
Artibeus lituratus,1020747171,CO,600.0,2009,CC_BY_NC_4_0,1412.5
Artibeus lituratus,1700657858,PY,,2009,CC0_1_0,451.5
Artibeus lituratus,45853519,PE,,1972,CC0_1_0,833.5
Artibeus lituratus,45853892,PE,,1982,CC0_1_0,2595.0
Artibeus lituratus,45854091,BO,,1982,CC0_1_0,225.0
Artibeus lituratus,45853679,PE,,1977,CC0_1_0,415.5
Artibeus lituratus,45853880,PE,,1973,CC0_1_0,1077.0
Artibeus lituratus,859568679,CR,,1984,CC0_1_0,9.5
Artibeus lituratus,859568894,CR,,1988,CC0_1_0,83.0
Artibeus lituratus,45853813,PE,,1979,CC0_1_0,711.5
Artibeus lituratus,859568474,PE,,1984,CC0_1_0,79.5
Artibeus lituratus,45853495,TT,,1970,CC0_1_0,70.0
Artibeus lituratus,45853507,PE,,1971,CC0_1_0,160.0
Artibeus lituratus,45853894,PE,,1982,CC0_1_0,1266.0
Artibeus lituratus,1700657664,PY,,2009,CC0_1_0,256.0
Artibeus lituratus,1700657731,PY,,2009,CC0_1_0,260.5
Artibeus lituratus,1700657793,PY,,2009,CC0_1_0,252.0
Artibeus lituratus,1700657794,PY,,2009,CC0_1_0,205.0
Artibeus lituratus,1700657828,PY,,2009,CC0_1_0,221.0
Artibeus lituratus,1700657845,PY,,2009,CC0_1_0,185.0
Artibeus lituratus,1700657869,PY,,2009,CC0_1_0,291.0
Artibeus lituratus,1700657923,PY,,2009,CC0_1_0,224.0
Artibeus lituratus,1700658005,AR,,2009,CC0_1_0,273.0
Artibeus lituratus,1700658059,AR,,2009,CC0_1_0,299.0
Artibeus lituratus,45853632,PE,,1974,CC0_1_0,255.0
Artibeus lituratus,45853804,BO,,1981,CC0_1_0,589.0
Artibeus lituratus,45853824,PE,,1979,CC0_1_0,214.0
Artibeus lituratus,45853938,BO,,1981,CC0_1_0,133.0
Artibeus lituratus,45854085,BO,,1982,CC0_1_0,149.5
Artibeus lituratus,859568494,PE,,1984,CC0_1_0,144.0
Artibeus lituratus,859568509,PE,,1983,CC0_1_0,90.5
Artibeus lituratus,1977887907,CO,,1998,CC0_1_0,69.0
Artibeus lituratus,1977888096,CO,,2002,CC0_1_0,107.0
Artibeus lituratus,1977888154,CO,,2003,CC0_1_0,156.5
Artibeus lituratus,1977888391,CO,,2014,CC0_1_0,58.0
Artibeus lituratus,1977888496,CO,,2010,CC0_1_0,107.5
Artibeus lituratus,3068259651,CO,,1999,CC0_1_0,159.0
Artibeus lituratus,3068260092,CO,,2011,CC0_1_0,63.0
Artibeus lituratus,3068260128,CO,,2011,CC0_1_0,9.5
Artibeus lituratus,3068260239,CO,,2010,CC0_1_0,87.0
Artibeus lituratus,3068260265,CO,,2000,CC0_1_0,104.0
Artibeus lituratus,3897117318,CO,,2021,CC0_1_0,59.0
Artibeus lituratus,3897117322,CO,,2019,CC0_1_0,39.0
Artibeus lituratus,3897117333,CO,,2021,CC0_1_0,16.0
Artibeus lituratus,4421321392,CO,,2022,CC0_1_0,83.5
Artibeus lituratus,5061132320,CO,,2016,CC0_1_0,302.0
Artibeus lituratus,5061132357,CO,,2016,CC0_1_0,1766.5
Artibeus lituratus,1609371434,CO,,2013,CC0_1_0,2013.0
Artibeus lituratus,919142813,CO,3569.0,1998,CC0_1_0,2414.5
Artibeus lituratus,919144059,CO,1305.0,1985,CC0_1_0,96.0
Artibeus lituratus,919144089,CO,5281.0,1985,CC0_1_0,107.0
Artibeus lituratus,1078916988,CO,4352.0,1988,CC0_1_0,1020.0
Artibeus lituratus,1609371354,CO,500.0,2013,CC0_1_0,1264.5
Artibeus lituratus,919141146,CO,1061.0,2009,CC0_1_0,0.5
Artibeus lituratus,919142616,CO,1085.0,2012,CC0_1_0,1138.5
Artibeus lituratus,919142698,CO,1233.0,2011,CC0_1_0,1610.0
Artibeus lituratus,919142724,CO,1077.0,2012,CC0_1_0,959.5
Artibeus lituratus,919142755,CO,1186.0,2013,CC0_1_0,1390.5
Artibeus lituratus,919142829,CO,1002.0,2013,CC0_1_0,1339.0
Artibeus lituratus,919142944,CO,1058.0,2011,CC0_1_0,2.0
Artibeus lituratus,919143076,CO,1002.0,1987,CC0_1_0,926.5
Artibeus lituratus,919143874,CO,1360.0,2002,CC0_1_0,2085.5
Artibeus lituratus,919143964,CO,10652.0,1990,CC0_1_0,77.0
Artibeus lituratus,1897328985,MX,70.0,1975,CC_BY_4_0,1735.5
Artibeus lituratus,3901047564,MX,,2009,CC_BY_4_0,53.0
Artibeus lituratus,3901050975,MX,,2019,CC_BY_4_0,405.5
Artibeus lituratus,3901053270,MX,,2007,CC_BY_4_0,529.5
Artibeus lituratus,3901044634,MX,,2012,CC_BY_4_0,32.0
Artibeus lituratus,3901044643,MX,,2012,CC_BY_4_0,136.5
Artibeus lituratus,3901045694,MX,,2009,CC_BY_4_0,133.0
Artibeus lituratus,3901046284,MX,,2009,CC_BY_4_0,241.0
Artibeus lituratus,3901047548,MX,,2009,CC_BY_4_0,21.0
Artibeus lituratus,3901047658,MX,,2009,CC_BY_4_0,192.0
Artibeus lituratus,3901054887,MX,,2020,CC_BY_4_0,369.5
Artibeus lituratus,1893485088,MX,3688.0,1970,CC_BY_4_0,89.0
Artibeus lituratus,1893496325,MX,840.0,1975,CC_BY_4_0,1393.5
Artibeus lituratus,1893496332,MX,1555.02,1984,CC_BY_4_0,1367.5
Artibeus lituratus,1893496493,MX,379.02,1975,CC_BY_4_0,1377.5
Artibeus lituratus,1893496479,MX,15050.0,1977,CC_BY_4_0,228.0
Artibeus lituratus,1893496506,MX,3300.0,1975,CC_BY_4_0,122.5
Artibeus lituratus,1893496550,MX,512.02,1975,CC_BY_4_0,0.0
Artibeus lituratus,1893496277,MX,1390.02,1977,CC_BY_4_0,436.0
Artibeus lituratus,1893496322,MX,1650.02,1987,CC_BY_4_0,36.5
Artibeus lituratus,1893496348,MX,20300.0,1975,CC_BY_4_0,122.5
Artibeus lituratus,1893496645,MX,553.0,1970,CC_BY_4_0,1184.5
Artibeus lituratus,1893496349,MX,2501.02,1980,CC_BY_4_0,82.0
Artibeus lituratus,1893496477,MX,242.0,1978,CC_BY_4_0,560.0
Artibeus lituratus,1806450951,CO,1019.0,1991,CC_BY_NC_4_0,1671.5
Artibeus lituratus,1806451984,CO,426.6,1993,CC_BY_NC_4_0,140.0
Artibeus lituratus,4100391365,CO,,2021,CC_BY_NC_4_0,119.5
Artibeus lituratus,1315036017,CO,1893.0,1977,CC_BY_NC_4_0,1555.0
Artibeus lituratus,1315035776,CO,1000.0,2001,CC_BY_NC_4_0,357.0
Artibeus lituratus,1315035794,CO,3000.0,1989,CC_BY_NC_4_0,653.0
Artibeus lituratus,1315035840,CO,1839.0,1978,CC_BY_NC_4_0,17.0
Artibeus lituratus,1315035843,CO,440.0,2001,CC_BY_NC_4_0,805.0
Artibeus lituratus,1315035886,CO,882.0,1981,CC_BY_NC_4_0,1732.0
Artibeus lituratus,1315035946,CO,1900.0,1974,CC_BY_NC_4_0,10.0
Artibeus lituratus,1315035825,CO,350.0,1980,CC_BY_NC_4_0,2024.0
Artibeus lituratus,1315035874,CO,230.0,2003,CC_BY_NC_4_0,1399.5
Artibeus lituratus,1315035881,CO,242.0,1978,CC_BY_NC_4_0,3.0
Artibeus lituratus,1315035932,CO,463.0,1984,CC_BY_NC_4_0,1335.0
Artibeus lituratus,1315035942,CO,500.0,1983,CC_BY_NC_4_0,239.0
Artibeus lituratus,1315035943,CO,2061.0,1983,CC_BY_NC_4_0,182.5
Artibeus lituratus,1315035956,CO,4500.0,1980,CC_BY_NC_4_0,324.0
Artibeus lituratus,1315035979,CO,850.0,1987,CC_BY_NC_4_0,1052.5
Artibeus lituratus,1315035995,CO,1500.0,1978,CC_BY_NC_4_0,1853.0
Artibeus lituratus,1806449716,CO,3410.0,1988,CC_BY_NC_4_0,484.5
Artibeus lituratus,1806450611,CO,2480.0,1987,CC_BY_NC_4_0,468.0
Artibeus lituratus,1806450658,CO,3656.0,1988,CC_BY_NC_4_0,458.0
Artibeus lituratus,1806450671,CO,115852.0,1987,CC_BY_NC_4_0,286.5
Artibeus lituratus,1806451378,CO,511.0,1992,CC_BY_NC_4_0,1174.5
Artibeus lituratus,1806451653,CO,1000.0,1993,CC_BY_NC_4_0,996.5
Artibeus lituratus,1806452005,CO,3000.0,1991,CC_BY_NC_4_0,1092.0
Artibeus lituratus,1806452346,CO,1800.0,1994,CC_BY_NC_4_0,573.5
Artibeus lituratus,1806452491,CO,18682.0,1993,CC_BY_NC_4_0,755.5
Artibeus lituratus,1806452848,CO,712.6,1995,CC_BY_NC_4_0,696.0
Artibeus lituratus,1806452907,CO,,1995,CC_BY_NC_4_0,112.5
Artibeus lituratus,1806453015,CO,1001.6,1995,CC_BY_NC_4_0,82.0
Artibeus lituratus,1806453144,CO,3772.0,1984,CC_BY_NC_4_0,213.5
Artibeus lituratus,1806453281,CO,4145.0,1985,CC_BY_NC_4_0,78.0
Artibeus lituratus,1806453362,CO,2936.0,1995,CC_BY_NC_4_0,800.0
Artibeus lituratus,1806453866,CO,350.0,1997,CC_BY_NC_4_0,264.0
Artibeus lituratus,382059636,AR,,1978,CC_BY_4_0,115.5
Artibeus lituratus,382059842,AR,,1994,CC_BY_4_0,96.5
Artibeus lituratus,382059598,AR,,1978,CC_BY_4_0,529.5
Artibeus lituratus,382059843,AR,,1993,CC_BY_4_0,122.0
Artibeus lituratus,382059478,AR,,1975,CC_BY_4_0,116.0
Artibeus lituratus,382059599,AR,,1978,CC_BY_4_0,486.0
Artibeus lituratus,382059847,AR,,1991,CC_BY_4_0,131.0
Artibeus lituratus,4979157005,CO,,2011,CC_BY_NC_4_0,0.0
Artibeus lituratus,4979157019,CO,,2011,CC_BY_NC_4_0,414.0
Artibeus lituratus,4979125654,CO,,1979,CC_BY_NC_4_0,615.0
Artibeus lituratus,4979111208,CO,,2014,CC_BY_NC_4_0,1207.5
Artibeus lituratus,4979125638,CO,,1979,CC_BY_NC_4_0,11.5
Artibeus lituratus,4979156986,CO,,2011,CC_BY_NC_4_0,4.5
Artibeus lituratus,1821670655,BR,,2002,CC_BY_NC_4_0,823.0
Artibeus lituratus,1821670702,BR,,2008,CC_BY_NC_4_0,156.5
Artibeus lituratus,3008955376,CO,,2018,CC_BY_4_0,246.5
Artibeus lituratus,3008955635,CO,,2004,CC_BY_4_0,1077.0
Artibeus lituratus,3008955702,CO,,2004,CC_BY_4_0,1038.5
Artibeus lituratus,3008955934,CO,,2017,CC_BY_4_0,179.5
Artibeus lituratus,3008956161,CO,,2018,CC_BY_4_0,530.0
Artibeus lituratus,3008956217,CO,,2018,CC_BY_4_0,423.5
Artibeus lituratus,3008956321,CO,,2003,CC_BY_4_0,268.5
Artibeus lituratus,3008956468,CO,,2018,CC_BY_4_0,238.0
Artibeus lituratus,3008956553,CO,,2003,CC_BY_4_0,244.0
Artibeus lituratus,1896006341,MX,90.0,2000,CC_BY_4_0,38.5
Artibeus lituratus,665717393,VE,,1974,CC0_1_0,1055.5
Artibeus lituratus,665904494,PE,,1973,CC0_1_0,1637.5
Artibeus lituratus,665863413,CO,,1970,CC0_1_0,963.5
Artibeus lituratus,665883701,BZ,0.28,1975,CC0_1_0,301.5
Artibeus lituratus,665755533,BZ,1.08,1977,CC0_1_0,29.0
Artibeus lituratus,665873245,CO,,1971,CC0_1_0,971.5
Artibeus lituratus,665742604,BZ,1.32,1974,CC0_1_0,7.0
Artibeus lituratus,665876319,CO,,1971,CC0_1_0,620.5
Artibeus lituratus,665903115,BZ,0.92,1978,CC0_1_0,589.0
Artibeus lituratus,1883746705,PE,,2013,CC0_1_0,271.5
Artibeus lituratus,1805727972,BR,,1993,CC0_1_0,867.5
Artibeus lituratus,665865286,EC,3.43,1983,CC0_1_0,305.0
Artibeus lituratus,1883745072,PE,,2013,CC0_1_0,564.5
Artibeus lituratus,1805727806,EC,,2011,CC0_1_0,1413.5
Artibeus lituratus,665888934,BZ,1.15,1974,CC0_1_0,152.0
Artibeus lituratus,665741739,PE,,1974,CC0_1_0,709.5
Artibeus lituratus,665823170,CO,2.62,1976,CC0_1_0,388.0
Artibeus lituratus,665925432,PE,,1985,CC0_1_0,603.5
Artibeus lituratus,1805743144,PE,,2007,CC0_1_0,1062.0
Artibeus lituratus,665755233,MX,4.42,1975,CC0_1_0,1426.5
Artibeus lituratus,665862132,EC,7.06,1983,CC0_1_0,328.0
Artibeus lituratus,665916130,PE,,2001,CC0_1_0,1121.0
Artibeus lituratus,1805743296,PE,,2007,CC0_1_0,1034.5
Artibeus lituratus,665887972,PA,36.1,1985,CC0_1_0,431.5
Artibeus lituratus,665744711,CO,0.5,1970,CC0_1_0,2051.5
Artibeus lituratus,665903099,CR,5.35,1974,CC0_1_0,5.0
Artibeus lituratus,665876949,BR,,1989,CC0_1_0,592.5
Artibeus lituratus,665890660,BZ,1.42,1977,CC0_1_0,22.0
Artibeus lituratus,665889505,BZ,0.92,1976,CC0_1_0,35.0
Artibeus lituratus,665892151,EC,15.96,1971,CC0_1_0,238.5
Artibeus lituratus,665877813,BZ,6.8,1974,CC0_1_0,775.0
Artibeus lituratus,665903247,EC,,1983,CC0_1_0,226.0
Artibeus lituratus,665717364,PE,,1987,CC0_1_0,1213.0
Artibeus lituratus,665755433,PE,,1985,CC0_1_0,1869.0
Artibeus lituratus,665885710,PE,,1980,CC0_1_0,119.5
Artibeus lituratus,665906316,EC,,1983,CC0_1_0,268.0
Artibeus lituratus,665899390,BZ,0.92,1975,CC0_1_0,30.0
Artibeus lituratus,665903926,CO,,1971,CC0_1_0,320.0
Artibeus lituratus,665888087,CO,,1971,CC0_1_0,552.0
Artibeus lituratus,665822641,BZ,0.92,1976,CC0_1_0,60.0
Artibeus lituratus,665885339,BR,,1977,CC0_1_0,20.0
Artibeus lituratus,665731279,PE,,1985,CC0_1_0,900.0
Artibeus lituratus,665751891,EC,20.26,1983,CC0_1_0,197.0
Artibeus lituratus,665754649,BZ,2.35,1973,CC0_1_0,51.0
Artibeus lituratus,1805743120,PE,,2007,CC0_1_0,815.5
Artibeus lituratus,3890565989,CO,,2022,CC_BY_NC_4_0,807.5
Artibeus lituratus,3890566134,CO,,2021,CC_BY_NC_4_0,1343.0
Artibeus lituratus,3890564661,CO,,2019,CC_BY_NC_4_0,2083.5
Artibeus lituratus,3890565640,CO,,2016,CC_BY_NC_4_0,342.5
Artibeus lituratus,1895601041,MX,70.0,1972,CC_BY_4_0,634.0
Artibeus lituratus,2422214051,CO,,2004,CC_BY_NC_4_0,1750.0
Artibeus lituratus,2422214063,CO,,2004,CC_BY_NC_4_0,1211.0
Artibeus lituratus,2422214447,CO,,2012,CC_BY_NC_4_0,1047.5
Artibeus lituratus,3710473790,CO,,2019,CC_BY_NC_4_0,801.5
Artibeus lituratus,3710474483,CO,,2019,CC_BY_NC_4_0,126.0
Artibeus lituratus,3710474887,CO,,2019,CC_BY_NC_4_0,358.5
Artibeus lituratus,5904951422,CO,,2025,CC_BY_NC_4_0,395.5
Artibeus lituratus,2422214038,CO,,2004,CC_BY_NC_4_0,1401.0
Artibeus lituratus,2422214187,CO,,2012,CC_BY_NC_4_0,1151.0
Artibeus lituratus,2422215116,CO,,2014,CC_BY_NC_4_0,514.5
Artibeus lituratus,3710474455,CO,,2019,CC_BY_NC_4_0,1912.5
Artibeus lituratus,5904950540,CO,,2022,CC_BY_NC_4_0,176.5
Artibeus lituratus,5904951276,CO,,2022,CC_BY_NC_4_0,819.5
Artibeus lituratus,2422214119,CO,,2004,CC_BY_NC_4_0,1773.0
Artibeus lituratus,2422214895,CO,,2015,CC_BY_NC_4_0,781.0
Artibeus lituratus,2422215014,CO,,2018,CC_BY_NC_4_0,1592.0
Artibeus lituratus,2422215303,CO,,2017,CC_BY_NC_4_0,1810.5
Artibeus lituratus,5904951067,CO,,2023,CC_BY_NC_4_0,1284.5
Artibeus lituratus,5904951191,CO,,2022,CC_BY_NC_4_0,336.0
Artibeus lituratus,5904951459,CO,,2025,CC_BY_NC_4_0,1379.5
Artibeus lituratus,1609370990,CO,,2001,CC_BY_NC_4_0,636.0
Artibeus lituratus,1609371200,CO,,2002,CC_BY_NC_4_0,1303.0
Artibeus lituratus,2422214154,CO,,2003,CC_BY_NC_4_0,1727.5
Artibeus lituratus,3710474453,CO,,2019,CC_BY_NC_4_0,2185.5
Artibeus lituratus,3710474968,CO,,2019,CC_BY_NC_4_0,988.5
Artibeus lituratus,3710474983,CO,,2019,CC_BY_NC_4_0,631.0
Artibeus lituratus,5904950940,CO,,2022,CC_BY_NC_4_0,478.5
Artibeus lituratus,5904951312,CO,,2022,CC_BY_NC_4_0,1002.0
Artibeus lituratus,5904951739,CO,,2023,CC_BY_NC_4_0,204.0
Artibeus lituratus,5904951750,CO,,2022,CC_BY_NC_4_0,2118.0
Artibeus lituratus,3821076362,CO,,2019,CC_BY_NC_4_0,657.0
Artibeus lituratus,3821076408,CO,,2017,CC_BY_NC_4_0,88.5
Artibeus lituratus,3821076523,CO,,2020,CC_BY_NC_4_0,180.0
Artibeus lituratus,1417799547,MX,100.0,1993,CC_BY_4_0,1669.5
Artibeus lituratus,1417813714,MX,100.0,1985,CC_BY_4_0,1905.0
Artibeus lituratus,1417813551,MX,70.0,1992,CC_BY_4_0,779.5
Artibeus lituratus,1417795468,MX,80.0,1977,CC_BY_4_0,4.0
Artibeus lituratus,1417796866,MX,80.0,1984,CC_BY_4_0,20.5
Artibeus lituratus,1417807791,MX,100.0,1981,CC_BY_4_0,21.0
Artibeus lituratus,1417800955,MX,90.0,1988,CC_BY_4_0,44.0
Artibeus lituratus,1417796762,MX,90.0,1984,CC_BY_4_0,7.0
Artibeus lituratus,1417806227,MX,100.0,1990,CC_BY_4_0,2095.5
Artibeus lituratus,1417788905,MX,80.0,1993,CC_BY_4_0,1897.0
Artibeus lituratus,1417798251,MX,90.0,1984,CC_BY_4_0,1836.0
Artibeus lituratus,1417799040,MX,,1996,CC_BY_4_0,1474.5
Artibeus lituratus,1417799470,MX,90.0,1977,CC_BY_4_0,897.0
Artibeus lituratus,1417800255,MX,,1979,CC_BY_4_0,26.5
Artibeus lituratus,1417811639,MX,70.0,1984,CC_BY_4_0,27.0
Artibeus lituratus,1417811918,MX,100.0,1982,CC_BY_4_0,17.5
Artibeus lituratus,3350006536,GT,,1991,CC_BY_4_0,670.0
Artibeus lituratus,3351293166,PA,,2012,CC_BY_4_0,114.0
Artibeus lituratus,3351288027,PA,,2012,CC_BY_4_0,1103.5
Artibeus lituratus,3348752799,PA,,2013,CC_BY_4_0,72.5
Artibeus lituratus,3350077559,GT,,1992,CC_BY_4_0,1688.0
Artibeus lituratus,3349970525,CR,,1997,CC_BY_4_0,16.0
Artibeus lituratus,3350001520,EC,,1995,CC_BY_4_0,308.0
Artibeus lituratus,3349994699,GY,,1996,CC_BY_4_0,250.0
Artibeus lituratus,3350086509,GY,,2001,CC_BY_4_0,116.0
Artibeus lituratus,3351291037,PA,,2013,CC_BY_4_0,3.0
Artibeus lituratus,3350000428,GT,,1991,CC_BY_4_0,59.5
Artibeus lituratus,3349950452,GY,,2000,CC_BY_4_0,21.5
Artibeus lituratus,3350086516,GY,,2007,CC_BY_4_0,177.5
Artibeus lituratus,3350067711,GY,,1994,CC_BY_4_0,100.5
Artibeus lituratus,3346872512,GY,,1997,CC_BY_4_0,632.5
Artibeus lituratus,3346826588,GY,,1995,CC_BY_4_0,88.0
Artibeus lituratus,3349735255,SR,,2006,CC_BY_4_0,248.5
Artibeus lituratus,3350060505,MX,,1989,CC_BY_4_0,145.5
Artibeus lituratus,3346846530,GY,,1994,CC_BY_4_0,144.0
Artibeus lituratus,3346837409,GY,,2002,CC_BY_4_0,27.0
Artibeus lituratus,3350006529,BR,,1998,CC_BY_4_0,681.0
Artibeus lituratus,3349970610,GY,,1995,CC_BY_4_0,66.5
Artibeus lituratus,3346874679,GY,,2001,CC_BY_4_0,78.0
Artibeus lituratus,3350074661,GY,,2007,CC_BY_4_0,113.0
Artibeus lituratus,3346819379,SR,,2005,CC_BY_4_0,189.5
Artibeus lituratus,3346889560,EC,,1996,CC_BY_4_0,305.0
Artibeus lituratus,3346889595,GY,,1997,CC_BY_4_0,443.0
Artibeus lituratus,3346873745,GY,,1997,CC_BY_4_0,84.0
Artibeus lituratus,3346846526,GY,,2001,CC_BY_4_0,113.5
Artibeus lituratus,3349786289,SR,,2006,CC_BY_4_0,109.5
Artibeus lituratus,3436805859,VE,,1971,CC_BY_4_0,2011.0
Artibeus lituratus,865715799,EC,10000.0,1982,CC_BY_4_0,735.5
Artibeus lituratus,865716017,PY,1000.0,1985,CC_BY_4_0,80.5
Artibeus lituratus,865716097,PY,10000.0,1983,CC_BY_4_0,249.0
Artibeus lituratus,865716106,PY,10000.0,1983,CC_BY_4_0,79.0
Artibeus lituratus,865716127,PY,1000.0,1982,CC_BY_4_0,60.0
Artibeus lituratus,865715816,BO,10000.0,1993,CC_BY_4_0,241.0
Artibeus lituratus,865715827,PY,1000.0,1989,CC_BY_4_0,214.5
Artibeus lituratus,865715957,PY,10000.0,1981,CC_BY_4_0,140.0
Artibeus lituratus,865716098,PY,1000.0,1985,CC_BY_4_0,134.5
Artibeus lituratus,865716103,PY,1000.0,1983,CC_BY_4_0,133.0
Artibeus lituratus,865716107,PY,1000.0,1983,CC_BY_4_0,146.5
Artibeus lituratus,865716206,PE,1000.0,1982,CC_BY_4_0,224.0
Artibeus lituratus,1142102348,NI,1000.0,1983,CC_BY_4_0,42.5
Artibeus lituratus,865714225,PY,10000.0,1981,CC_BY_4_0,194.0
Artibeus lituratus,865714263,CO,10000.0,1982,CC_BY_4_0,236.5
Artibeus lituratus,865714314,CO,1000.0,1970,CC_BY_4_0,22.0
Artibeus lituratus,865714402,AR,10000.0,1978,CC_BY_4_0,218.5
Artibeus lituratus,865715836,PY,1000.0,1989,CC_BY_4_0,116.0
Artibeus lituratus,865715966,BR,10000.0,1985,CC_BY_4_0,56.5
Artibeus lituratus,865716018,PY,10000.0,1985,CC_BY_4_0,110.5
Artibeus lituratus,865716090,PY,1000.0,1985,CC_BY_4_0,114.0
Artibeus lituratus,865716095,PY,10000.0,1985,CC_BY_4_0,144.0
Artibeus lituratus,865716104,PY,1000.0,1983,CC_BY_4_0,215.0
Artibeus lituratus,865716194,PE,1000.0,1980,CC_BY_4_0,104.5
Artibeus lituratus,865716892,PY,1000.0,1979,CC_BY_4_0,209.0
Artibeus lituratus,865716898,PY,1000.0,1979,CC_BY_4_0,254.5
Artibeus lituratus,865714226,PY,10000.0,1978,CC_BY_4_0,218.0
Artibeus lituratus,865714229,PY,10000.0,1980,CC_BY_4_0,268.0
Artibeus lituratus,865714268,BR,10000.0,1973,CC_BY_4_0,853.0
Artibeus lituratus,865714329,CO,10000.0,1970,CC_BY_4_0,1092.5
Artibeus lituratus,865714396,BR,10000.0,1973,CC_BY_4_0,290.0
Artibeus lituratus,865715753,PY,10000.0,1987,CC_BY_4_0,232.5
Artibeus lituratus,865715770,BZ,10000.0,1997,CC_BY_4_0,17.0
Artibeus lituratus,865715834,BO,10000.0,1993,CC_BY_4_0,315.0
Artibeus lituratus,865715973,PY,10000.0,1986,CC_BY_4_0,225.5
Artibeus lituratus,865715984,PY,10000.0,1981,CC_BY_4_0,224.5
Artibeus lituratus,865716035,PY,1000.0,1985,CC_BY_4_0,120.0
Artibeus lituratus,865716056,PY,1000.0,1985,CC_BY_4_0,267.0
Artibeus lituratus,865716075,PY,1000.0,1985,CC_BY_4_0,283.5
Artibeus lituratus,865716087,PY,1000.0,1985,CC_BY_4_0,135.0
Artibeus lituratus,865716101,PY,1000.0,1983,CC_BY_4_0,167.0
Artibeus lituratus,865716105,PY,1000.0,1983,CC_BY_4_0,123.0
Artibeus lituratus,865716124,PY,10000.0,1982,CC_BY_4_0,326.5
Artibeus lituratus,865716125,PY,1000.0,1982,CC_BY_4_0,132.0
Artibeus lituratus,865716207,PE,1000.0,1980,CC_BY_4_0,113.5
Artibeus lituratus,865716896,PY,10000.0,1979,CC_BY_4_0,289.0
Artibeus lituratus,865716899,PY,1000.0,1979,CC_BY_4_0,234.5
Artibeus lituratus,2266112055,BZ,2.0,1983,CC0_1_0,34.5
Artibeus lituratus,2266111569,CR,4.0,1974,CC0_1_0,23.5
Artibeus lituratus,6120810222,BR,,2003,CC_BY_4_0,1212.5
Artibeus lituratus,6120812983,BR,,1990,CC_BY_4_0,798.0
Artibeus lituratus,6120823424,BR,,2006,CC_BY_4_0,289.5
Artibeus lituratus,6120823839,BR,,1998,CC_BY_4_0,0.0
Artibeus lituratus,6120802918,BR,,2002,CC_BY_4_0,733.0
Artibeus lituratus,6120825639,BR,,1986,CC_BY_4_0,125.0
Artibeus lituratus,1418524383,MX,,1978,CC_BY_4_0,1154.0
Artibeus lituratus,1418526381,MX,,1986,CC_BY_4_0,1099.5
Artibeus lituratus,1418531107,MX,,1982,CC_BY_4_0,1747.5
Artibeus lituratus,1418526370,MX,,1987,CC_BY_4_0,830.5
Artibeus lituratus,1418531151,MX,,1981,CC_BY_4_0,2253.0
Artibeus lituratus,1418528423,MX,,1991,CC_BY_4_0,443.0
Artibeus lituratus,1418520898,MX,,1982,CC_BY_4_0,550.0
Artibeus lituratus,1418521983,MX,,1979,CC_BY_4_0,2250.0
Artibeus lituratus,1418526514,MX,,1994,CC_BY_4_0,1680.0
Artibeus lituratus,1418524499,MX,,1982,CC_BY_4_0,386.5
Artibeus lituratus,1418525475,MX,,1982,CC_BY_4_0,2191.5
Artibeus lituratus,1418532900,MX,,1989,CC_BY_4_0,1989.0
Artibeus lituratus,1418523001,MX,,1985,CC_BY_4_0,327.5
Artibeus lituratus,1418525359,MX,,1984,CC_BY_4_0,1136.0
Artibeus lituratus,1418526581,MX,,1989,CC_BY_4_0,643.0
Artibeus lituratus,1418531746,MX,,1977,CC_BY_4_0,1830.0
Artibeus lituratus,1418521068,MX,,1978,CC_BY_4_0,190.0
Artibeus lituratus,1418522411,MX,,1993,CC_BY_4_0,1491.0
Artibeus lituratus,1418523957,MX,,1985,CC_BY_4_0,1701.0
Artibeus lituratus,1418525067,MX,,1989,CC_BY_4_0,3.0
Artibeus lituratus,1418525622,MX,,1994,CC_BY_4_0,191.5
Artibeus lituratus,1418529519,MX,,1989,CC_BY_4_0,902.0
Artibeus lituratus,1418519998,MX,,1982,CC_BY_4_0,1922.5
Artibeus lituratus,1418520615,MX,,1981,CC_BY_4_0,2326.0
Artibeus lituratus,1418521352,MX,,1983,CC_BY_4_0,731.5
Artibeus lituratus,1418521553,MX,,1983,CC_BY_4_0,1397.5
Artibeus lituratus,1418522354,MX,,1982,CC_BY_4_0,1186.0
Artibeus lituratus,1418526272,MX,,1988,CC_BY_4_0,1304.5
Artibeus lituratus,1418526841,MX,,1988,CC_BY_4_0,1404.0
Artibeus lituratus,1418527716,MX,,1981,CC_BY_4_0,1130.5
Artibeus lituratus,1418527968,MX,,1990,CC_BY_4_0,6.0
Artibeus lituratus,1418528122,MX,,1981,CC_BY_4_0,1309.5
Artibeus lituratus,1418529220,MX,,1990,CC_BY_4_0,919.5
Artibeus lituratus,1418529613,MX,,1977,CC_BY_4_0,1212.0
Artibeus lituratus,1418530102,MX,,1979,CC_BY_4_0,344.5
Artibeus lituratus,1418530709,MX,,1993,CC_BY_4_0,1585.0
Artibeus lituratus,1418532698,MX,,1987,CC_BY_4_0,1511.0
Artibeus lituratus,1418532880,MX,,1981,CC_BY_4_0,1098.5
Artibeus lituratus,1418533806,MX,,1982,CC_BY_4_0,1018.5
Artibeus lituratus,1274799558,CO,,2009,CC_BY_NC_4_0,35.0
Artibeus lituratus,1893581166,MX,100.0,1999,CC_BY_4_0,1621.0
Artibeus lituratus,1893581261,MX,100.0,1998,CC_BY_4_0,909.0
Artibeus lituratus,1893581395,MX,100.0,1999,CC_BY_4_0,279.0
Artibeus lituratus,1893581188,MX,100.0,1999,CC_BY_4_0,654.5
Artibeus lituratus,1893581196,MX,100.0,1995,CC_BY_4_0,1516.5
Artibeus lituratus,1893577861,MX,100.0,1995,CC_BY_4_0,1509.5
Artibeus lituratus,1893577958,MX,100.0,1995,CC_BY_4_0,962.5
Artibeus lituratus,1893581232,MX,90.0,1985,CC_BY_4_0,632.5
Artibeus lituratus,5898728181,GT,,2009,CC_BY_NC_4_0,1024.5
Artibeus lituratus,5898728183,GT,,2008,CC_BY_NC_4_0,1860.0
Artibeus lituratus,5898728194,GT,,2008,CC_BY_NC_4_0,1031.0
Artibeus lituratus,5898728214,GT,,2007,CC_BY_NC_4_0,2413.5
Artibeus lituratus,5898728251,GT,,2009,CC_BY_NC_4_0,926.0
Artibeus lituratus,5898728317,GT,,2006,CC_BY_NC_4_0,355.0
Artibeus lituratus,5898728573,GT,,2008,CC_BY_NC_4_0,57.0
Artibeus lituratus,5898728685,GT,,2007,CC_BY_NC_4_0,12.0
Artibeus lituratus,5898728694,GT,,2007,CC_BY_NC_4_0,789.0
Artibeus lituratus,4026661812,CO,,2014,CC_BY_NC_4_0,1269.5
Artibeus lituratus,4026663104,CO,,2015,CC_BY_NC_4_0,296.0
Artibeus lituratus,4026669426,CO,,2003,CC_BY_NC_4_0,104.0
Artibeus lituratus,4026657708,CO,,2013,CC_BY_NC_4_0,822.0
Artibeus lituratus,4026686697,CO,,2021,CC_BY_NC_4_0,1820.5
Artibeus lituratus,4026689139,CO,,2021,CC_BY_NC_4_0,69.0
Artibeus lituratus,4026655052,CO,,2018,CC_BY_NC_4_0,127.0
Artibeus lituratus,4026669443,CO,,2002,CC_BY_NC_4_0,87.5
Artibeus lituratus,4026677322,CO,,2021,CC_BY_NC_4_0,524.0
Artibeus lituratus,4026684188,CO,,2015,CC_BY_NC_4_0,342.0
Artibeus lituratus,4026685136,CO,,2021,CC_BY_NC_4_0,468.5
Artibeus lituratus,4026665087,CO,,2021,CC_BY_NC_4_0,361.0
Artibeus lituratus,4026679131,CO,,2015,CC_BY_NC_4_0,887.0
Artibeus lituratus,4026686773,CO,,2021,CC_BY_NC_4_0,73.5
Artibeus lituratus,4026686887,CO,,2021,CC_BY_NC_4_0,84.5
Artibeus lituratus,4026687494,CO,,2021,CC_BY_NC_4_0,104.0
Artibeus lituratus,4026688842,CO,,2021,CC_BY_NC_4_0,197.0
Artibeus lituratus,4026689119,CO,,2021,CC_BY_NC_4_0,62.0
Artibeus lituratus,1676065428,CO,,2014,CC0_1_0,1584.0
Artibeus lituratus,1676065462,CO,,2016,CC0_1_0,556.5
Artibeus lituratus,1676065581,CO,,2016,CC0_1_0,1200.0
Artibeus lituratus,5886776661,BR,,2005,CC_BY_NC_4_0,112.0
Artibeus lituratus,5886777231,BR,,2010,CC_BY_NC_4_0,31.5
Artibeus lituratus,5886779697,BR,,2006,CC_BY_NC_4_0,393.0
Artibeus lituratus,5886779895,BR,,2006,CC_BY_NC_4_0,166.5
Artibeus lituratus,5886784950,BR,,2003,CC_BY_NC_4_0,241.0
Artibeus lituratus,5886784965,BR,,2003,CC_BY_NC_4_0,1653.5
Artibeus lituratus,5886785209,BR,,2008,CC_BY_NC_4_0,97.0
Artibeus lituratus,5886786559,BR,,2007,CC_BY_NC_4_0,4.0
Artibeus lituratus,5886786561,BR,,2004,CC_BY_NC_4_0,256.0
Artibeus lituratus,5886786612,BR,,2009,CC_BY_NC_4_0,376.0
Artibeus lituratus,5886786626,BR,,2010,CC_BY_NC_4_0,28.0
Artibeus lituratus,5886786891,BR,,2007,CC_BY_NC_4_0,165.5
Artibeus lituratus,5886786895,BR,,2004,CC_BY_NC_4_0,346.5
Artibeus lituratus,5886786925,BR,,2006,CC_BY_NC_4_0,1.0
Artibeus lituratus,5886786926,BR,,2006,CC_BY_NC_4_0,17.0
Artibeus lituratus,5886788567,BR,,2009,CC_BY_NC_4_0,86.0
Artibeus lituratus,5886789109,BR,,2009,CC_BY_NC_4_0,22.0
Artibeus lituratus,1895935311,MX,90.0,1990,CC_BY_4_0,1245.0
Artibeus lituratus,1895936753,MX,90.0,1999,CC_BY_4_0,1391.5
Artibeus lituratus,1895936851,MX,90.0,1999,CC_BY_4_0,1338.5
Artibeus lituratus,1895936809,MX,90.0,1990,CC_BY_4_0,2323.0
Artibeus lituratus,1895936834,MX,90.0,1998,CC_BY_4_0,1656.5
Artibeus lituratus,1895936878,MX,90.0,1998,CC_BY_4_0,1336.0
Artibeus lituratus,859263191,GT,,1999,CC0_1_0,18.0
Artibeus lituratus,859263207,GT,,1989,CC0_1_0,331.0
Artibeus lituratus,859263212,GT,,1992,CC0_1_0,3.0
Artibeus lituratus,859264651,GT,,1999,CC0_1_0,1672.0
Artibeus lituratus,859262884,GT,,2001,CC0_1_0,110.0
Artibeus lituratus,859262901,GT,,2002,CC0_1_0,0.0
Artibeus lituratus,859263142,GT,,1990,CC0_1_0,950.0
Artibeus lituratus,859263216,GT,,1977,CC0_1_0,1564.5
Artibeus lituratus,859263506,GT,,1999,CC0_1_0,56.5
Artibeus lituratus,859263854,GT,,1993,CC0_1_0,127.0
Artibeus lituratus,859263928,GT,,1995,CC0_1_0,1471.5
Artibeus lituratus,859264046,GT,,1990,CC0_1_0,135.0
Artibeus lituratus,859262869,GT,,2001,CC0_1_0,13.5
Artibeus lituratus,859263234,GT,,1979,CC0_1_0,947.5
Artibeus lituratus,859263485,GT,,1989,CC0_1_0,170.0
Artibeus lituratus,859264823,GT,,1995,CC0_1_0,271.0
Artibeus lituratus,859265272,GT,,2004,CC0_1_0,1321.5
Artibeus lituratus,859266681,GT,,2004,CC0_1_0,219.0
Artibeus lituratus,3306339301,MX,,2013,CC_BY_4_0,1013.0
Artibeus lituratus,3306340516,MX,,1995,CC_BY_4_0,156.5
Artibeus lituratus,3306340518,MX,,2011,CC_BY_4_0,745.0
Artibeus lituratus,3306340818,MX,,2016,CC_BY_4_0,597.0
Artibeus lituratus,3306342963,MX,,2014,CC_BY_4_0,314.0
Artibeus lituratus,3306341979,MX,,2009,CC_BY_4_0,494.5
Artibeus lituratus,3306342811,MX,,2011,CC_BY_4_0,2445.5
Artibeus lituratus,3306339569,MX,,2011,CC_BY_4_0,499.0
Artibeus lituratus,3306340152,MX,,2010,CC_BY_4_0,442.5
Artibeus lituratus,3306340574,MX,,2010,CC_BY_4_0,1501.5
Artibeus lituratus,3306341695,MX,,2012,CC_BY_4_0,1048.5
Artibeus lituratus,3306342735,MX,,2012,CC_BY_4_0,1930.5
Artibeus lituratus,919428577,EC,61022.0,1981,CC0_1_0,9.0
Artibeus lituratus,919441321,MX,2440.0,1970,CC0_1_0,1960.0
Artibeus lituratus,919426328,MX,4410.0,1970,CC0_1_0,1069.5
Artibeus lituratus,919444037,CR,28995.0,1978,CC0_1_0,5.0
Artibeus lituratus,919444990,BO,13041.0,1979,CC0_1_0,529.5
Artibeus lituratus,919416198,MX,6250.0,1971,CC0_1_0,378.5
Artibeus lituratus,919420715,BZ,916.0,1979,CC0_1_0,27.5
Artibeus lituratus,919426922,EC,6357.0,1981,CC0_1_0,0.0
Artibeus lituratus,919430223,MX,10580.0,1970,CC0_1_0,1466.5
Artibeus lituratus,919431439,MX,11210.0,1972,CC0_1_0,173.0
Artibeus lituratus,919436447,MX,8083.0,1977,CC0_1_0,224.0
Artibeus lituratus,919436647,BZ,1316.0,1978,CC0_1_0,11.5
Artibeus lituratus,919443382,PA,7948.0,1974,CC0_1_0,119.0
Artibeus lituratus,919444709,MX,165.0,1971,CC0_1_0,406.0
Artibeus lituratus,919445058,EC,6782.0,1981,CC0_1_0,77.0
Artibeus lituratus,919449669,MX,1513.0,1977,CC0_1_0,84.5
Artibeus lituratus,919451320,BO,7567.0,1978,CC0_1_0,1198.5
Artibeus lituratus,202059687,MX,32846.0,1972,CC0_1_0,2200.0
Artibeus lituratus,202058785,MX,501.0,2001,CC0_1_0,357.5
Artibeus lituratus,202059927,BR,21500.0,1977,CC0_1_0,941.0
Artibeus lituratus,202059936,BR,3036.0,1977,CC0_1_0,434.5
Artibeus lituratus,202060115,MX,,1999,CC0_1_0,356.5
Artibeus lituratus,894742279,MX,,2002,CC0_1_0,119.5
Artibeus lituratus,894742244,MX,,2002,CC0_1_0,222.0
Artibeus lituratus,894742930,MX,,2002,CC0_1_0,448.5
Artibeus lituratus,202058815,MX,,1999,CC0_1_0,24.0
Artibeus lituratus,202059934,BR,1500.0,1977,CC0_1_0,407.0
Artibeus lituratus,202060106,MX,,1999,CC0_1_0,118.5
Artibeus lituratus,202060317,MX,,1997,CC0_1_0,66.5
Artibeus lituratus,202061000,MX,3508.0,1975,CC0_1_0,2483.5
Artibeus lituratus,202061021,BR,4046.0,1984,CC0_1_0,1057.0
Artibeus lituratus,894742481,MX,,2002,CC0_1_0,5.0
Artibeus lituratus,894742886,MX,,2002,CC0_1_0,106.5
Artibeus lituratus,894781030,AR,901.0,1990,CC0_1_0,217.5
Artibeus lituratus,894781200,AR,301.0,1990,CC0_1_0,170.0
Artibeus lituratus,4097141628,BR,,2002,CC_BY_NC_4_0,924.5
Artibeus lituratus,4097141638,BR,,1992,CC_BY_NC_4_0,407.0
Artibeus lituratus,4097141732,BR,,1989,CC_BY_NC_4_0,521.5
Artibeus lituratus,4097141733,BR,,1995,CC_BY_NC_4_0,574.5
Artibeus lituratus,4097141735,BR,,1982,CC_BY_NC_4_0,549.0
Artibeus lituratus,1262413835,MX,,1973,CC0_1_0,355.5
Artibeus lituratus,1323972684,BR,,1989,CC_BY_4_0,5.0
Artibeus lituratus,1323972910,BR,,1991,CC_BY_4_0,66.5
Artibeus lituratus,1323973701,BR,,1987,CC_BY_4_0,244.0
Artibeus lituratus,1323973722,BR,,2004,CC_BY_4_0,14.5
Artibeus lituratus,1323974042,BR,,2007,CC_BY_4_0,710.0
Artibeus lituratus,1323974075,BR,,2007,CC_BY_4_0,584.0
Artibeus lituratus,1323974130,BR,,2008,CC_BY_4_0,5.0
Artibeus lituratus,1323974222,BR,,2009,CC_BY_4_0,483.5
Artibeus lituratus,1323974253,BR,,2009,CC_BY_4_0,139.0
Artibeus lituratus,1323974300,BR,,2009,CC_BY_4_0,0.0
Artibeus lituratus,1323974306,BR,,2009,CC_BY_4_0,16.0
Artibeus lituratus,1323974339,BR,,2007,CC_BY_4_0,347.0
Artibeus lituratus,1323974361,BR,,2010,CC_BY_4_0,1123.5
Artibeus lituratus,4078154301,BR,,2020,CC_BY_4_0,5.0
Artibeus lituratus,5099590773,BO,1000.0,1985,CC0_1_0,171.0
Artibeus lituratus,5099590791,BO,1000.0,1985,CC0_1_0,186.5
Artibeus lituratus,5099461034,MX,542.0,1992,CC0_1_0,16.0
Artibeus lituratus,5099619209,BO,,1994,CC0_1_0,896.5
Artibeus lituratus,5099415139,CR,4854.0,1974,CC0_1_0,50.0
Artibeus lituratus,5099622321,BO,,1991,CC0_1_0,398.5
Artibeus lituratus,5099414717,MX,4950.0,1971,CC0_1_0,14.0
Artibeus lituratus,5099454284,CR,3301.0,1991,CC0_1_0,6.0
Artibeus lituratus,5099617527,BO,,1992,CC0_1_0,1193.0
Artibeus lituratus,5099708204,PA,,2018,CC0_1_0,67.5
Artibeus lituratus,5099438148,CO,3101.0,1983,CC0_1_0,81.0
Artibeus lituratus,5099701188,PA,100.0,2014,CC0_1_0,13.0
Artibeus lituratus,5099720742,PA,5.0,2023,CC0_1_0,49.5
Artibeus lituratus,5099439513,BO,196078.0,1985,CC0_1_0,181.5
Artibeus lituratus,5099704171,PA,,2018,CC0_1_0,66.0
Artibeus lituratus,5099440307,BO,11464.0,1984,CC0_1_0,278.5
Artibeus lituratus,5099593784,BO,1000.0,1985,CC0_1_0,195.0
Artibeus lituratus,5099439689,BO,3588.0,1986,CC0_1_0,162.0
Artibeus lituratus,5099701200,PA,100.0,2016,CC0_1_0,40.5
Artibeus lituratus,5099590562,BO,1000.0,1984,CC0_1_0,233.0
Artibeus lituratus,5099447656,CR,4880.0,1989,CC0_1_0,1490.0
Artibeus lituratus,5099442691,BO,3591.0,1986,CC0_1_0,139.0
Artibeus lituratus,5099704172,PA,100.0,2014,CC0_1_0,339.0
Artibeus lituratus,5099723157,EC,,2017,CC0_1_0,876.5
Artibeus lituratus,5099725162,EC,,2017,CC0_1_0,139.5
Artibeus lituratus,5099419910,MX,20388.0,1978,CC0_1_0,18.0
Artibeus lituratus,5099725153,EC,,2017,CC0_1_0,236.5
Artibeus lituratus,5099611736,BO,1000.0,1986,CC0_1_0,285.0
Artibeus lituratus,5099457342,BO,1043.0,1993,CC0_1_0,450.5
Artibeus lituratus,5099612150,BO,,1995,CC0_1_0,1568.5
Artibeus lituratus,5099611897,BO,1000.0,1988,CC0_1_0,370.0
Artibeus lituratus,5099440727,BO,3590.0,1986,CC0_1_0,153.0
Artibeus lituratus,5099456427,PY,11010.0,1995,CC0_1_0,320.0
Artibeus lituratus,5099615180,BO,,1994,CC0_1_0,362.5
Artibeus lituratus,5099442461,BO,51891.0,1985,CC0_1_0,245.0
Artibeus lituratus,5099611738,BO,1000.0,1986,CC0_1_0,162.5
Artibeus lituratus,5099439461,BO,7557.0,1985,CC0_1_0,307.0
Artibeus lituratus,5099444235,BO,18439.0,1988,CC0_1_0,432.0
Artibeus lituratus,5099700810,PA,10.0,2016,CC0_1_0,466.5
Artibeus lituratus,5099456328,BO,1043.0,1993,CC0_1_0,241.0
Artibeus lituratus,5099436142,CO,3091.0,1983,CC0_1_0,16.5
Artibeus lituratus,5099696592,PA,100.0,2015,CC0_1_0,111.0
Artibeus lituratus,5099446644,CR,16544.0,1989,CC0_1_0,1095.5
Artibeus lituratus,5099712159,PA,100.0,2015,CC0_1_0,224.5
Artibeus lituratus,5099723703,PA,5.0,2023,CC0_1_0,69.5
Artibeus lituratus,5099441980,BO,3557.0,1987,CC0_1_0,337.5
Artibeus lituratus,2630343859,MX,100.0,1991,CC_BY_4_0,1067.5
Artibeus lituratus,2630343869,MX,110.0,1991,CC_BY_4_0,6.0
Artibeus lituratus,2630372536,MX,100.0,1970,CC_BY_4_0,36.0
Artibeus lituratus,2630399883,MX,100.0,1991,CC_BY_4_0,1716.5
Artibeus lituratus,2630340956,MX,100.0,1991,CC_BY_4_0,544.5
Artibeus lituratus,2630388023,MX,90.0,1983,CC_BY_4_0,601.5
Artibeus lituratus,2630320552,MX,110.0,1970,CC_BY_4_0,502.0
Artibeus lituratus,2630342900,MX,100.0,1991,CC_BY_4_0,1894.0
Artibeus lituratus,2630340964,MX,100.0,1991,CC_BY_4_0,552.5
Artibeus lituratus,2630336036,MX,90.0,1987,CC_BY_4_0,672.5
Artibeus lituratus,2630339912,MX,100.0,1991,CC_BY_4_0,601.5
Artibeus lituratus,2630349770,MX,100.0,1991,CC_BY_4_0,890.5
Artibeus lituratus,2630376513,MX,100.0,1982,CC_BY_4_0,7.5
Artibeus lituratus,2630396832,MX,90.0,1991,CC_BY_4_0,529.0
Artibeus lituratus,2630344894,MX,100.0,1991,CC_BY_4_0,753.5
Artibeus lituratus,2630394854,MX,100.0,1991,CC_BY_4_0,1624.0
Artibeus lituratus,4168621734,MX,90.0,1989,CC_BY_4_0,2126.0
Artibeus lituratus,2630336102,MX,100.0,1983,CC_BY_4_0,121.5
Artibeus lituratus,2630341872,GT,,1991,CC_BY_4_0,79.0
Artibeus lituratus,2630344895,MX,100.0,1991,CC_BY_4_0,1084.0
Artibeus lituratus,2630371555,MX,100.0,1977,CC_BY_4_0,1101.5
Artibeus lituratus,2630399874,MX,100.0,1991,CC_BY_4_0,679.5
Artibeus lituratus,2630399880,MX,100.0,1991,CC_BY_4_0,394.5
Artibeus lituratus,4168618946,MX,100.0,1994,CC_BY_4_0,1445.0
Artibeus lituratus,4168620234,MX,90.0,1986,CC_BY_4_0,88.5
Artibeus lituratus,2630327562,MX,100.0,1977,CC_BY_4_0,44.0
Artibeus lituratus,2630339915,MX,100.0,1991,CC_BY_4_0,1900.5
Artibeus lituratus,2630396842,MX,90.0,1991,CC_BY_4_0,413.5
Artibeus lituratus,2630399352,MX,90.0,1995,CC_BY_4_0,426.0
Artibeus lituratus,4168613162,MX,90.0,1996,CC_BY_4_0,920.5
Artibeus lituratus,4168615905,MX,110.0,1987,CC_BY_4_0,113.5
Artibeus lituratus,4168615952,MX,90.0,1977,CC_BY_4_0,994.0
Artibeus lituratus,4168620156,MX,100.0,1985,CC_BY_4_0,784.5
Artibeus lituratus,2630326570,MX,90.0,1977,CC_BY_4_0,171.5
Artibeus lituratus,2630343856,MX,100.0,1991,CC_BY_4_0,749.0
Artibeus lituratus,2630344897,MX,90.0,1991,CC_BY_4_0,115.0
Artibeus lituratus,2630393877,MX,100.0,1991,CC_BY_4_0,525.0
Artibeus lituratus,2630401025,MX,100.0,1991,CC_BY_4_0,22.0
Artibeus lituratus,4168613013,MX,100.0,1987,CC_BY_4_0,20.0
Artibeus lituratus,4168621321,MX,90.0,1994,CC_BY_4_0,440.0
Artibeus lituratus,4168623137,MX,100.0,1994,CC_BY_4_0,1441.0
Artibeus lituratus,4168626342,MX,90.0,1983,CC_BY_4_0,188.5
Artibeus lituratus,4412289302,CO,,2022,CC_BY_NC_4_0,1023.0
Artibeus lituratus,4412289354,CO,,2023,CC_BY_NC_4_0,172.0
Artibeus lituratus,4412289381,CO,,2023,CC_BY_NC_4_0,196.0
Artibeus lituratus,1417864468,MX,100.0,2002,CC_BY_4_0,182.5
Artibeus lituratus,3962334498,EC,,2021,CC_BY_NC_4_0,198.5
Artibeus lituratus,1065365297,CR,5600.0,1972,CC0_1_0,1084.0
Artibeus lituratus,1065418470,MX,1993.0,1974,CC0_1_0,7.5
Artibeus lituratus,1065402367,MX,8542.0,1985,CC0_1_0,18.5
Artibeus lituratus,1065386268,CR,3537.0,1971,CC0_1_0,272.5
Artibeus lituratus,1065404575,CR,6182.0,1971,CC0_1_0,13.0
Artibeus lituratus,1065333242,CR,1202.0,1971,CC0_1_0,165.5
Artibeus lituratus,1065395014,BZ,2792.0,1972,CC0_1_0,78.5
Artibeus lituratus,1422070895,MX,,2009,CC_BY_4_0,732.0
Artibeus lituratus,1422068212,MX,70.0,2003,CC_BY_4_0,1515.0
Artibeus lituratus,675879381,MX,,1976,CC0_1_0,0.0
Artibeus lituratus,1894592650,MX,90.0,1981,CC_BY_4_0,92.5
Artibeus lituratus,1894592943,MX,100.0,1999,CC_BY_4_0,1604.0
Artibeus lituratus,1894592968,MX,90.0,1995,CC_BY_4_0,1129.0
Artibeus lituratus,1894593035,MX,100.0,1996,CC_BY_4_0,42.0
Artibeus lituratus,675741708,PE,,1983,CC0_1_0,666.5
Artibeus lituratus,675819818,MX,,1970,CC0_1_0,196.5
Artibeus lituratus,675846378,MX,,1976,CC0_1_0,0.0
Artibeus lituratus,675833856,PE,,1972,CC0_1_0,98.0
Artibeus lituratus,675777084,CR,,1991,CC0_1_0,85.0
Artibeus lituratus,675874966,VE,,1979,CC0_1_0,6.5
Artibeus lituratus,675819821,MX,,1970,CC0_1_0,1353.5
Artibeus lituratus,675867725,VE,,1979,CC0_1_0,81.0
Artibeus lituratus,675928611,TT,,1983,CC0_1_0,20.5
Artibeus lituratus,675851961,MX,,1977,CC0_1_0,21.5
Artibeus lituratus,675884085,CR,,1982,CC0_1_0,59.0
Artibeus lituratus,675868775,NI,,1978,CC0_1_0,38.5
Artibeus lituratus,675874970,VE,,1979,CC0_1_0,14.0
Artibeus lituratus,675739845,PE,,1983,CC0_1_0,830.0
Artibeus lituratus,675909753,HN,,1983,CC0_1_0,526.0
Artibeus lituratus,675865949,VE,,1980,CC0_1_0,1478.5
Artibeus lituratus,675833850,PE,,1972,CC0_1_0,90.5
Artibeus lituratus,675909747,HN,,1983,CC0_1_0,324.5
Artibeus lituratus,675869771,MX,,1980,CC0_1_0,54.5
Artibeus lituratus,675851981,MX,,1977,CC0_1_0,10.0
Artibeus lituratus,675909733,HN,,1983,CC0_1_0,961.5
Artibeus lituratus,675832152,MX,,1973,CC0_1_0,802.5
Artibeus lituratus,675866758,MX,,1979,CC0_1_0,522.0
Artibeus lituratus,675868782,MX,,1991,CC0_1_0,9.0
Artibeus lituratus,675869722,MX,,1980,CC0_1_0,172.0
Artibeus lituratus,675909393,HN,,1983,CC0_1_0,5.0
Artibeus lituratus,675878026,MX,,1980,CC0_1_0,175.0
Artibeus lituratus,675884453,HN,,1983,CC0_1_0,947.5
Artibeus lituratus,85166289,BO,,1983,CC_BY_NC_4_0,235.0
Artibeus lituratus,85166292,BO,,1983,CC_BY_NC_4_0,177.0
Artibeus lituratus,85166456,BO,,1986,CC_BY_NC_4_0,239.0
Artibeus lituratus,85166277,BO,,1983,CC_BY_NC_4_0,256.5
Artibeus lituratus,85166439,BO,,1986,CC_BY_NC_4_0,184.0
Artibeus lituratus,85166484,BO,,1986,CC_BY_NC_4_0,837.5
Artibeus lituratus,5180144308,EC,,2011,CC_BY_NC_4_0,217.0
Artibeus lituratus,2432134781,CO,,2018,CC_BY_4_0,343.5
Artibeus lituratus,4866425302,CO,,2019,CC_BY_4_0,1440.0
Artibeus lituratus,1122691067,PA,,1971,CC_BY_NC_4_0,176.0
Artibeus lituratus,1122695133,PA,,1973,CC_BY_NC_4_0,460.5
Artibeus lituratus,1122690646,PE,,1971,CC_BY_NC_4_0,305.0
Artibeus lituratus,1122694580,VE,,1974,CC_BY_NC_4_0,229.5
Artibeus lituratus,1122708038,EC,,1993,CC_BY_NC_4_0,755.0
Artibeus lituratus,1122691132,BZ,,1973,CC_BY_NC_4_0,403.0
Artibeus lituratus,1122711083,BZ,,1990,CC_BY_NC_4_0,151.5
Artibeus lituratus,476873967,CR,,2002,CC_BY_NC_4_0,642.5
Artibeus lituratus,476812157,NI,297465.0,1996,CC_BY_NC_4_0,119.5
Artibeus lituratus,4169182705,MX,,1974,CC_BY_4_0,865.5
Artibeus lituratus,4169176799,MX,80.0,1979,CC_BY_4_0,67.0
Artibeus lituratus,4169249439,MX,80.0,1988,CC_BY_4_0,23.5
Artibeus lituratus,4169241417,MX,90.0,2001,CC_BY_4_0,892.5
Artibeus lituratus,4169279470,MX,,1982,CC_BY_4_0,96.0
Artibeus lituratus,4169050010,MX,90.0,1985,CC_BY_4_0,18.5
Artibeus lituratus,4169247810,MX,90.0,1989,CC_BY_4_0,205.0
Artibeus lituratus,4169076991,MX,100.0,1980,CC_BY_4_0,459.5
Artibeus lituratus,4168889041,MX,100.0,1971,CC_BY_4_0,136.0
Artibeus lituratus,4169275231,MX,90.0,1970,CC_BY_4_0,298.5
Artibeus lituratus,4169184732,MX,156.02,1989,CC_BY_4_0,3.0
Artibeus lituratus,4169220551,MX,100.0,1985,CC_BY_4_0,149.5
Artibeus lituratus,4169262919,MX,90.0,1999,CC_BY_4_0,14.0
Artibeus lituratus,4169191144,MX,90.0,1987,CC_BY_4_0,146.5
Artibeus lituratus,4169170604,MX,,1982,CC_BY_4_0,278.0
Artibeus lituratus,4169185003,MX,70.0,1977,CC_BY_4_0,127.0
Artibeus lituratus,4169170525,MX,90.0,1973,CC_BY_4_0,1523.0
Artibeus lituratus,4169231827,MX,100.0,2011,CC_BY_4_0,9.0
Artibeus lituratus,4169238337,MX,100.0,1991,CC_BY_4_0,888.5
Artibeus lituratus,4169253103,MX,90.0,1984,CC_BY_4_0,468.5
Artibeus lituratus,4169162664,MX,90.0,2012,CC_BY_4_0,36.0
Artibeus lituratus,4169182399,MX,,1976,CC_BY_4_0,438.5
Artibeus lituratus,4169176810,MX,90.0,1999,CC_BY_4_0,48.5
Artibeus lituratus,4169267243,MX,100.0,2006,CC_BY_4_0,272.5
Artibeus lituratus,4169064116,MX,90.0,1994,CC_BY_4_0,254.5
Artibeus lituratus,4169049511,MX,100.0,1982,CC_BY_4_0,0.0
Artibeus lituratus,4169174620,MX,90.0,1989,CC_BY_4_0,1637.0
Artibeus lituratus,4169092051,MX,90.0,1984,CC_BY_4_0,1837.5
Artibeus lituratus,4169278306,MX,80.0,2003,CC_BY_4_0,1400.0
Artibeus lituratus,4169063875,MX,100.0,1971,CC_BY_4_0,39.5
Artibeus lituratus,4169253241,MX,,2000,CC_BY_4_0,227.0
Artibeus lituratus,4169275768,MX,,1982,CC_BY_4_0,945.5
Artibeus lituratus,4169240440,MX,90.0,2006,CC_BY_4_0,246.0
Artibeus lituratus,4169102945,MX,,1998,CC_BY_4_0,1670.5
Artibeus lituratus,4169199121,MX,,1975,CC_BY_4_0,892.5
Artibeus lituratus,4169217226,MX,100.0,1985,CC_BY_4_0,18.0
Artibeus lituratus,4169076855,MX,100.0,1971,CC_BY_4_0,36.0
Artibeus lituratus,4169180497,MX,90.0,2000,CC_BY_4_0,13.5
Artibeus lituratus,4169267312,MX,251.02,1984,CC_BY_4_0,260.0
Artibeus lituratus,4169025206,MX,,1998,CC_BY_4_0,1026.5
Artibeus lituratus,4169239663,MX,90.0,2001,CC_BY_4_0,603.0
Artibeus lituratus,4169263502,MX,70.0,1994,CC_BY_4_0,878.5
Artibeus lituratus,4169278938,MX,100.0,1972,CC_BY_4_0,481.5
Artibeus lituratus,4169180564,MX,,2001,CC_BY_4_0,966.0
Artibeus lituratus,4169190565,MX,80.0,1981,CC_BY_4_0,0.0
Artibeus lituratus,4169203242,MX,600.0,1986,CC_BY_4_0,713.0
Artibeus lituratus,4169210565,MX,100.0,1985,CC_BY_4_0,16.0
Artibeus lituratus,4169263897,MX,90.0,2011,CC_BY_4_0,33.5
Artibeus lituratus,4169220554,MX,70.0,1979,CC_BY_4_0,363.5
Artibeus lituratus,4169223215,MX,90.0,2000,CC_BY_4_0,9.0
Artibeus lituratus,4169231856,MX,90.0,2005,CC_BY_4_0,194.5
Artibeus lituratus,1661822442,CO,,2016,CC_BY_NC_4_0,257.5
Artibeus lituratus,3390875746,CO,,2015,CC_BY_NC_4_0,34.0
Artibeus lituratus,3390875966,CO,,1981,CC_BY_NC_4_0,18.0
Artibeus lituratus,3390875968,CO,,1971,CC_BY_NC_4_0,1041.0
Artibeus lituratus,3390875993,CO,,1974,CC_BY_NC_4_0,7.5
Artibeus lituratus,3390876049,CO,,1988,CC_BY_NC_4_0,1448.0
Artibeus lituratus,3390876075,CO,,1987,CC_BY_NC_4_0,1565.0
Artibeus lituratus,3390876088,CO,,1983,CC_BY_NC_4_0,130.0
Artibeus lituratus,3390876181,CO,,1991,CC_BY_NC_4_0,117.5
Artibeus lituratus,3390876234,CO,,1983,CC_BY_NC_4_0,2025.5
Artibeus lituratus,3390876354,CO,,1981,CC_BY_NC_4_0,697.5
Artibeus lituratus,3390876373,CO,,1984,CC_BY_NC_4_0,1473.5
Artibeus lituratus,2650654373,CO,544.0,2008,CC_BY_NC_4_0,1601.0
Artibeus lituratus,2650654695,CO,544.0,2002,CC_BY_NC_4_0,1633.0
Artibeus lituratus,2650655158,CO,530.0,2005,CC_BY_NC_4_0,1014.0
Artibeus lituratus,2650655334,CO,490.0,2007,CC_BY_NC_4_0,1179.0
Artibeus lituratus,2650655769,CO,1130.0,2004,CC_BY_NC_4_0,505.5
Artibeus lituratus,2650655781,CO,1086.0,1995,CC_BY_NC_4_0,186.5
Artibeus lituratus,2650655857,CO,505.0,2009,CC_BY_NC_4_0,1850.5
Artibeus lituratus,2650655904,CO,458.0,1999,CC_BY_NC_4_0,14.5
Artibeus lituratus,2650655919,CO,501.0,2009,CC_BY_NC_4_0,85.0
Artibeus lituratus,2650656036,CO,530.0,2004,CC_BY_NC_4_0,1471.0
Artibeus lituratus,2650656081,CO,,2012,CC_BY_NC_4_0,62.0
Artibeus lituratus,2650656148,CO,425.0,2005,CC_BY_NC_4_0,2150.5
Artibeus lituratus,2650656196,CO,,2006,CC_BY_NC_4_0,352.0
Artibeus lituratus,2650656199,CO,220.0,2008,CC_BY_NC_4_0,1569.0
Artibeus lituratus,2650656201,CO,1850.0,2006,CC_BY_NC_4_0,1070.0
Artibeus lituratus,2650656231,CO,,2011,CC_BY_NC_4_0,68.5
Artibeus lituratus,2650656351,CO,,2011,CC_BY_NC_4_0,96.5
Artibeus lituratus,1898049295,MX,,1997,CC_BY_4_0,21.5
Artibeus lituratus,1898049341,MX,80.0,1993,CC_BY_4_0,1.5
Artibeus lituratus,1898049355,MX,,1998,CC_BY_4_0,258.0
Artibeus lituratus,1898049357,MX,,2000,CC_BY_4_0,47.0
Artibeus lituratus,1898052729,MX,80.0,1992,CC_BY_4_0,37.0
Artibeus lituratus,1898052776,MX,80.0,1995,CC_BY_4_0,9.0
Artibeus lituratus,1898049230,MX,,1999,CC_BY_4_0,72.5
Artibeus lituratus,1898049269,MX,,2004,CC_BY_4_0,356.0
Artibeus lituratus,1898052745,MX,80.0,1995,CC_BY_4_0,0.0
Artibeus lituratus,1898049279,MX,,2013,CC_BY_4_0,81.0
Artibeus lituratus,1898049299,MX,,1999,CC_BY_4_0,9.5
Artibeus lituratus,1898049663,MX,100.0,1995,CC_BY_4_0,1937.5
Artibeus lituratus,1898052809,MX,100.0,2001,CC_BY_4_0,606.5
Artibeus lituratus,1898049227,MX,,2000,CC_BY_4_0,1.5
Artibeus lituratus,1898049238,MX,,2005,CC_BY_4_0,15.0
Artibeus lituratus,1898049266,MX,,2009,CC_BY_4_0,2.0
Artibeus lituratus,1898049272,MX,,2013,CC_BY_4_0,6.5
Artibeus lituratus,1898049330,MX,,1998,CC_BY_4_0,7.5
Artibeus lituratus,1898049657,MX,90.0,1995,CC_BY_4_0,836.0
Artibeus lituratus,1898049664,MX,100.0,1994,CC_BY_4_0,444.5
Artibeus lituratus,1898052829,MX,80.0,1996,CC_BY_4_0,12.0
Artibeus lituratus,1898049190,MX,90.0,1991,CC_BY_4_0,147.0
Artibeus lituratus,1898049246,MX,,1998,CC_BY_4_0,7.0
Artibeus lituratus,1898049258,MX,,2010,CC_BY_4_0,15.0
Artibeus lituratus,1898049261,MX,80.0,1994,CC_BY_4_0,179.0
Artibeus lituratus,1898049282,MX,,2010,CC_BY_4_0,238.0
Artibeus lituratus,1898049288,MX,,2013,CC_BY_4_0,485.0
Artibeus lituratus,1898049362,MX,80.0,1989,CC_BY_4_0,13.5
Artibeus lituratus,1898049662,MX,90.0,1995,CC_BY_4_0,582.0
Artibeus lituratus,1898052835,MX,80.0,1995,CC_BY_4_0,0.0
Artibeus lituratus,1898052836,MX,70.0,1996,CC_BY_4_0,4.0
Artibeus lituratus,1898049177,MX,90.0,2010,CC_BY_4_0,72.0
Artibeus lituratus,1898049213,MX,,2012,CC_BY_4_0,147.5
Artibeus lituratus,1898049216,MX,,2010,CC_BY_4_0,729.0
Artibeus lituratus,1898049249,MX,,1998,CC_BY_4_0,0.0
Artibeus lituratus,1898049277,MX,,2001,CC_BY_4_0,8.0
Artibeus lituratus,1898049302,MX,,2010,CC_BY_4_0,8.5
Artibeus lituratus,1898049314,MX,,2013,CC_BY_4_0,1508.5
Artibeus lituratus,1898049316,MX,,2003,CC_BY_4_0,3.5
Artibeus lituratus,1898049334,MX,,2009,CC_BY_4_0,964.0
Artibeus lituratus,1898049367,MX,,2010,CC_BY_4_0,19.0
Artibeus lituratus,1898052751,MX,100.0,1995,CC_BY_4_0,0.0
Artibeus lituratus,1898052773,MX,80.0,1986,CC_BY_4_0,26.5
Artibeus lituratus,1898052788,MX,70.0,1994,CC_BY_4_0,8.0
Artibeus lituratus,1898052790,MX,80.0,1994,CC_BY_4_0,43.5
Artibeus lituratus,1898052825,MX,90.0,1993,CC_BY_4_0,174.0
Artibeus lituratus,1898052856,MX,80.0,1995,CC_BY_4_0,11.0
Artibeus lituratus,1898049180,MX,,2007,CC_BY_4_0,1046.0
Artibeus lituratus,1898049182,MX,,1998,CC_BY_4_0,1.0
Artibeus lituratus,1898049211,MX,,2005,CC_BY_4_0,986.5
Artibeus lituratus,1898049218,MX,,2003,CC_BY_4_0,437.5
Artibeus lituratus,1898049220,MX,,2010,CC_BY_4_0,216.0
Artibeus lituratus,1898049221,MX,,2001,CC_BY_4_0,124.5
Artibeus lituratus,1898049235,MX,,2013,CC_BY_4_0,2128.0
Artibeus lituratus,1898049310,MX,,1998,CC_BY_4_0,254.0
Artibeus lituratus,1898049317,MX,,1998,CC_BY_4_0,141.5
Artibeus lituratus,1898049326,MX,,2009,CC_BY_4_0,138.5
Artibeus lituratus,1898049331,MX,80.0,1994,CC_BY_4_0,33.5
Artibeus lituratus,1898049361,MX,,2011,CC_BY_4_0,119.0
Artibeus lituratus,1898049364,MX,,2010,CC_BY_4_0,272.0
Artibeus lituratus,1898049686,MX,90.0,1992,CC_BY_4_0,544.0
Artibeus lituratus,1898052723,MX,70.0,1988,CC_BY_4_0,7.0
Artibeus lituratus,1898052789,MX,80.0,1996,CC_BY_4_0,6.5
Artibeus lituratus,859482310,BO,,1986,CC0_1_0,194.5
Artibeus lituratus,859442491,BO,,1985,CC0_1_0,174.0
Artibeus lituratus,859363108,BO,,1986,CC0_1_0,124.5
Artibeus lituratus,859458042,BO,,1986,CC0_1_0,196.0
Artibeus lituratus,859473887,BO,,1986,CC0_1_0,129.0
Artibeus lituratus,859378295,BO,,1986,CC0_1_0,150.0
Artibeus lituratus,859458536,BO,,1985,CC0_1_0,172.0
Artibeus lituratus,859448696,BO,,1984,CC0_1_0,228.5
Artibeus lituratus,859473882,BO,,1985,CC0_1_0,172.5
Artibeus lituratus,859413073,BO,,1991,CC0_1_0,379.0
Artibeus lituratus,859399554,BO,,1992,CC0_1_0,1946.0
Artibeus lituratus,859467032,BO,,1986,CC0_1_0,203.0
Artibeus lituratus,859471206,BO,,1993,CC0_1_0,455.5
Artibeus lituratus,859441121,BO,,1986,CC0_1_0,172.0
Artibeus lituratus,859373172,BO,,1986,CC0_1_0,176.0
Artibeus lituratus,859472837,BO,,1991,CC0_1_0,334.0
Artibeus lituratus,859423576,BO,,1984,CC0_1_0,266.0
Artibeus lituratus,859422412,BO,,1983,CC0_1_0,153.0
Artibeus lituratus,859390496,BO,,1991,CC0_1_0,393.5
Artibeus lituratus,859385644,BO,,1984,CC0_1_0,217.0
Artibeus lituratus,859452068,PY,,1988,CC0_1_0,82.5
Artibeus lituratus,859387556,PE,,1971,CC0_1_0,185.5
Artibeus lituratus,859496432,BO,,1985,CC0_1_0,186.5
Artibeus lituratus,859412878,BO,,1993,CC0_1_0,233.0
Artibeus lituratus,859493996,BO,,1987,CC0_1_0,232.5
Artibeus lituratus,859395976,BO,,1985,CC0_1_0,296.0
Artibeus lituratus,2985623475,CO,,2016,CC_BY_NC_4_0,358.5
Artibeus lituratus,2985623549,CO,,2014,CC_BY_NC_4_0,147.5
Artibeus lituratus,2985623576,CO,,2014,CC_BY_NC_4_0,1513.5
Artibeus lituratus,2985623619,CO,,2015,CC_BY_NC_4_0,568.5
Artibeus lituratus,2985623701,CO,,2015,CC_BY_NC_4_0,294.5
Artibeus lituratus,1894145016,MX,90.0,1986,CC_BY_4_0,1941.5
Artibeus lituratus,1894145069,MX,90.0,1986,CC_BY_4_0,399.0
Artibeus lituratus,1894145121,MX,90.0,1976,CC_BY_4_0,651.5
Artibeus lituratus,1894144980,MX,90.0,1976,CC_BY_4_0,12.5
Artibeus lituratus,1894145081,MX,90.0,1976,CC_BY_4_0,18.0
Artibeus lituratus,1894145145,MX,90.0,1986,CC_BY_4_0,322.5
Artibeus lituratus,1894145182,MX,90.0,1986,CC_BY_4_0,199.5
Artibeus lituratus,1894145206,MX,90.0,1988,CC_BY_4_0,2102.5
Artibeus lituratus,1894145218,MX,90.0,1976,CC_BY_4_0,1154.5
Artibeus lituratus,1894144994,MX,90.0,1976,CC_BY_4_0,24.5
Artibeus lituratus,1894145011,MX,90.0,1986,CC_BY_4_0,1781.0
Artibeus lituratus,1894145073,MX,90.0,1986,CC_BY_4_0,406.0
Artibeus lituratus,1894145097,MX,90.0,1976,CC_BY_4_0,256.0
Artibeus lituratus,1894145105,MX,90.0,1976,CC_BY_4_0,24.5
Artibeus lituratus,1894145111,MX,80.0,1986,CC_BY_4_0,1916.0
Artibeus lituratus,1894145128,MX,90.0,1986,CC_BY_4_0,1212.5
Artibeus lituratus,1894145137,MX,90.0,1976,CC_BY_4_0,17.5
Artibeus lituratus,1894145148,MX,90.0,1986,CC_BY_4_0,654.5
Artibeus lituratus,1894145156,MX,90.0,1976,CC_BY_4_0,855.5
Artibeus lituratus,1894145204,MX,90.0,1976,CC_BY_4_0,1290.5
Artibeus lituratus,1894145219,MX,90.0,1986,CC_BY_4_0,1022.5
Artibeus lituratus,1894145244,MX,90.0,1986,CC_BY_4_0,1263.5
Artibeus lituratus,1894145258,MX,90.0,1986,CC_BY_4_0,267.5
Artibeus lituratus,5147459129,GT,100.0,2013,CC0_1_0,1494.5
Artibeus lituratus,5147067293,PE,5796.0,1973,CC0_1_0,146.5
Artibeus lituratus,5147196499,GT,1150.0,1971,CC0_1_0,256.5
Artibeus lituratus,5147323576,VE,203600.0,1984,CC0_1_0,163.5
Artibeus lituratus,5147077778,PY,1282.0,1978,CC0_1_0,169.5
Artibeus lituratus,5147069895,TT,6043.0,1977,CC0_1_0,494.5
Artibeus lituratus,5146973032,BR,1301.0,1993,CC0_1_0,754.5
Artibeus lituratus,5147317234,PE,850.0,1984,CC0_1_0,650.5
Artibeus lituratus,5146979367,BR,544156.0,1991,CC0_1_0,109.0
Artibeus lituratus,5147324047,BR,10004.0,1993,CC0_1_0,177.0
Artibeus lituratus,5147328026,BR,18491.0,1993,CC0_1_0,309.5
Artibeus lituratus,5147087039,BR,38541.0,1993,CC0_1_0,276.0
Artibeus lituratus,5147320038,BR,4550.0,1993,CC0_1_0,0.0
Artibeus lituratus,1211803670,GF,,1976,CC_BY_4_0,249.0
Artibeus lituratus,1211816338,CO,,1977,CC_BY_4_0,3.0
Artibeus lituratus,1211821310,SV,,1977,CC_BY_4_0,1007.5
Artibeus lituratus,1211785003,CO,,1982,CC_BY_4_0,98.5
Artibeus lituratus,1211816228,GY,,1991,CC_BY_4_0,17.0
Artibeus lituratus,1211827539,MX,,1989,CC_BY_4_0,54.5
Artibeus lituratus,1323930633,SR,,2012,CC_BY_4_0,287.5
Artibeus lituratus,1837224756,CW,,2017,CC_BY_4_0,54.0
Artibeus lituratus,1211791750,CO,,1971,CC_BY_4_0,1524.0
Artibeus lituratus,1211814895,GY,,1972,CC_BY_4_0,0.0
Artibeus lituratus,1323925785,SR,,2012,CC_BY_4_0,252.5
Artibeus lituratus,1323930695,SR,,2010,CC_BY_4_0,234.0
Artibeus lituratus,1211781603,MX,,1971,CC_BY_4_0,30.0
Artibeus lituratus,1211789790,CO,,1971,CC_BY_4_0,1529.5
Artibeus lituratus,1211801480,GY,,1973,CC_BY_4_0,106.0
Artibeus lituratus,1211805094,CO,,1975,CC_BY_4_0,0.0
Artibeus lituratus,1211820941,SV,,1979,CC_BY_4_0,764.0
Artibeus lituratus,1837224734,SR,,2017,CC_BY_4_0,61.0
Artibeus lituratus,1211807716,CO,,1973,CC_BY_4_0,284.0
Artibeus lituratus,1211810795,GY,,1971,CC_BY_4_0,94.0
Artibeus lituratus,1211811466,GY,,1971,CC_BY_4_0,56.0
Artibeus lituratus,1211821053,SV,,1993,CC_BY_4_0,504.0
Artibeus lituratus,1211824094,BZ,,1971,CC_BY_4_0,0.0
Artibeus lituratus,1323926746,SR,,2009,CC_BY_4_0,270.0
Artibeus lituratus,1211792750,GY,,1972,CC_BY_4_0,119.0
Artibeus lituratus,1211796254,GY,,1972,CC_BY_4_0,157.0
Artibeus lituratus,1211811114,GY,,1992,CC_BY_4_0,22.0
Artibeus lituratus,1211818146,CR,,1986,CC_BY_4_0,183.5
Artibeus lituratus,1211821844,GT,,1991,CC_BY_4_0,291.5
Artibeus lituratus,1211825354,MX,,1989,CC_BY_4_0,4.0
Artibeus lituratus,1211826958,MX,,1990,CC_BY_4_0,4.0
Artibeus lituratus,1211793360,CO,,1972,CC_BY_4_0,2437.5
Artibeus lituratus,1211798185,GY,,1973,CC_BY_4_0,193.5
Artibeus lituratus,1211800798,CO,,1972,CC_BY_4_0,1760.5
Artibeus lituratus,1211802606,GY,,1990,CC_BY_4_0,126.5
Artibeus lituratus,1211802839,CO,,1973,CC_BY_4_0,964.0
Artibeus lituratus,1211803527,CO,,1975,CC_BY_4_0,966.0
Artibeus lituratus,1211806284,CO,,1975,CC_BY_4_0,474.5
Artibeus lituratus,1211806767,CO,,1974,CC_BY_4_0,317.0
Artibeus lituratus,1211808540,CO,,1975,CC_BY_4_0,1217.0
Artibeus lituratus,1211810263,SR,,2002,CC_BY_4_0,399.5
Artibeus lituratus,1211810380,CO,,1975,CC_BY_4_0,2010.0
Artibeus lituratus,1211810936,GY,,1992,CC_BY_4_0,3.0
Artibeus lituratus,1211811244,GY,,1971,CC_BY_4_0,86.5
Artibeus lituratus,1211811394,GY,,1971,CC_BY_4_0,70.5
Artibeus lituratus,1211812594,GY,,1974,CC_BY_4_0,24.5
Artibeus lituratus,1211812700,GY,,1973,CC_BY_4_0,84.5
Artibeus lituratus,1211812889,GY,,1973,CC_BY_4_0,9.0
Artibeus lituratus,1211816101,GY,,1991,CC_BY_4_0,27.5
Artibeus lituratus,1211819941,GD,,1977,CC_BY_4_0,0.0
Artibeus lituratus,1211821075,SV,,1971,CC_BY_4_0,599.0
Artibeus lituratus,1211824910,BZ,,1971,CC_BY_4_0,21.5
Artibeus lituratus,1211827075,MX,,1990,CC_BY_4_0,272.5
Artibeus lituratus,1211827757,MX,,1990,CC_BY_4_0,160.5
Artibeus lituratus,1211828829,MX,,1989,CC_BY_4_0,142.5
Artibeus lituratus,1211829681,BR,,1970,CC_BY_4_0,662.0
Artibeus lituratus,1323926267,SR,,2009,CC_BY_4_0,281.5
Artibeus lituratus,1323926307,GY,,2008,CC_BY_4_0,88.5
Artibeus lituratus,1323927634,GY,,2013,CC_BY_4_0,80.5
Artibeus lituratus,1323928696,PE,,2012,CC_BY_4_0,122.0
Artibeus lituratus,1323929683,GY,,2012,CC_BY_4_0,104.0
Artibeus lituratus,1323929833,GY,,2012,CC_BY_4_0,89.0
Artibeus lituratus,1323929950,SR,,2010,CC_BY_4_0,223.0
Artibeus lituratus,1323930030,SR,,2010,CC_BY_4_0,238.0
Artibeus lituratus,1323930368,BZ,,2010,CC_BY_4_0,10.0
Artibeus lituratus,1837223929,GY,,2014,CC_BY_4_0,60.0
Artibeus lituratus,1837224003,GY,,2014,CC_BY_4_0,111.5
Artibeus lituratus,1837224186,PE,,2014,CC_BY_4_0,235.0
Artibeus lituratus,1837224866,MX,,2016,CC_BY_4_0,17.0
Artibeus lituratus,5209135394,MX,,2016,CC_BY_4_0,0.0
Artibeus lituratus,5209136429,GD,,2019,CC_BY_4_0,279.0
Artibeus lituratus,5146969782,GT,4000.0,1978,CC0_1_0,48.0
Artibeus lituratus,5147069319,PY,12171.0,1973,CC0_1_0,75.0
Artibeus lituratus,5147228655,GT,30.0,2009,CC0_1_0,1502.5
Artibeus lituratus,5147202574,VE,11096.0,1984,CC0_1_0,317.5
Artibeus lituratus,5147209041,BR,,1993,CC0_1_0,760.0
Artibeus lituratus,5147424242,PE,1461.0,1984,CC0_1_0,498.5
Artibeus lituratus,5146971879,PE,429.0,1979,CC0_1_0,185.0
Artibeus lituratus,5147204033,BR,,1993,CC0_1_0,76.5
Artibeus lituratus,5147327381,PE,1097.0,1984,CC0_1_0,410.5
Artibeus lituratus,5146971326,PY,11512.0,1973,CC0_1_0,105.0
Artibeus lituratus,5147191747,GT,3000.0,1978,CC0_1_0,1923.0
Artibeus lituratus,5147433027,BR,,1993,CC0_1_0,297.5
Artibeus lituratus,5146977033,BR,2047.0,1993,CC0_1_0,176.0
Artibeus lituratus,5147067210,GT,7000.0,1972,CC0_1_0,135.0
Artibeus lituratus,5147316318,PY,10122.0,1973,CC0_1_0,59.5
Artibeus lituratus,1211810520,CO,,1973,CC_BY_4_0,1113.5
Artibeus lituratus,1211813742,GY,,1972,CC_BY_4_0,17.5
Artibeus lituratus,1211815722,GY,,1992,CC_BY_4_0,130.0
Artibeus lituratus,1211819137,VE,,1970,CC_BY_4_0,0.0
Artibeus lituratus,1211825966,MX,,1989,CC_BY_4_0,178.0
Artibeus lituratus,1211826889,MX,,1990,CC_BY_4_0,121.5
Artibeus lituratus,1211827238,MX,,1989,CC_BY_4_0,12.0
Artibeus lituratus,1211828640,MX,,1990,CC_BY_4_0,1.0
Artibeus lituratus,1323929494,GY,,2013,CC_BY_4_0,262.5
Artibeus lituratus,1323930254,SR,,2011,CC_BY_4_0,99.5
Artibeus lituratus,686485120,PE,2.5,1993,CC_BY_4_0,115.0
Artibeus lituratus,686490633,NI,1.0,2003,CC_BY_4_0,127.0
Artibeus lituratus,686467371,PE,5.15,1980,CC_BY_4_0,94.5
Artibeus lituratus,686486022,PY,5.0,2000,CC_BY_4_0,420.5
Artibeus lituratus,686486401,MX,0.8,1972,CC_BY_4_0,2070.0
Artibeus lituratus,686470728,MX,10.0,1990,CC_BY_4_0,761.0
Artibeus lituratus,686482096,GY,5.0,1997,CC_BY_4_0,94.0
Artibeus lituratus,686485427,CR,3.9,1999,CC_BY_4_0,489.0
Artibeus lituratus,686461990,MX,0.79,1972,CC_BY_4_0,59.0
Artibeus lituratus,686462683,GF,1.5,1977,CC_BY_4_0,233.0
Artibeus lituratus,686466853,EC,4.95,1971,CC_BY_4_0,320.5
Artibeus lituratus,686471266,PE,15.37,1990,CC_BY_4_0,186.5
Artibeus lituratus,686472302,CR,2.52,1989,CC_BY_4_0,736.0
Artibeus lituratus,686482115,GY,5.0,1997,CC_BY_4_0,97.0
Artibeus lituratus,686482122,GY,5.0,1997,CC_BY_4_0,81.0
Artibeus lituratus,686486017,PY,5.0,2000,CC_BY_4_0,147.5
Artibeus lituratus,686490643,NI,1.0,2003,CC_BY_4_0,183.5
Artibeus lituratus,48035901,MX,,1970,CC0_1_0,844.5
Artibeus lituratus,48035956,MX,,1971,CC0_1_0,1151.0
Artibeus lituratus,48035958,MX,,1971,CC0_1_0,59.5
Artibeus lituratus,48035980,MX,,1972,CC0_1_0,1783.0
Artibeus lituratus,48036717,MX,,1974,CC0_1_0,5.0
Artibeus lituratus,48036731,MX,,1974,CC0_1_0,1585.0
Artibeus lituratus,1418246229,MX,100.0,2002,CC_BY_4_0,234.5
Artibeus lituratus,1418249556,MX,80.0,1983,CC_BY_4_0,6.0
Artibeus lituratus,1418249864,MX,80.0,1987,CC_BY_4_0,1518.0
Artibeus lituratus,1418247029,MX,90.0,2009,CC_BY_4_0,904.0
Artibeus lituratus,1418248771,MX,90.0,1980,CC_BY_4_0,490.0
Artibeus lituratus,1418249701,MX,90.0,1998,CC_BY_4_0,178.0
Artibeus lituratus,1418245071,MX,90.0,1981,CC_BY_4_0,591.5
Artibeus lituratus,1418249117,MX,80.0,1975,CC_BY_4_0,442.0
Artibeus lituratus,1418243676,MX,90.0,2002,CC_BY_4_0,1356.0
Artibeus lituratus,1418243976,MX,110.0,1979,CC_BY_4_0,21.5
Artibeus lituratus,1418244041,MX,90.0,1981,CC_BY_4_0,403.0
Artibeus lituratus,1418246066,MX,90.0,1987,CC_BY_4_0,1318.5
Artibeus lituratus,1418248896,MX,100.0,1980,CC_BY_4_0,274.5
Artibeus lituratus,1418250378,MX,90.0,1993,CC_BY_4_0,1320.0
Artibeus lituratus,1418242105,MX,100.0,1984,CC_BY_4_0,1011.5
Artibeus lituratus,1418242585,MX,100.0,1987,CC_BY_4_0,2100.0
Artibeus lituratus,1418243334,MX,90.0,1979,CC_BY_4_0,1638.5
Artibeus lituratus,1418246248,MX,90.0,1986,CC_BY_4_0,24.5
Artibeus lituratus,1418243531,MX,80.0,1991,CC_BY_4_0,1424.0
Artibeus lituratus,1418244217,MX,80.0,1984,CC_BY_4_0,62.5
Artibeus lituratus,1418245006,MX,80.0,1984,CC_BY_4_0,435.0
Artibeus lituratus,1418245165,MX,80.0,1992,CC_BY_4_0,24.5
Artibeus lituratus,1418245177,MX,90.0,1989,CC_BY_4_0,119.0
Artibeus lituratus,1418246591,MX,90.0,1993,CC_BY_4_0,968.5
Artibeus lituratus,1418246624,MX,100.0,2009,CC_BY_4_0,104.5
Artibeus lituratus,1418247012,MX,80.0,1982,CC_BY_4_0,1388.0
Artibeus lituratus,1418247423,MX,80.0,1999,CC_BY_4_0,766.5
Artibeus lituratus,1418247621,MX,80.0,1995,CC_BY_4_0,1857.0
Artibeus lituratus,1418248331,MX,80.0,1991,CC_BY_4_0,1650.5
Artibeus lituratus,1418249333,MX,90.0,1988,CC_BY_4_0,137.0
Artibeus lituratus,1418250647,MX,100.0,1983,CC_BY_4_0,15.5
Artibeus lituratus,1418242291,MX,80.0,1991,CC_BY_4_0,1168.5
Artibeus lituratus,1418242753,MX,90.0,1984,CC_BY_4_0,1127.0
Artibeus lituratus,1418243038,MX,80.0,1984,CC_BY_4_0,12.0
Artibeus lituratus,1418243185,MX,80.0,1994,CC_BY_4_0,1019.0
Artibeus lituratus,1418244933,MX,80.0,1982,CC_BY_4_0,1077.5
Artibeus lituratus,1418245526,MX,80.0,1992,CC_BY_4_0,1964.0
Artibeus lituratus,1418246314,MX,100.0,1980,CC_BY_4_0,516.0
Artibeus lituratus,1418246487,MX,90.0,1995,CC_BY_4_0,75.0
Artibeus lituratus,1418246688,MX,90.0,1984,CC_BY_4_0,1175.0
Artibeus lituratus,1418249100,MX,100.0,1984,CC_BY_4_0,1235.0
Artibeus lituratus,1418249972,MX,100.0,1978,CC_BY_4_0,6.0
Artibeus lituratus,1418250197,MX,70.0,1993,CC_BY_4_0,135.0
Artibeus lituratus,1418244739,MX,80.0,2000,CC_BY_4_0,6.0
Artibeus lituratus,1418244838,MX,80.0,2003,CC_BY_4_0,427.0
Artibeus lituratus,1418245296,MX,90.0,1980,CC_BY_4_0,1267.5
Artibeus lituratus,1418245994,MX,90.0,1992,CC_BY_4_0,78.5
Artibeus lituratus,1418246886,MX,100.0,1980,CC_BY_4_0,413.0
Artibeus lituratus,1418247072,MX,70.0,1992,CC_BY_4_0,26.0
Artibeus lituratus,1418247574,MX,90.0,1986,CC_BY_4_0,1811.5
Artibeus lituratus,1418248420,MX,100.0,1985,CC_BY_4_0,771.0
Artibeus lituratus,1418248939,MX,100.0,2002,CC_BY_4_0,74.5
Artibeus lituratus,1418249250,MX,90.0,1995,CC_BY_4_0,507.5
Artibeus lituratus,1418249584,MX,80.0,1996,CC_BY_4_0,566.0
Artibeus lituratus,1418250286,MX,70.0,1999,CC_BY_4_0,773.5
Artibeus lituratus,1418251125,MX,80.0,1983,CC_BY_4_0,742.5
Artibeus lituratus,2013414323,MX,,2000,CC_BY_4_0,1571.0
Artibeus lituratus,2013414621,MX,,2007,CC_BY_4_0,1654.0
Artibeus lituratus,4169245924,MX,,2017,CC_BY_4_0,10.0
Artibeus phaeotis,1571716210,CO,544.0,2003,CC_BY_4_0,911.0
Artibeus phaeotis,1571716609,CO,544.0,2005,CC_BY_4_0,817.5
Artibeus phaeotis,1571716612,CO,2895.0,2005,CC_BY_4_0,614.5
Artibeus phaeotis,1571716629,CO,2365.0,2005,CC_BY_4_0,1090.0
Artibeus phaeotis,1571716970,CO,544.0,2007,CC_BY_4_0,633.5
Artibeus phaeotis,1571717492,CO,505.0,2014,CC_BY_4_0,5.0
Artibeus phaeotis,1571717731,CO,501.0,2014,CC_BY_4_0,245.5
Artibeus phaeotis,1571717839,CO,505.0,2014,CC_BY_4_0,282.5
Artibeus phaeotis,2863950315,GT,48617.0,1998,CC_BY_NC_4_0,208.5
Artibeus phaeotis,2863950385,GT,301.0,1990,CC_BY_NC_4_0,316.0
Artibeus phaeotis,1893350397,MX,100.0,1978,CC_BY_4_0,184.0
Artibeus phaeotis,1893350452,MX,90.0,1991,CC_BY_4_0,361.0
Artibeus phaeotis,1893350506,MX,90.0,1991,CC_BY_4_0,30.5
Artibeus phaeotis,4857867593,SV,7579.0,1992,CC0_1_0,0.0
Artibeus phaeotis,4857867594,SV,22580.0,1993,CC0_1_0,75.5
Artibeus phaeotis,4857904540,NI,3795.0,1972,CC0_1_0,163.0
Artibeus phaeotis,4857964046,HN,5370.0,1971,CC0_1_0,656.5
Artibeus phaeotis,4857868956,BZ,2516.0,1971,CC0_1_0,482.0
Artibeus phaeotis,4857886086,MX,7622.0,1970,CC0_1_0,23.0
Artibeus phaeotis,4857940039,MX,1460.0,1979,CC0_1_0,26.5
Artibeus phaeotis,4857959827,HN,4369.0,1971,CC0_1_0,1048.0
Artibeus phaeotis,4857859776,SV,5580.0,1993,CC0_1_0,11.0
Artibeus phaeotis,4857862031,CR,3998.0,1977,CC0_1_0,106.5
Artibeus phaeotis,4858001647,HN,3823.0,1975,CC0_1_0,513.5
Artibeus phaeotis,4857859778,SV,3830.0,1993,CC0_1_0,151.0
Artibeus phaeotis,4857867596,SV,6217.0,1993,CC0_1_0,208.0
Artibeus phaeotis,4857879891,MX,5333.0,1970,CC0_1_0,764.0
Artibeus phaeotis,4857888402,SV,8410.0,1971,CC0_1_0,457.0
Artibeus phaeotis,4857894551,NI,6474.0,1971,CC0_1_0,47.5
Artibeus phaeotis,4857898391,NI,10902.0,1972,CC0_1_0,152.5
Artibeus phaeotis,4857934936,NI,3673.0,1977,CC0_1_0,1.0
Artibeus phaeotis,4857939905,BZ,916.0,1971,CC0_1_0,80.5
Artibeus phaeotis,4857940038,MX,30322.0,1979,CC0_1_0,414.5
Artibeus phaeotis,4857959826,HN,4371.0,1971,CC0_1_0,508.5
Artibeus phaeotis,4857959829,CR,3043.0,1971,CC0_1_0,8.0
Artibeus phaeotis,4857964043,HN,4527.0,1971,CC0_1_0,241.5
Artibeus phaeotis,4857974037,SV,8351.0,1972,CC0_1_0,96.0
Artibeus phaeotis,4858001646,SV,5874.0,1975,CC0_1_0,10.5
Artibeus phaeotis,4858002210,NI,3693.0,1977,CC0_1_0,0.0
Artibeus phaeotis,4858008422,HN,1922.0,1991,CC0_1_0,20.0
Artibeus phaeotis,3774742393,CO,,1988,CC_BY_4_0,0.0
Artibeus phaeotis,1320159693,GT,,1972,CC0_1_0,7.5
Artibeus phaeotis,1320832173,BZ,,1995,CC0_1_0,99.0
Artibeus phaeotis,1320502276,BZ,,1995,CC0_1_0,265.5
Artibeus phaeotis,5101575393,MX,,2009,CC_BY_4_0,348.0
Artibeus phaeotis,5101575923,MX,,2015,CC_BY_4_0,443.5
Artibeus phaeotis,3042303383,MX,,1987,CC0_1_0,0.0
Artibeus phaeotis,3042303192,MX,,1987,CC0_1_0,0.0
Artibeus phaeotis,2884006484,CO,,2000,CC_BY_NC_4_0,32.5
Artibeus phaeotis,2804495464,NI,,2016,CC0_1_0,380.0
Artibeus phaeotis,2804484743,MX,5000.0,1989,CC0_1_0,11.0
Artibeus phaeotis,2804484184,MX,1250.0,1987,CC0_1_0,54.0
Artibeus phaeotis,2804492821,BZ,1500.0,1975,CC0_1_0,125.0
Artibeus phaeotis,2804494812,MX,1250.0,1986,CC0_1_0,43.0
Artibeus phaeotis,2804495572,MX,6000.0,1984,CC0_1_0,14.0
Artibeus phaeotis,2804496753,MX,500.0,1990,CC0_1_0,65.0
Artibeus phaeotis,2804497414,MX,3000.0,1989,CC0_1_0,115.5
Artibeus phaeotis,2804500022,MX,5000.0,1987,CC0_1_0,109.5
Artibeus phaeotis,2629080394,MX,70.0,1997,CC_BY_4_0,24.0
Artibeus phaeotis,2629101152,MX,70.0,2002,CC_BY_4_0,22.5
Artibeus phaeotis,2629103268,MX,100.0,1991,CC_BY_4_0,563.0
Artibeus phaeotis,2629086348,MX,70.0,1997,CC_BY_4_0,1.0
Artibeus phaeotis,2629086821,MX,100.0,1970,CC_BY_4_0,810.5
Artibeus phaeotis,2629102135,MX,80.0,1984,CC_BY_4_0,5.5
Artibeus phaeotis,2629113848,MX,70.0,2002,CC_BY_4_0,5.0
Artibeus phaeotis,2629098285,MX,90.0,1976,CC_BY_4_0,18.0
Artibeus phaeotis,2629095241,MX,90.0,1986,CC_BY_4_0,406.0
Artibeus phaeotis,2629099185,MX,90.0,1976,CC_BY_4_0,10.5
Artibeus phaeotis,2629099928,MX,,1978,CC_BY_4_0,183.0
Artibeus phaeotis,2629089617,MX,90.0,1976,CC_BY_4_0,24.5
Artibeus phaeotis,2629095533,MX,70.0,1992,CC_BY_4_0,5.5
Artibeus phaeotis,2629102373,MX,70.0,1989,CC_BY_4_0,2.0
Artibeus phaeotis,2629080132,MX,90.0,1973,CC_BY_4_0,869.0
Artibeus phaeotis,2629080610,MX,100.0,2004,CC_BY_4_0,9.0
Artibeus phaeotis,2629082111,MX,90.0,1976,CC_BY_4_0,12.5
Artibeus phaeotis,2629102702,MX,90.0,1986,CC_BY_4_0,267.5
Artibeus phaeotis,2629111650,MX,90.0,1976,CC_BY_4_0,55.0
Artibeus phaeotis,2629084981,MX,,1970,CC_BY_4_0,227.0
Artibeus phaeotis,2629089680,MX,90.0,1978,CC_BY_4_0,18.5
Artibeus phaeotis,2629093267,MX,70.0,1989,CC_BY_4_0,7.0
Artibeus phaeotis,2629103809,MX,90.0,1986,CC_BY_4_0,399.0
Artibeus phaeotis,2629104850,MX,80.0,1972,CC_BY_4_0,14.5
Artibeus phaeotis,2629109452,MX,70.0,2002,CC_BY_4_0,5.0
Artibeus phaeotis,2629109936,MX,,1992,CC_BY_4_0,52.0
Artibeus phaeotis,2629110043,MX,70.0,1989,CC_BY_4_0,8.0
Artibeus phaeotis,2629114365,MX,90.0,1976,CC_BY_4_0,727.5
Artibeus phaeotis,2629114949,MX,,1970,CC_BY_4_0,724.0
Artibeus phaeotis,1638731666,CO,,2015,CC_BY_NC_4_0,1118.0
Artibeus phaeotis,1638731744,CO,,2015,CC_BY_NC_4_0,456.0
Artibeus phaeotis,4168651397,MX,100.0,2000,CC_BY_4_0,850.0
Artibeus phaeotis,859568793,CR,,1988,CC0_1_0,83.0
Artibeus phaeotis,859568794,CR,,1988,CC0_1_0,110.5
Artibeus phaeotis,1977887999,CO,,2006,CC0_1_0,104.0
Artibeus phaeotis,3068259574,CO,,2001,CC0_1_0,70.5
Artibeus phaeotis,3068259750,CO,,2005,CC0_1_0,63.5
Artibeus phaeotis,3068259788,CO,,2004,CC0_1_0,107.0
Artibeus phaeotis,3068260009,CO,,2003,CC0_1_0,71.5
Artibeus phaeotis,3068260033,CO,,2010,CC0_1_0,67.0
Artibeus phaeotis,919142723,CO,1085.0,2012,CC0_1_0,1138.5
Artibeus phaeotis,919142794,CO,1002.0,1991,CC0_1_0,926.5
Artibeus phaeotis,1078916999,CO,4352.0,1988,CC0_1_0,1020.0
Artibeus phaeotis,1609371399,CO,200.0,2013,CC0_1_0,547.0
Artibeus phaeotis,919142625,CO,1200.0,2012,CC0_1_0,841.5
Artibeus phaeotis,919143045,CO,1659.0,2007,CC0_1_0,0.0
Artibeus phaeotis,1897326827,MX,60.0,1979,CC_BY_4_0,354.0
Artibeus phaeotis,3901044532,MX,,2012,CC_BY_4_0,32.0
Artibeus phaeotis,3901047896,MX,,2009,CC_BY_4_0,98.5
Artibeus phaeotis,3901044538,MX,,2012,CC_BY_4_0,136.5
Artibeus phaeotis,3901054871,MX,,2020,CC_BY_4_0,369.5
Artibeus phaeotis,1893502610,MX,15050.0,1977,CC_BY_4_0,228.0
Artibeus phaeotis,1893502618,MX,3300.0,1975,CC_BY_4_0,122.5
Artibeus phaeotis,1893502640,MX,2501.02,1990,CC_BY_4_0,82.0
Artibeus phaeotis,1893502509,MX,242.0,1978,CC_BY_4_0,560.0
Artibeus phaeotis,1893502673,MX,1650.02,1987,CC_BY_4_0,36.5
Artibeus phaeotis,1893502705,MX,512.02,1975,CC_BY_4_0,0.0
Artibeus phaeotis,2630270881,MX,2599.02,1970,CC_BY_4_0,849.5
Artibeus phaeotis,1315008349,CO,500.0,1983,CC_BY_NC_4_0,239.0
Artibeus phaeotis,1806451694,CO,1000.0,1993,CC_BY_NC_4_0,996.5
Artibeus phaeotis,1315008332,CO,850.0,1987,CC_BY_NC_4_0,1052.5
Artibeus phaeotis,1315008340,CO,360.0,1987,CC_BY_NC_4_0,1178.5
Artibeus phaeotis,1806453331,CO,1562.0,1994,CC_BY_NC_4_0,1112.5
Artibeus phaeotis,1806452462,CO,18682.0,1993,CC_BY_NC_4_0,755.5
Artibeus phaeotis,1806453895,CO,237246.0,1997,CC_BY_NC_4_0,283.0
Artibeus phaeotis,4100391350,CO,,2021,CC_BY_NC_4_0,119.5
Artibeus phaeotis,4979160605,CO,,2004,CC_BY_NC_4_0,449.5
Artibeus phaeotis,1896006431,MX,90.0,1991,CC_BY_4_0,0.0
Artibeus phaeotis,1896006438,MX,80.0,1999,CC_BY_4_0,73.0
Artibeus phaeotis,1896006461,MX,80.0,1999,CC_BY_4_0,59.0
Artibeus phaeotis,665732941,BZ,1.72,1978,CC0_1_0,27.5
Artibeus phaeotis,665889641,BZ,1.25,1978,CC0_1_0,192.0
Artibeus phaeotis,665899391,BZ,0.92,1975,CC0_1_0,30.0
Artibeus phaeotis,665822653,BZ,1.32,1974,CC0_1_0,7.0
Artibeus phaeotis,665876325,BZ,1.57,1975,CC0_1_0,29.5
Artibeus phaeotis,665885269,BZ,1.87,1976,CC0_1_0,0.0
Artibeus phaeotis,665822644,BZ,1.84,1976,CC0_1_0,34.5
Artibeus phaeotis,665903117,BZ,0.92,1978,CC0_1_0,589.0
Artibeus phaeotis,665822651,BZ,0.92,1975,CC0_1_0,60.0
Artibeus phaeotis,665743175,BZ,4.59,1974,CC0_1_0,141.5
Artibeus phaeotis,665748077,BZ,1.32,1977,CC0_1_0,11.5
Artibeus phaeotis,665734816,BZ,2.35,1973,CC0_1_0,51.0
Artibeus phaeotis,665822658,BZ,0.28,1975,CC0_1_0,301.5
Artibeus phaeotis,665822648,BZ,1.42,1976,CC0_1_0,22.0
Artibeus phaeotis,3890565843,CO,,2016,CC_BY_NC_4_0,342.5
Artibeus phaeotis,2422214124,CO,,2005,CC_BY_NC_4_0,992.5
Artibeus phaeotis,5904951518,CO,,2023,CC_BY_NC_4_0,827.5
Artibeus phaeotis,1609371188,CO,,2003,CC_BY_NC_4_0,852.0
Artibeus phaeotis,1609371244,CO,,2004,CC_BY_NC_4_0,219.0
Artibeus phaeotis,2422214109,CO,,2004,CC_BY_NC_4_0,1199.0
Artibeus phaeotis,2422214949,CO,,2015,CC_BY_NC_4_0,749.5
Artibeus phaeotis,5904951476,CO,,2023,CC_BY_NC_4_0,943.5
Artibeus phaeotis,3821076409,CO,,2017,CC_BY_NC_4_0,94.0
Artibeus phaeotis,1417788184,MX,70.0,1986,CC_BY_4_0,9.0
Artibeus phaeotis,1417816215,MX,70.0,1984,CC_BY_4_0,0.0
Artibeus phaeotis,1417802954,MX,100.0,1972,CC_BY_4_0,1.5
Artibeus phaeotis,1417805238,MX,90.0,1994,CC_BY_4_0,268.0
Artibeus phaeotis,3350179690,PA,,1995,CC_BY_4_0,813.5
Artibeus phaeotis,3346839678,MX,,1989,CC_BY_4_0,160.0
Artibeus phaeotis,3346888449,GT,,1991,CC_BY_4_0,670.0
Artibeus phaeotis,3347091643,PA,,1995,CC_BY_4_0,59.0
Artibeus phaeotis,3346872430,GT,,1991,CC_BY_4_0,59.5
Artibeus phaeotis,3346890452,GT,,1991,CC_BY_4_0,249.5
Artibeus phaeotis,865724163,BZ,10000.0,1997,CC_BY_4_0,17.0
Artibeus phaeotis,2266109597,MX,2.0,1973,CC0_1_0,4.5
Artibeus phaeotis,1418525063,MX,,1979,CC_BY_4_0,3.0
Artibeus phaeotis,1418526409,MX,,1986,CC_BY_4_0,1099.5
Artibeus phaeotis,1418525402,MX,,1987,CC_BY_4_0,269.5
Artibeus phaeotis,1418525617,MX,,1994,CC_BY_4_0,191.5
Artibeus phaeotis,1893577269,MX,90.0,1985,CC_BY_4_0,632.5
Artibeus phaeotis,1893577389,MX,100.0,1998,CC_BY_4_0,654.5
Artibeus phaeotis,5898728229,GT,,2005,CC_BY_NC_4_0,572.5
Artibeus phaeotis,4026657746,CO,,2013,CC_BY_NC_4_0,984.0
Artibeus phaeotis,4026686932,CO,,2021,CC_BY_NC_4_0,77.0
Artibeus phaeotis,3356348789,MX,11457.0,1984,CC0_1_0,61.0
Artibeus phaeotis,1676065575,CO,,2016,CC0_1_0,1200.0
Artibeus phaeotis,859262843,GT,,2001,CC0_1_0,13.5
Artibeus phaeotis,859263608,GT,,1993,CC0_1_0,121.5
Artibeus phaeotis,859266003,GT,,2004,CC0_1_0,215.0
Artibeus phaeotis,859263296,GT,,1999,CC0_1_0,18.0
Artibeus phaeotis,859263298,GT,,1995,CC0_1_0,549.0
Artibeus phaeotis,859263306,GT,,1989,CC0_1_0,110.0
Artibeus phaeotis,859263313,GT,,1989,CC0_1_0,170.0
Artibeus phaeotis,859263317,GT,,1995,CC0_1_0,271.0
Artibeus phaeotis,859264146,GT,,1990,CC0_1_0,135.0
Artibeus phaeotis,859265392,GT,,1997,CC0_1_0,332.5
Artibeus phaeotis,3306342349,MX,,2015,CC_BY_4_0,1165.0
Artibeus phaeotis,3306339512,MX,,2014,CC_BY_4_0,123.0
Artibeus phaeotis,3306341665,MX,,2011,CC_BY_4_0,192.0
Artibeus phaeotis,3306342463,MX,,2014,CC_BY_4_0,108.5
Artibeus phaeotis,3306339846,MX,,2002,CC_BY_4_0,228.5
Artibeus phaeotis,3306340660,MX,,2014,CC_BY_4_0,403.5
Artibeus phaeotis,3306341839,MX,,2009,CC_BY_4_0,153.0
Artibeus phaeotis,919425367,PA,3351.0,1979,CC0_1_0,0.0
Artibeus phaeotis,919442351,BZ,2564.0,1971,CC0_1_0,135.5
Artibeus phaeotis,919433483,CR,3301.0,1977,CC0_1_0,6.0
Artibeus phaeotis,894742602,MX,,2002,CC0_1_0,350.0
Artibeus phaeotis,202060274,MX,,1999,CC0_1_0,124.0
Artibeus phaeotis,202060219,MX,,2000,CC0_1_0,227.0
Artibeus phaeotis,202060225,MX,,2001,CC0_1_0,838.5
Artibeus phaeotis,202060267,MX,,1997,CC0_1_0,66.5
Artibeus phaeotis,894738316,MX,3036.0,1975,CC0_1_0,768.5
Artibeus phaeotis,894742393,MX,,2002,CC0_1_0,119.5
Artibeus phaeotis,894742556,MX,,2004,CC0_1_0,56.5
Artibeus phaeotis,894742793,MX,,2002,CC0_1_0,164.5
Artibeus phaeotis,5099422909,MX,20388.0,1978,CC0_1_0,18.0
Artibeus phaeotis,5099712154,PA,,2018,CC0_1_0,18.5
Artibeus phaeotis,5099701190,PA,100.0,2014,CC0_1_0,86.0
Artibeus phaeotis,5099422741,MX,2250.0,1973,CC0_1_0,119.0
Artibeus phaeotis,5099712185,PA,100.0,2016,CC0_1_0,40.5
Artibeus phaeotis,5099685587,PA,100.0,2015,CC0_1_0,111.0
Artibeus phaeotis,5099707843,PA,10.0,2016,CC0_1_0,399.5
Artibeus phaeotis,5099701193,PA,100.0,2015,CC0_1_0,14.5
Artibeus phaeotis,5099704199,PA,100.0,2015,CC0_1_0,224.5
Artibeus phaeotis,5099689608,PA,10.0,2015,CC0_1_0,108.0
Artibeus phaeotis,5099652325,PA,,2012,CC0_1_0,19.5
Artibeus phaeotis,1427585973,CO,,2015,CC_BY_NC_4_0,26.5
Artibeus phaeotis,2630400482,MX,90.0,1995,CC_BY_4_0,817.5
Artibeus phaeotis,4168610590,MX,100.0,1970,CC_BY_4_0,211.5
Artibeus phaeotis,2630376512,MX,90.0,1982,CC_BY_4_0,529.0
Artibeus phaeotis,2630393531,GT,,1970,CC_BY_4_0,10.0
Artibeus phaeotis,2630341903,MX,100.0,1970,CC_BY_4_0,99.0
Artibeus phaeotis,2630342925,MX,90.0,1970,CC_BY_4_0,47.0
Artibeus phaeotis,2630398923,MX,90.0,1991,CC_BY_4_0,341.5
Artibeus phaeotis,2630340425,MX,90.0,1995,CC_BY_4_0,860.5
Artibeus phaeotis,2630394814,MX,5158.0,1984,CC_BY_4_0,2.5
Artibeus phaeotis,2630396877,MX,100.0,1970,CC_BY_4_0,356.0
Artibeus phaeotis,2630401833,MX,90.0,1991,CC_BY_4_0,178.0
Artibeus phaeotis,4168605170,MX,90.0,1970,CC_BY_4_0,60.0
Artibeus phaeotis,4168614866,MX,100.0,1970,CC_BY_4_0,74.0
Artibeus phaeotis,2630320508,MX,100.0,1982,CC_BY_4_0,7.5
Artibeus phaeotis,2630342512,GT,,1970,CC_BY_4_0,147.0
Artibeus phaeotis,2630395918,MX,90.0,1991,CC_BY_4_0,115.0
Artibeus phaeotis,2630401859,MX,90.0,1970,CC_BY_4_0,598.5
Artibeus phaeotis,2630401863,MX,90.0,1970,CC_BY_4_0,748.5
Artibeus phaeotis,4168614501,MX,100.0,1970,CC_BY_4_0,89.5
Artibeus phaeotis,4168624886,MX,70.0,1970,CC_BY_4_0,0.0
Artibeus phaeotis,2630345389,MX,70.0,1970,CC_BY_4_0,33.0
Artibeus phaeotis,2630401066,GT,,1970,CC_BY_4_0,177.5
Artibeus phaeotis,4168621238,MX,100.0,1970,CC_BY_4_0,15.5
Artibeus phaeotis,4168622846,MX,90.0,1970,CC_BY_4_0,12.5
Artibeus phaeotis,2630330124,MX,90.0,1989,CC_BY_4_0,188.5
Artibeus phaeotis,4168624302,MX,90.0,1970,CC_BY_4_0,110.5
Artibeus phaeotis,3463351484,CO,,2018,CC_BY_NC_4_0,355.5
Artibeus phaeotis,1065389612,CR,1202.0,1971,CC0_1_0,165.5
Artibeus phaeotis,1065364489,MX,4548.0,1985,CC0_1_0,513.5
Artibeus phaeotis,1065419916,CR,7137.0,1971,CC0_1_0,19.0
Artibeus phaeotis,1065426831,MX,1993.0,1983,CC0_1_0,7.5
Artibeus phaeotis,1894598443,MX,90.0,1978,CC_BY_4_0,67.0
Artibeus phaeotis,1894603337,MX,90.0,1992,CC_BY_4_0,331.5
Artibeus phaeotis,1894598426,MX,100.0,1975,CC_BY_4_0,0.0
Artibeus phaeotis,1894598481,MX,100.0,1971,CC_BY_4_0,419.5
Artibeus phaeotis,1894598488,MX,100.0,1997,CC_BY_4_0,17.0
Artibeus phaeotis,1894603437,MX,70.0,1981,CC_BY_4_0,20.0
Artibeus phaeotis,1894603473,MX,90.0,2000,CC_BY_4_0,194.5
Artibeus phaeotis,1894603511,MX,80.0,1983,CC_BY_4_0,33.0
Artibeus phaeotis,675881171,MX,,1981,CC0_1_0,69.0
Artibeus phaeotis,675869833,MX,,1980,CC0_1_0,54.5
Artibeus phaeotis,675909834,HN,,1983,CC0_1_0,961.5
Artibeus phaeotis,675861762,MX,,1978,CC0_1_0,9.0
Artibeus phaeotis,675934617,MX,,1987,CC0_1_0,790.0
Artibeus phaeotis,675934630,MX,,1986,CC0_1_0,6.0
Artibeus phaeotis,675846404,MX,,1976,CC0_1_0,59.0
Artibeus phaeotis,675909802,HN,,1983,CC0_1_0,0.0
Artibeus phaeotis,675881179,MX,,1981,CC0_1_0,165.5
Artibeus phaeotis,675879386,MX,,1976,CC0_1_0,0.0
Artibeus phaeotis,675869780,MX,,1980,CC0_1_0,172.0
Artibeus phaeotis,1122711334,PA,,1984,CC_BY_NC_4_0,151.0
Artibeus phaeotis,1122691154,PA,,1973,CC_BY_NC_4_0,460.5
Artibeus phaeotis,1122691461,PA,,1973,CC_BY_NC_4_0,0.0
Artibeus phaeotis,476874633,CR,2166.0,2002,CC_BY_NC_4_0,732.5
Artibeus phaeotis,476874825,CR,,2002,CC_BY_NC_4_0,278.5
Artibeus phaeotis,4169259618,MX,100.0,2008,CC_BY_4_0,32.0
Artibeus phaeotis,4169216662,MX,90.0,1988,CC_BY_4_0,28.0
Artibeus phaeotis,4169024697,MX,90.0,1970,CC_BY_4_0,56.0
Artibeus phaeotis,4168937655,MX,90.0,1999,CC_BY_4_0,390.0
Artibeus phaeotis,4169049690,MX,100.0,1984,CC_BY_4_0,586.5
Artibeus phaeotis,4169265436,MX,90.0,1981,CC_BY_4_0,246.0
Artibeus phaeotis,4169179264,MX,90.0,1999,CC_BY_4_0,118.5
Artibeus phaeotis,4169258382,MX,90.0,1984,CC_BY_4_0,468.5
Artibeus phaeotis,4169173104,MX,80.0,1982,CC_BY_4_0,33.0
Artibeus phaeotis,4169240806,MX,90.0,1985,CC_BY_4_0,145.5
Artibeus phaeotis,4169184623,MX,90.0,1983,CC_BY_4_0,675.0
Artibeus phaeotis,4169259769,MX,100.0,1980,CC_BY_4_0,123.5
Artibeus phaeotis,4168938261,MX,,1980,CC_BY_4_0,47.5
Artibeus phaeotis,4168961698,MX,90.0,1999,CC_BY_4_0,24.0
Artibeus phaeotis,4169282129,MX,100.0,1971,CC_BY_4_0,22.0
Artibeus phaeotis,4169283312,MX,100.0,1986,CC_BY_4_0,158.5
Artibeus phaeotis,4168961464,MX,90.0,1983,CC_BY_4_0,11.0
Artibeus phaeotis,4169256688,MX,100.0,1979,CC_BY_4_0,0.0
Artibeus phaeotis,4169171205,MX,80.0,1988,CC_BY_4_0,4.0
Artibeus phaeotis,4169179199,MX,,1980,CC_BY_4_0,24.5
Artibeus phaeotis,4169152213,MX,80.0,1988,CC_BY_4_0,125.5
Artibeus phaeotis,4169275718,MX,80.0,1990,CC_BY_4_0,102.5
Artibeus phaeotis,4168888341,MX,100.0,1978,CC_BY_4_0,96.0
Artibeus phaeotis,4169239479,MX,80.0,1983,CC_BY_4_0,87.0
Artibeus phaeotis,4169257233,MX,90.0,1988,CC_BY_4_0,43.5
Artibeus phaeotis,4169264651,MX,90.0,2006,CC_BY_4_0,246.0
Artibeus phaeotis,4169135992,MX,,1980,CC_BY_4_0,8.0
Artibeus phaeotis,4169263337,MX,90.0,1994,CC_BY_4_0,254.5
Artibeus phaeotis,4169199292,MX,70.0,1991,CC_BY_4_0,19.0
Artibeus phaeotis,4169247085,MX,,1980,CC_BY_4_0,65.0
Artibeus phaeotis,4169217213,MX,90.0,1986,CC_BY_4_0,851.0
Artibeus phaeotis,4169228545,MX,100.0,1979,CC_BY_4_0,16.0
Artibeus phaeotis,4169271025,MX,80.0,1989,CC_BY_4_0,3.0
Artibeus phaeotis,4169265018,MX,70.0,1982,CC_BY_4_0,33.0
Artibeus phaeotis,4169159503,MX,100.0,2011,CC_BY_4_0,9.0
Artibeus phaeotis,4169246882,MX,80.0,1988,CC_BY_4_0,3.0
Artibeus phaeotis,4169266542,MX,100.0,2006,CC_BY_4_0,272.5
Artibeus phaeotis,4169284030,MX,90.0,1987,CC_BY_4_0,146.5
Artibeus phaeotis,4169146851,MX,,1986,CC_BY_4_0,328.5
Artibeus phaeotis,4169176428,MX,,1998,CC_BY_4_0,983.0
Artibeus phaeotis,4169184726,MX,80.0,1982,CC_BY_4_0,80.5
Artibeus phaeotis,4169246887,MX,90.0,1970,CC_BY_4_0,298.5
Artibeus phaeotis,4169200515,MX,90.0,1985,CC_BY_4_0,18.5
Artibeus phaeotis,4169228059,MX,,1980,CC_BY_4_0,17.5
Artibeus phaeotis,4169233642,MX,100.0,1972,CC_BY_4_0,16.0
Artibeus phaeotis,4169254490,MX,,1970,CC_BY_4_0,255.0
Artibeus phaeotis,4169278062,MX,90.0,2001,CC_BY_4_0,527.0
Artibeus phaeotis,4169012773,MX,100.0,1972,CC_BY_4_0,458.0
Artibeus phaeotis,4169125358,MX,70.0,1991,CC_BY_4_0,0.0
Artibeus phaeotis,4169228829,MX,600.0,1986,CC_BY_4_0,713.0
Artibeus phaeotis,2573304968,BZ,548.0,2014,CC_BY_NC_4_0,135.0
Artibeus phaeotis,476874365,CR,,2002,CC_BY_NC_4_0,642.5
Artibeus phaeotis,3390876133,CO,,1971,CC_BY_NC_4_0,148.0
Artibeus phaeotis,3390876143,CO,,1982,CC_BY_NC_4_0,16.5
Artibeus phaeotis,2650655236,CO,1030.0,2004,CC_BY_NC_4_0,490.5
Artibeus phaeotis,2650655336,CO,490.0,2007,CC_BY_NC_4_0,1179.0
Artibeus phaeotis,2650655395,CO,1130.0,2004,CC_BY_NC_4_0,505.5
Artibeus phaeotis,2650655842,CO,501.0,2009,CC_BY_NC_4_0,85.0
Artibeus phaeotis,2650656051,CO,,2011,CC_BY_NC_4_0,62.0
Artibeus phaeotis,2650656189,CO,,2011,CC_BY_NC_4_0,96.5
Artibeus phaeotis,2650656210,CO,1530.0,2006,CC_BY_NC_4_0,1099.0
Artibeus phaeotis,2650656222,CO,,2011,CC_BY_NC_4_0,68.5
Artibeus phaeotis,1898049900,MX,90.0,1996,CC_BY_4_0,554.0
Artibeus phaeotis,1898049965,MX,90.0,1993,CC_BY_4_0,397.5
Artibeus phaeotis,1898049973,MX,90.0,1992,CC_BY_4_0,544.0
Artibeus phaeotis,1898052626,MX,,2008,CC_BY_4_0,927.5
Artibeus phaeotis,1898052669,MX,,1998,CC_BY_4_0,7.5
Artibeus phaeotis,1898052682,MX,80.0,2007,CC_BY_4_0,12.0
Artibeus phaeotis,1898049926,MX,90.0,2001,CC_BY_4_0,71.0
Artibeus phaeotis,1898052674,MX,,1997,CC_BY_4_0,0.0
Artibeus phaeotis,1898052688,MX,,2001,CC_BY_4_0,30.0
Artibeus phaeotis,1898052747,MX,,2001,CC_BY_4_0,124.5
Artibeus phaeotis,1898049948,MX,70.0,1994,CC_BY_4_0,8.0
Artibeus phaeotis,1898052633,MX,,2003,CC_BY_4_0,3.5
Artibeus phaeotis,1898049882,MX,80.0,1994,CC_BY_4_0,33.5
Artibeus phaeotis,1898049982,MX,90.0,1993,CC_BY_4_0,164.0
Artibeus phaeotis,1898049983,MX,80.0,1994,CC_BY_4_0,43.5
Artibeus phaeotis,1898050002,MX,80.0,1995,CC_BY_4_0,0.0
Artibeus phaeotis,1898052664,MX,,2001,CC_BY_4_0,238.0
Artibeus phaeotis,1898052679,MX,70.0,1997,CC_BY_4_0,6.5
Artibeus phaeotis,1898052690,MX,,2012,CC_BY_4_0,147.5
Artibeus phaeotis,1898052708,MX,,2000,CC_BY_4_0,5.0
Artibeus phaeotis,1898052716,MX,,1997,CC_BY_4_0,10.5
Artibeus phaeotis,1898052737,MX,,2000,CC_BY_4_0,1.5
Artibeus phaeotis,1898049902,MX,80.0,1993,CC_BY_4_0,6.0
Artibeus phaeotis,1898049932,MX,70.0,1996,CC_BY_4_0,4.0
Artibeus phaeotis,1898049938,MX,80.0,1986,CC_BY_4_0,26.5
Artibeus phaeotis,1898049954,MX,80.0,1994,CC_BY_4_0,29.0
Artibeus phaeotis,1898049957,MX,80.0,1995,CC_BY_4_0,0.0
Artibeus phaeotis,1898052639,MX,80.0,1989,CC_BY_4_0,13.5
Artibeus phaeotis,1898052660,MX,90.0,2010,CC_BY_4_0,72.0
Artibeus phaeotis,1898052707,MX,,2009,CC_BY_4_0,73.0
Artibeus phaeotis,1898052752,MX,,1999,CC_BY_4_0,140.5
Artibeus phaeotis,1898052762,MX,,2001,CC_BY_4_0,13.5
Artibeus phaeotis,1898052642,MX,,2000,CC_BY_4_0,24.5
Artibeus phaeotis,1898052649,MX,,2009,CC_BY_4_0,37.0
Artibeus phaeotis,1898052658,MX,,2003,CC_BY_4_0,154.0
Artibeus phaeotis,1898052700,MX,,1999,CC_BY_4_0,72.5
Artibeus phaeotis,1898052721,MX,,1998,CC_BY_4_0,7.0
Artibeus phaeotis,1898052728,MX,,2005,CC_BY_4_0,13.5
Artibeus phaeotis,1898049890,MX,80.0,1995,CC_BY_4_0,12.0
Artibeus phaeotis,1898049921,MX,80.0,1996,CC_BY_4_0,6.5
Artibeus phaeotis,1898049930,MX,80.0,1993,CC_BY_4_0,16.0
Artibeus phaeotis,1898049939,MX,80.0,1995,CC_BY_4_0,11.0
Artibeus phaeotis,1898049955,MX,80.0,1994,CC_BY_4_0,179.0
Artibeus phaeotis,1898049990,MX,80.0,1995,CC_BY_4_0,9.0
Artibeus phaeotis,1898049997,MX,90.0,1993,CC_BY_4_0,111.0
Artibeus phaeotis,1898052595,MX,,2009,CC_BY_4_0,729.0
Artibeus phaeotis,1898052650,MX,,1998,CC_BY_4_0,0.0
Artibeus phaeotis,1898052668,MX,,2001,CC_BY_4_0,47.0
Artibeus phaeotis,1898052676,MX,,1999,CC_BY_4_0,170.5
Artibeus phaeotis,1898052680,MX,,1998,CC_BY_4_0,1.0
Artibeus phaeotis,1898052691,MX,,1998,CC_BY_4_0,141.5
Artibeus phaeotis,1898052709,MX,,1998,CC_BY_4_0,258.0
Artibeus phaeotis,1898052710,MX,,2010,CC_BY_4_0,19.0
Artibeus phaeotis,1898052713,MX,,2010,CC_BY_4_0,272.0
Artibeus phaeotis,1898052758,MX,,1998,CC_BY_4_0,9.0
Artibeus phaeotis,1898052764,MX,,2003,CC_BY_4_0,437.5
Artibeus phaeotis,1898053567,MX,,2011,CC_BY_4_0,119.0
Artibeus phaeotis,1898053575,MX,,2008,CC_BY_4_0,274.0
Artibeus phaeotis,5146971899,MX,1913.0,1977,CC0_1_0,40.5
Artibeus phaeotis,5147311500,GT,3000.0,1971,CC0_1_0,113.0
Artibeus phaeotis,1211820780,SV,,1979,CC_BY_4_0,6.0
Artibeus phaeotis,1211780343,BZ,,1971,CC_BY_4_0,21.0
Artibeus phaeotis,1211819507,CO,,1977,CC_BY_4_0,124.5
Artibeus phaeotis,1211827073,MX,,1990,CC_BY_4_0,272.5
Artibeus phaeotis,1211827592,MX,,1989,CC_BY_4_0,54.5
Artibeus phaeotis,1211827669,MX,,1990,CC_BY_4_0,219.5
Artibeus phaeotis,1211816075,CO,,1977,CC_BY_4_0,2.0
Artibeus phaeotis,1211828235,MX,,1989,CC_BY_4_0,0.0
Artibeus phaeotis,1211825866,MX,,1989,CC_BY_4_0,178.0
Artibeus phaeotis,1837224886,MX,,2016,CC_BY_4_0,17.0
Artibeus phaeotis,1211818127,CR,,1986,CC_BY_4_0,183.5
Artibeus phaeotis,1211821268,SV,,1980,CC_BY_4_0,1071.0
Artibeus phaeotis,1211824035,BZ,,1971,CC_BY_4_0,0.0
Artibeus phaeotis,1211826544,MX,,1989,CC_BY_4_0,145.5
Artibeus phaeotis,1211826956,MX,,1990,CC_BY_4_0,4.0
Artibeus phaeotis,1211828455,MX,,1990,CC_BY_4_0,1.0
Artibeus phaeotis,1211828625,MX,,1971,CC_BY_4_0,471.0
Artibeus phaeotis,5209145302,BZ,,2010,CC_BY_4_0,25.0
Artibeus phaeotis,5147427777,GT,2000.0,1978,CC0_1_0,205.0
Artibeus phaeotis,1211827062,MX,,1989,CC_BY_4_0,12.0
Artibeus phaeotis,686493715,CR,0.5,2002,CC_BY_4_0,19.5
Artibeus phaeotis,686478447,MX,6.14,1976,CC_BY_4_0,0.0
Artibeus phaeotis,686485428,CR,0.5,2000,CC_BY_4_0,3.0
Artibeus phaeotis,686462153,CR,4.85,1973,CC_BY_4_0,59.5
Artibeus phaeotis,686490646,NI,1.3,2003,CC_BY_4_0,169.0
Artibeus phaeotis,48036134,MX,,1972,CC0_1_0,1151.0
Artibeus phaeotis,1418247852,MX,80.0,1981,CC_BY_4_0,256.0
Artibeus phaeotis,1418245876,MX,80.0,1985,CC_BY_4_0,5.0
Artibeus phaeotis,1418242549,MX,90.0,1989,CC_BY_4_0,235.0
Artibeus phaeotis,1418249266,MX,90.0,1995,CC_BY_4_0,507.5
Artibeus phaeotis,1418244723,MX,80.0,2000,CC_BY_4_0,6.0
Artibeus phaeotis,1418246575,MX,100.0,2009,CC_BY_4_0,104.5
Artibeus phaeotis,1418248277,MX,80.0,1982,CC_BY_4_0,676.5
Artibeus phaeotis,1418248289,MX,90.0,1989,CC_BY_4_0,960.0
Artibeus phaeotis,1418246642,MX,70.0,2003,CC_BY_4_0,11.0
Artibeus phaeotis,1418250179,MX,90.0,1992,CC_BY_4_0,49.5
Artibeus phaeotis,1418241769,MX,90.0,1989,CC_BY_4_0,848.0
Artibeus phaeotis,1418242516,MX,90.0,1984,CC_BY_4_0,122.0
Artibeus phaeotis,1418247976,MX,80.0,1992,CC_BY_4_0,47.5
Artibeus phaeotis,1418248902,MX,100.0,2002,CC_BY_4_0,74.5
Artibeus phaeotis,1418246980,MX,80.0,1985,CC_BY_4_0,39.0
Artibeus phaeotis,1418243988,MX,90.0,1981,CC_BY_4_0,403.0
Artibeus phaeotis,1418246830,MX,90.0,1998,CC_BY_4_0,120.5
Artibeus phaeotis,1418248321,MX,80.0,1992,CC_BY_4_0,134.0
Artibeus phaeotis,1418249365,MX,90.0,1988,CC_BY_4_0,137.0
Artibeus phaeotis,1418249498,MX,80.0,1985,CC_BY_4_0,34.0
Artibeus phaeotis,4169245953,MX,,2017,CC_BY_4_0,21.0
Artibeus phaeotis,4169245437,MX,,2017,CC_BY_4_0,10.5
Artibeus planirostris,1571716256,CO,544.0,2003,CC_BY_4_0,911.0
Artibeus planirostris,1571716416,CO,2841.0,2002,CC_BY_4_0,466.5
Artibeus planirostris,1571716440,CO,1943.0,2002,CC_BY_4_0,301.5
Artibeus planirostris,1571716845,CO,544.0,2007,CC_BY_4_0,633.5
Artibeus planirostris,1571716857,CO,544.0,2007,CC_BY_4_0,1653.0
Artibeus planirostris,1571716895,CO,505.0,2007,CC_BY_4_0,763.0
Artibeus planirostris,1571716910,CO,2634.0,2007,CC_BY_4_0,257.0
Artibeus planirostris,1571717186,CO,9005.0,2010,CC_BY_4_0,111.0
Artibeus planirostris,1571717460,CO,505.0,2014,CC_BY_4_0,3.0
Artibeus planirostris,1571717817,CO,501.0,2014,CC_BY_4_0,234.0
Artibeus planirostris,1571717855,CO,310.0,2015,CC_BY_4_0,313.5
Artibeus planirostris,1571717857,CO,3771.0,2014,CC_BY_4_0,300.5
Artibeus planirostris,4022906789,EC,,2019,CC_BY_NC_4_0,314.0
Artibeus planirostris,4022906817,EC,,2021,CC_BY_NC_4_0,301.5
Artibeus planirostris,1987273552,BO,11653.0,1978,CC_BY_NC_4_0,922.5
Artibeus planirostris,1987243005,BO,13194.0,1978,CC_BY_NC_4_0,1350.5
Artibeus planirostris,1987258254,PY,11423.0,1977,CC_BY_NC_4_0,224.0
Artibeus planirostris,1987331342,BO,14405.0,1979,CC_BY_NC_4_0,172.0
Artibeus planirostris,1987306710,BO,12491.0,1978,CC_BY_NC_4_0,612.5
Artibeus planirostris,1987344244,PY,4252.0,1979,CC_BY_NC_4_0,79.5
Artibeus planirostris,5103753632,GY,,1995,CC_BY_NC_4_0,99.0
Artibeus planirostris,1656006989,CO,1367.0,2007,CC_BY_NC_4_0,137.5
Artibeus planirostris,1656006992,CO,210.0,2010,CC_BY_NC_4_0,0.0
Artibeus planirostris,1656007144,CO,2140.0,1992,CC_BY_NC_4_0,20.0
Artibeus planirostris,1656007154,CO,2572.0,2015,CC_BY_NC_4_0,6.0
Artibeus planirostris,1656007165,CO,681.0,2001,CC_BY_NC_4_0,39.5
Artibeus planirostris,3774771199,EC,,1981,CC_BY_4_0,38.0
Artibeus planirostris,5098796667,CO,,2022,CC_BY_4_0,1515.5
Artibeus planirostris,5283683540,CO,,2022,CC_BY_4_0,347.0
Artibeus planirostris,2884006473,CO,,2003,CC_BY_NC_4_0,728.0
Artibeus planirostris,2804498693,EC,500.0,2006,CC0_1_0,835.0
Artibeus planirostris,2804495034,EC,500.0,2006,CC0_1_0,376.0
Artibeus planirostris,1638731667,CO,,2015,CC_BY_NC_4_0,336.0
Artibeus planirostris,3013405775,BR,,2011,CC_BY_4_0,744.0
Artibeus planirostris,3013406553,BR,,1976,CC_BY_4_0,70.0
Artibeus planirostris,3013407211,BR,,1976,CC_BY_4_0,818.5
Artibeus planirostris,3013407462,BR,,1986,CC_BY_4_0,347.0
Artibeus planirostris,1676079990,CO,7.0,2015,CC_BY_NC_4_0,1560.0
Artibeus planirostris,1020747139,CO,12162.79,1977,CC_BY_NC_4_0,900.5
Artibeus planirostris,45853535,PE,,1973,CC0_1_0,1719.5
Artibeus planirostris,45854134,BO,,1982,CC0_1_0,225.0
Artibeus planirostris,1700657868,PY,,2008,CC0_1_0,195.5
Artibeus planirostris,45853625,PE,,1974,CC0_1_0,255.0
Artibeus planirostris,45853497,VE,,1970,CC0_1_0,992.0
Artibeus planirostris,45853751,BO,,1980,CC0_1_0,448.0
Artibeus planirostris,45853503,PE,,1971,CC0_1_0,281.5
Artibeus planirostris,45853616,PE,,1974,CC0_1_0,1023.0
Artibeus planirostris,45853505,PE,,1971,CC0_1_0,1129.5
Artibeus planirostris,45853786,BO,,1981,CC0_1_0,589.0
Artibeus planirostris,45853837,PE,,1979,CC0_1_0,214.0
Artibeus planirostris,45854128,BO,,1982,CC0_1_0,149.5
Artibeus planirostris,859568676,PE,,1984,CC0_1_0,144.0
Artibeus planirostris,1977887861,CO,,2001,CC0_1_0,70.5
Artibeus planirostris,3068259950,CO,,2000,CC0_1_0,104.0
Artibeus planirostris,3068260042,CO,,2000,CC0_1_0,159.0
Artibeus planirostris,3068260297,CO,,1998,CC0_1_0,69.0
Artibeus planirostris,919143990,CO,10652.0,1990,CC0_1_0,77.0
Artibeus planirostris,1315035761,CO,2195.0,1979,CC_BY_NC_4_0,31.5
Artibeus planirostris,1806451678,CO,1440.6,1981,CC_BY_NC_4_0,71.5
Artibeus planirostris,1806449894,CO,3000.0,1989,CC_BY_NC_4_0,653.0
Artibeus planirostris,4100391340,CO,,2021,CC_BY_NC_4_0,123.0
Artibeus planirostris,1315035660,CO,2061.0,1983,CC_BY_NC_4_0,182.5
Artibeus planirostris,1315035734,CO,4500.0,1980,CC_BY_NC_4_0,324.0
Artibeus planirostris,1315036120,CO,360.0,1987,CC_BY_NC_4_0,1178.5
Artibeus planirostris,1806449765,CO,712.6,1988,CC_BY_NC_4_0,399.5
Artibeus planirostris,3463354315,CO,,2021,CC_BY_NC_4_0,177.0
Artibeus planirostris,1315035773,CO,1587.0,1983,CC_BY_NC_4_0,240.0
Artibeus planirostris,1806449805,CO,3410.0,1988,CC_BY_NC_4_0,484.5
Artibeus planirostris,1806450605,CO,3656.0,1988,CC_BY_NC_4_0,458.0
Artibeus planirostris,1806452883,CO,511.6,1994,CC_BY_NC_4_0,473.0
Artibeus planirostris,1806453020,CO,1329.6,1995,CC_BY_NC_4_0,126.5
Artibeus planirostris,1806453041,CO,1001.6,1995,CC_BY_NC_4_0,90.0
Artibeus planirostris,4979139127,CO,,2016,CC_BY_NC_4_0,96.0
Artibeus planirostris,4979153199,CO,,2021,CC_BY_NC_4_0,63.5
Artibeus planirostris,4979156791,CO,,2021,CC_BY_NC_4_0,71.0
Artibeus planirostris,4979111225,CO,,2014,CC_BY_NC_4_0,1207.5
Artibeus planirostris,4979110568,CO,,2018,CC_BY_NC_4_0,252.5
Artibeus planirostris,4979125741,CO,,1979,CC_BY_NC_4_0,15.0
Artibeus planirostris,4979138572,CO,,2015,CC_BY_NC_4_0,179.0
Artibeus planirostris,1821670639,BR,,2008,CC_BY_NC_4_0,93.0
Artibeus planirostris,1821670711,BR,,2004,CC_BY_NC_4_0,827.0
Artibeus planirostris,3008955346,CO,,2018,CC_BY_4_0,318.0
Artibeus planirostris,3008955384,CO,,2018,CC_BY_4_0,243.0
Artibeus planirostris,3008955488,CO,,2004,CC_BY_4_0,246.0
Artibeus planirostris,3008955543,CO,,2004,CC_BY_4_0,1077.0
Artibeus planirostris,3008955814,CO,,2017,CC_BY_4_0,131.5
Artibeus planirostris,3008955858,CO,,2018,CC_BY_4_0,204.0
Artibeus planirostris,3008956152,CO,,2018,CC_BY_4_0,434.5
Artibeus planirostris,3008956214,CO,,2018,CC_BY_4_0,423.5
Artibeus planirostris,3008956254,CO,,2002,CC_BY_4_0,244.0
Artibeus planirostris,3008956478,CO,,2018,CC_BY_4_0,238.0
Artibeus planirostris,3008956523,CO,,2016,CC_BY_4_0,179.5
Artibeus planirostris,665823159,CO,4.09,1975,CC0_1_0,393.5
Artibeus planirostris,665898886,EC,,1983,CC0_1_0,195.5
Artibeus planirostris,665751264,PE,,1981,CC0_1_0,1598.0
Artibeus planirostris,1805743130,PE,,2007,CC0_1_0,815.5
Artibeus planirostris,665881580,EC,,1983,CC0_1_0,226.0
Artibeus planirostris,665731986,PE,,1981,CC0_1_0,149.0
Artibeus planirostris,665823165,CO,200.79,1976,CC0_1_0,244.0
Artibeus planirostris,1805743181,PE,,2007,CC0_1_0,1062.0
Artibeus planirostris,665755350,PE,,1985,CC0_1_0,1869.0
Artibeus planirostris,665865282,EC,3.43,1983,CC0_1_0,305.0
Artibeus planirostris,665903827,CO,,1971,CC0_1_0,320.0
Artibeus planirostris,1883746044,PE,,2013,CC0_1_0,271.5
Artibeus planirostris,1805743250,PE,,2007,CC0_1_0,1034.5
Artibeus planirostris,665893555,PE,,1975,CC0_1_0,89.0
Artibeus planirostris,1805727759,EC,,2011,CC0_1_0,1373.5
Artibeus planirostris,665888090,CO,,1971,CC0_1_0,552.0
Artibeus planirostris,665878219,PE,,1999,CC0_1_0,410.5
Artibeus planirostris,665870054,EC,2.06,1983,CC0_1_0,299.0
Artibeus planirostris,665906278,EC,,1983,CC0_1_0,268.0
Artibeus planirostris,665908655,PE,79.11,1987,CC0_1_0,1878.5
Artibeus planirostris,665738025,EC,20.26,1983,CC0_1_0,196.0
Artibeus planirostris,665885708,PE,,1980,CC0_1_0,119.5
Artibeus planirostris,665748095,PE,,1983,CC0_1_0,900.0
Artibeus planirostris,665915917,PE,,2001,CC0_1_0,1121.0
Artibeus planirostris,665732601,PE,63.23,1980,CC0_1_0,125.5
Artibeus planirostris,665862061,EC,7.06,1983,CC0_1_0,328.0
Artibeus planirostris,665908039,PE,,1987,CC0_1_0,1213.0
Artibeus planirostris,665925416,PE,,1985,CC0_1_0,603.5
Artibeus planirostris,2422214790,CO,,2014,CC_BY_NC_4_0,319.5
Artibeus planirostris,2422215217,CO,,2018,CC_BY_NC_4_0,1200.0
Artibeus planirostris,5904950418,CO,,2024,CC_BY_NC_4_0,600.0
Artibeus planirostris,3710473995,CO,,2019,CC_BY_NC_4_0,268.0
Artibeus planirostris,3710474626,CO,,2018,CC_BY_NC_4_0,114.0
Artibeus planirostris,3821076536,CO,,2022,CC_BY_NC_4_0,188.0
Artibeus planirostris,4499854308,CO,,2022,CC_BY_NC_4_0,113.5
Artibeus planirostris,3346869833,GY,,1996,CC_BY_4_0,251.0
Artibeus planirostris,3350006635,GY,,2005,CC_BY_4_0,398.0
Artibeus planirostris,6190664905,VE,,1984,CC_BY_4_0,140.0
Artibeus planirostris,3346874650,EC,,1996,CC_BY_4_0,305.0
Artibeus planirostris,3346873715,EC,,1995,CC_BY_4_0,235.5
Artibeus planirostris,3346336812,GY,,2002,CC_BY_4_0,27.0
Artibeus planirostris,3346839774,GY,,1995,CC_BY_4_0,66.5
Artibeus planirostris,3346831557,EC,,1996,CC_BY_4_0,265.0
Artibeus planirostris,3350100665,GY,,2001,CC_BY_4_0,116.0
Artibeus planirostris,3346378994,GY,,2004,CC_BY_4_0,704.0
Artibeus planirostris,3346348942,GY,,2002,CC_BY_4_0,707.0
Artibeus planirostris,3349970624,GY,,2007,CC_BY_4_0,177.5
Artibeus planirostris,3346874701,GY,,2001,CC_BY_4_0,113.5
Artibeus planirostris,3346837376,EC,,1995,CC_BY_4_0,238.5
Artibeus planirostris,3346874704,GY,,1997,CC_BY_4_0,84.0
Artibeus planirostris,3350007479,SR,,2005,CC_BY_4_0,189.5
Artibeus planirostris,3346431342,SR,,2006,CC_BY_4_0,248.5
Artibeus planirostris,3349993568,GY,,1994,CC_BY_4_0,144.0
Artibeus planirostris,3350007563,GY,,2001,CC_BY_4_0,21.5
Artibeus planirostris,3350074677,GY,,1999,CC_BY_4_0,127.5
Artibeus planirostris,3346839773,GY,,1997,CC_BY_4_0,632.5
Artibeus planirostris,3346883556,GY,,2007,CC_BY_4_0,113.0
Artibeus planirostris,3349820260,SR,,2006,CC_BY_4_0,109.5
Artibeus planirostris,3350000529,GY,,1996,CC_BY_4_0,250.0
Artibeus planirostris,3349994711,GY,,1997,CC_BY_4_0,443.0
Artibeus planirostris,3350007558,GY,,2001,CC_BY_4_0,78.0
Artibeus planirostris,865716890,PY,10000.0,1978,CC_BY_4_0,137.0
Artibeus planirostris,865716093,PY,1000.0,1985,CC_BY_4_0,134.5
Artibeus planirostris,865716116,PY,10000.0,1982,CC_BY_4_0,326.5
Artibeus planirostris,865716156,PE,1000.0,1980,CC_BY_4_0,104.5
Artibeus planirostris,865716215,PE,1000.0,1982,CC_BY_4_0,256.0
Artibeus planirostris,865716032,PY,10000.0,1985,CC_BY_4_0,110.5
Artibeus planirostris,865716212,PE,1000.0,1982,CC_BY_4_0,224.0
Artibeus planirostris,865715751,PY,10000.0,1987,CC_BY_4_0,114.5
Artibeus planirostris,865715802,EC,10000.0,1985,CC_BY_4_0,255.0
Artibeus planirostris,865716006,PY,1000.0,1985,CC_BY_4_0,209.0
Artibeus planirostris,865716155,PE,1000.0,1980,CC_BY_4_0,115.5
Artibeus planirostris,865716157,PE,1000.0,1980,CC_BY_4_0,84.0
Artibeus planirostris,865716181,PE,1000.0,1980,CC_BY_4_0,113.5
Artibeus planirostris,865716900,PY,1000.0,1979,CC_BY_4_0,215.0
Artibeus planirostris,865716907,PY,10000.0,1979,CC_BY_4_0,95.0
Artibeus planirostris,6120824281,BR,,2002,CC_BY_4_0,564.5
Artibeus planirostris,4026684149,CO,,2015,CC_BY_NC_4_0,342.0
Artibeus planirostris,4026669404,CO,,2003,CC_BY_NC_4_0,104.0
Artibeus planirostris,4026679128,CO,,2015,CC_BY_NC_4_0,887.0
Artibeus planirostris,4026685720,CO,,2021,CC_BY_NC_4_0,147.5
Artibeus planirostris,4026658762,CO,,2017,CC_BY_NC_4_0,98.0
Artibeus planirostris,4026662632,CO,,2015,CC_BY_NC_4_0,304.0
Artibeus planirostris,4026674422,CO,,2021,CC_BY_NC_4_0,92.5
Artibeus planirostris,4026685138,CO,,2021,CC_BY_NC_4_0,468.5
Artibeus planirostris,1676065546,CO,,2016,CC0_1_0,155.5
Artibeus planirostris,5886777139,BR,,2009,CC_BY_NC_4_0,97.0
Artibeus planirostris,5886779475,BR,,2006,CC_BY_NC_4_0,180.5
Artibeus planirostris,5886787299,BR,,2008,CC_BY_NC_4_0,111.0
Artibeus planirostris,5886788306,BR,,2004,CC_BY_NC_4_0,346.5
Artibeus planirostris,5886788840,BR,,2008,CC_BY_NC_4_0,1003.5
Artibeus planirostris,919419636,BO,7573.0,1979,CC0_1_0,158.0
Artibeus planirostris,919436353,BO,7567.0,1978,CC0_1_0,1198.5
Artibeus planirostris,919451143,BO,13041.0,1979,CC0_1_0,529.5
Artibeus planirostris,202059926,BR,901.0,1977,CC0_1_0,584.0
Artibeus planirostris,202059901,AR,,1984,CC0_1_0,931.0
Artibeus planirostris,202059925,BR,21500.0,1977,CC0_1_0,941.0
Artibeus planirostris,202061003,AR,,2003,CC0_1_0,1033.5
Artibeus planirostris,202061015,AR,,1998,CC0_1_0,1467.5
Artibeus planirostris,202059896,AR,,1985,CC0_1_0,547.5
Artibeus planirostris,202060323,AR,,1998,CC0_1_0,1129.5
Artibeus planirostris,202059899,AR,,1985,CC0_1_0,806.0
Artibeus planirostris,202061063,AR,901.0,1986,CC0_1_0,606.0
Artibeus planirostris,894783580,AR,,1998,CC0_1_0,662.0
Artibeus planirostris,894783817,AR,,1999,CC0_1_0,1191.0
Artibeus planirostris,894783484,AR,,1998,CC0_1_0,1426.5
Artibeus planirostris,894781577,AR,,1991,CC0_1_0,1342.5
Artibeus planirostris,894783511,AR,,2004,CC0_1_0,976.0
Artibeus planirostris,894783679,AR,,2004,CC0_1_0,1475.5
Artibeus planirostris,894787463,AR,,2006,CC0_1_0,792.5
Artibeus planirostris,5099483987,BO,,2000,CC0_1_0,247.0
Artibeus planirostris,5099453671,BO,30499.0,1991,CC0_1_0,464.0
Artibeus planirostris,5099587778,BO,1000.0,1985,CC0_1_0,1693.0
Artibeus planirostris,5099439460,BO,196078.0,1985,CC0_1_0,181.5
Artibeus planirostris,5099439690,BO,3590.0,1986,CC0_1_0,216.5
Artibeus planirostris,5099625364,BO,,1991,CC0_1_0,863.5
Artibeus planirostris,5099442315,BO,3550.0,1984,CC0_1_0,320.0
Artibeus planirostris,5099618160,BO,,1995,CC0_1_0,1568.5
Artibeus planirostris,5099444242,BO,1000.0,1988,CC0_1_0,265.0
Artibeus planirostris,5099440502,BO,12585.0,1985,CC0_1_0,165.0
Artibeus planirostris,5099594789,BO,1000.0,1985,CC0_1_0,186.5
Artibeus planirostris,5099444973,BO,21882.0,1988,CC0_1_0,414.5
Artibeus planirostris,5099443456,BO,7557.0,1985,CC0_1_0,307.0
Artibeus planirostris,5099432270,PE,5558.0,1982,CC0_1_0,655.0
Artibeus planirostris,5099615167,BO,,1994,CC0_1_0,355.5
Artibeus planirostris,5099440983,BO,3557.0,1987,CC0_1_0,337.5
Artibeus planirostris,5099593776,BO,1000.0,1985,CC0_1_0,195.5
Artibeus planirostris,5099723192,EC,,2017,CC0_1_0,245.0
Artibeus planirostris,5099446961,BO,5566.0,1990,CC0_1_0,415.0
Artibeus planirostris,5099618900,BO,1000.0,1988,CC0_1_0,422.0
Artibeus planirostris,5099441447,BO,3574.0,1985,CC0_1_0,184.0
Artibeus planirostris,5099593792,BO,1000.0,1985,CC0_1_0,192.0
Artibeus planirostris,5099442314,BO,7551.0,1984,CC0_1_0,301.5
Artibeus planirostris,5099591605,BO,1000.0,1984,CC0_1_0,233.0
Artibeus planirostris,5099450940,BO,3570.0,1992,CC0_1_0,898.5
Artibeus planirostris,5099614472,BO,,1992,CC0_1_0,1193.0
Artibeus planirostris,5099443732,BO,3590.0,1986,CC0_1_0,153.0
Artibeus planirostris,5099594813,BO,1000.0,1986,CC0_1_0,127.0
Artibeus planirostris,5099443684,BO,3591.0,1986,CC0_1_0,139.0
Artibeus planirostris,5099616324,BO,,1991,CC0_1_0,308.5
Artibeus planirostris,5099442462,BO,35109.0,1985,CC0_1_0,184.0
Artibeus planirostris,5099444239,BO,3555.0,1988,CC0_1_0,421.0
Artibeus planirostris,5099611734,BO,1000.0,1986,CC0_1_0,285.0
Artibeus planirostris,5099615009,BO,,1993,CC0_1_0,241.0
Artibeus planirostris,5099451662,BO,3562.0,1991,CC0_1_0,447.5
Artibeus planirostris,5099618436,BO,,1991,CC0_1_0,756.5
Artibeus planirostris,5099619214,BO,,1994,CC0_1_0,896.5
Artibeus planirostris,5099590801,BO,1000.0,1986,CC0_1_0,196.0
Artibeus planirostris,5099441498,BO,21366.0,1985,CC0_1_0,263.0
Artibeus planirostris,5099617826,BO,1000.0,1990,CC0_1_0,1122.5
Artibeus planirostris,5099440243,BO,3553.0,1988,CC0_1_0,370.0
Artibeus planirostris,5099439511,BO,25183.0,1985,CC0_1_0,448.0
Artibeus planirostris,5099442513,BO,15286.0,1985,CC0_1_0,293.0
Artibeus planirostris,5099443731,BO,3585.0,1986,CC0_1_0,200.5
Artibeus planirostris,5099590567,BO,1000.0,1984,CC0_1_0,1457.5
Artibeus planirostris,3463351360,CO,,2021,CC_BY_NC_4_0,1107.5
Artibeus planirostris,4412289348,CO,,2023,CC_BY_NC_4_0,177.0
Artibeus planirostris,675841367,PE,,1974,CC0_1_0,91.0
Artibeus planirostris,675835319,VE,,1973,CC0_1_0,47.0
Artibeus planirostris,675835333,VE,,1974,CC0_1_0,504.0
Artibeus planirostris,675832819,VE,,1973,CC0_1_0,235.0
Artibeus planirostris,675833902,PE,,1972,CC0_1_0,90.5
Artibeus planirostris,675841347,PE,,1974,CC0_1_0,136.0
Artibeus planirostris,675865921,VE,,1980,CC0_1_0,1478.5
Artibeus planirostris,675928528,TT,,1983,CC0_1_0,59.5
Artibeus planirostris,675833870,PE,,1972,CC0_1_0,98.0
Artibeus planirostris,675838688,VE,,1973,CC0_1_0,278.0
Artibeus planirostris,675874947,VE,,1979,CC0_1_0,25.0
Artibeus planirostris,85166256,BO,,1983,CC_BY_NC_4_0,256.5
Artibeus planirostris,85166414,BO,,1986,CC_BY_NC_4_0,235.5
Artibeus planirostris,85166099,BO,,1983,CC_BY_NC_4_0,235.0
Artibeus planirostris,85166327,BO,,1984,CC_BY_NC_4_0,191.0
Artibeus planirostris,85166568,BO,,1985,CC_BY_NC_4_0,177.0
Artibeus planirostris,85167691,BO,,1985,CC_BY_NC_4_0,168.0
Artibeus planirostris,3390876021,CO,,1989,CC_BY_NC_4_0,1652.5
Artibeus planirostris,3390876092,CO,,1984,CC_BY_NC_4_0,18.0
Artibeus planirostris,3390876153,CO,,1991,CC_BY_NC_4_0,697.5
Artibeus planirostris,3390876171,CO,,1991,CC_BY_NC_4_0,117.5
Artibeus planirostris,3390876196,CO,,1973,CC_BY_NC_4_0,1905.0
Artibeus planirostris,3390876201,CO,,1988,CC_BY_NC_4_0,1646.0
Artibeus planirostris,3390876205,CO,,1980,CC_BY_NC_4_0,32.0
Artibeus planirostris,3390876207,CO,,1980,CC_BY_NC_4_0,147.0
Artibeus planirostris,3390876273,CO,,1977,CC_BY_NC_4_0,7.5
Artibeus planirostris,2650654586,CO,13989.0,2009,CC_BY_NC_4_0,684.0
Artibeus planirostris,2650655161,CO,530.0,2005,CC_BY_NC_4_0,1014.0
Artibeus planirostris,2650655342,CO,1850.0,2007,CC_BY_NC_4_0,1170.5
Artibeus planirostris,2650655897,CO,501.0,2009,CC_BY_NC_4_0,85.0
Artibeus planirostris,2650655979,CO,2230.0,2005,CC_BY_NC_4_0,347.5
Artibeus planirostris,2650656086,CO,,2011,CC_BY_NC_4_0,62.0
Artibeus planirostris,2650656355,CO,,2011,CC_BY_NC_4_0,68.5
Artibeus planirostris,2650656358,CO,,2011,CC_BY_NC_4_0,96.5
Artibeus planirostris,859456040,BO,,1986,CC0_1_0,203.0
Artibeus planirostris,859375726,BO,,1984,CC0_1_0,343.0
Artibeus planirostris,859396668,BO,,1985,CC0_1_0,296.0
Artibeus planirostris,859470135,BO,,1991,CC0_1_0,851.5
Artibeus planirostris,859448669,BO,,1984,CC0_1_0,228.5
Artibeus planirostris,859411407,BO,,1986,CC0_1_0,160.5
Artibeus planirostris,859372735,BO,,1984,CC0_1_0,159.0
Artibeus planirostris,859362557,BO,,1991,CC0_1_0,568.0
Artibeus planirostris,859443512,BO,,1991,CC0_1_0,349.5
Artibeus planirostris,859412788,BO,,1990,CC0_1_0,338.5
Artibeus planirostris,859399481,BO,,1992,CC0_1_0,1946.0
Artibeus planirostris,859441303,BO,,1986,CC0_1_0,172.0
Artibeus planirostris,859453254,PE,,1970,CC0_1_0,1219.0
Artibeus planirostris,859387452,PE,,1971,CC0_1_0,185.5
Artibeus planirostris,859385618,BO,,1984,CC0_1_0,217.0
Artibeus planirostris,859472905,BO,,1986,CC0_1_0,186.5
Artibeus planirostris,859487702,BO,,1985,CC0_1_0,176.0
Artibeus planirostris,859493853,BO,,1987,CC0_1_0,232.5
Artibeus planirostris,859371856,BO,,1984,CC0_1_0,171.0
Artibeus planirostris,859474030,BO,,1985,CC0_1_0,391.5
Artibeus planirostris,859478937,BO,,1990,CC0_1_0,1081.5
Artibeus planirostris,859377804,BO,,1988,CC0_1_0,1129.5
Artibeus planirostris,859434339,PE,,1970,CC0_1_0,1505.5
Artibeus planirostris,859481157,BO,,1986,CC0_1_0,181.5
Artibeus planirostris,859451124,BO,,1983,CC0_1_0,174.5
Artibeus planirostris,859458002,BO,,1986,CC0_1_0,196.0
Artibeus planirostris,859500071,BO,,1985,CC0_1_0,302.0
Artibeus planirostris,2985623552,CO,,2014,CC_BY_NC_4_0,147.5
Artibeus planirostris,2985623630,CO,,2015,CC_BY_NC_4_0,568.5
Artibeus planirostris,2985623663,CO,,2015,CC_BY_NC_4_0,1513.5
Artibeus planirostris,2985623708,CO,,2015,CC_BY_NC_4_0,294.5
Artibeus planirostris,5147204034,BR,4602.0,1993,CC0_1_0,27.0
Artibeus planirostris,5147427895,TT,6043.0,1977,CC0_1_0,494.5
Artibeus planirostris,5147201036,BR,4581.0,1993,CC0_1_0,5.5
Artibeus planirostris,1211806386,CO,,1972,CC_BY_4_0,79.0
Artibeus planirostris,1211812718,GY,,1973,CC_BY_4_0,84.5
Artibeus planirostris,1211784312,CO,,1972,CC_BY_4_0,220.0
Artibeus planirostris,1211805546,CO,,1982,CC_BY_4_0,184.0
Artibeus planirostris,1211803539,CO,,1983,CC_BY_4_0,295.0
Artibeus planirostris,1211804378,GY,,1990,CC_BY_4_0,82.0
Artibeus planirostris,1211813572,VE,,1997,CC_BY_4_0,51.5
Artibeus planirostris,1323927617,GY,,2013,CC_BY_4_0,80.5
Artibeus planirostris,1323927666,GY,,2013,CC_BY_4_0,104.0
Artibeus planirostris,1323929650,GY,,2013,CC_BY_4_0,144.0
Artibeus planirostris,1323925953,SR,,2009,CC_BY_4_0,281.5
Artibeus planirostris,1323929829,GY,,2012,CC_BY_4_0,93.0
Artibeus planirostris,1323929858,GY,,2012,CC_BY_4_0,89.0
Artibeus planirostris,1323930641,SR,,2012,CC_BY_4_0,711.0
Artibeus planirostris,1211793244,GY,,1974,CC_BY_4_0,177.0
Artibeus planirostris,1211794531,GY,,1972,CC_BY_4_0,132.0
Artibeus planirostris,1211796627,GY,,1970,CC_BY_4_0,213.0
Artibeus planirostris,1211797864,GY,,1974,CC_BY_4_0,193.5
Artibeus planirostris,1211803323,GY,,1990,CC_BY_4_0,84.0
Artibeus planirostris,1211803684,GF,,1976,CC_BY_4_0,249.0
Artibeus planirostris,1211810895,GY,,1992,CC_BY_4_0,3.0
Artibeus planirostris,1211811202,GY,,1992,CC_BY_4_0,22.0
Artibeus planirostris,1211811525,GY,,1971,CC_BY_4_0,68.5
Artibeus planirostris,1211812525,GY,,1974,CC_BY_4_0,24.5
Artibeus planirostris,1211814664,GY,,1971,CC_BY_4_0,3.0
Artibeus planirostris,1211814867,GY,,1972,CC_BY_4_0,0.0
Artibeus planirostris,1211815092,GY,,1972,CC_BY_4_0,2.5
Artibeus planirostris,1211815182,GY,,1972,CC_BY_4_0,3.0
Artibeus planirostris,1211816322,GY,,1991,CC_BY_4_0,17.0
Artibeus planirostris,1323925859,SR,,2012,CC_BY_4_0,252.5
Artibeus planirostris,1323928577,PE,,2012,CC_BY_4_0,122.0
Artibeus planirostris,1323929949,SR,,2010,CC_BY_4_0,223.0
Artibeus planirostris,1323930321,SR,,2011,CC_BY_4_0,69.0
Artibeus planirostris,1837224042,GY,,2014,CC_BY_4_0,111.5
Artibeus planirostris,1837224119,PE,,2014,CC_BY_4_0,235.0
Artibeus planirostris,1837224854,SR,,2017,CC_BY_4_0,61.0
Artibeus planirostris,5147070241,PE,850.0,1984,CC0_1_0,650.5
Artibeus planirostris,5147075322,PY,12012.0,1972,CC0_1_0,58.0
Artibeus planirostris,5147441034,BR,4396.0,1993,CC0_1_0,47.0
Artibeus planirostris,5146973033,BR,5603.0,1993,CC0_1_0,0.0
Artibeus planirostris,5147195244,PE,1461.0,1984,CC0_1_0,498.5
Artibeus planirostris,5147077694,PE,411.0,1977,CC0_1_0,254.0
Artibeus planirostris,5147418131,PE,14893.0,1970,CC0_1_0,868.0
Artibeus planirostris,5147203038,BR,4605.0,1993,CC0_1_0,533.0
Artibeus planirostris,5147324037,BR,10004.0,1993,CC0_1_0,177.0
Artibeus planirostris,5147196873,PE,429.0,1979,CC0_1_0,185.0
Artibeus planirostris,1211792654,GY,,1972,CC_BY_4_0,119.0
Artibeus planirostris,1211793910,GY,,1970,CC_BY_4_0,112.0
Artibeus planirostris,1211795536,GY,,1970,CC_BY_4_0,113.0
Artibeus planirostris,1211796230,GY,,1972,CC_BY_4_0,157.0
Artibeus planirostris,1211801959,GY,,1971,CC_BY_4_0,106.0
Artibeus planirostris,1211806316,CO,,1975,CC_BY_4_0,474.5
Artibeus planirostris,1211809943,SR,,2002,CC_BY_4_0,445.0
Artibeus planirostris,1211813150,GY,,1971,CC_BY_4_0,14.5
Artibeus planirostris,1211815857,GY,,1992,CC_BY_4_0,130.0
Artibeus planirostris,1211815970,GY,,1991,CC_BY_4_0,27.5
Artibeus planirostris,1211816152,GY,,1972,CC_BY_4_0,14.0
Artibeus planirostris,1323927620,GY,,2014,CC_BY_4_0,97.5
Artibeus planirostris,1323929551,GY,,2013,CC_BY_4_0,262.5
Artibeus planirostris,1323930006,SR,,2010,CC_BY_4_0,238.0
Artibeus planirostris,1323930600,SR,,2012,CC_BY_4_0,287.5
Artibeus planirostris,1323930720,SR,,2010,CC_BY_4_0,234.0
Artibeus planirostris,686485132,PE,2.5,1993,CC_BY_4_0,115.0
Artibeus planirostris,686462706,GF,1.5,1977,CC_BY_4_0,233.0
Artibeus planirostris,686466850,EC,4.95,1971,CC_BY_4_0,320.5
Artibeus planirostris,686467401,PE,5.15,1980,CC_BY_4_0,94.5
Artibeus planirostris,686471297,PE,15.37,1989,CC_BY_4_0,186.5
Artibeus planirostris,686482167,GY,5.0,1997,CC_BY_4_0,94.0
Artibeus planirostris,686482173,GY,5.0,1997,CC_BY_4_0,97.0
Artibeus planirostris,686482178,GY,5.0,1997,CC_BY_4_0,81.0
Artibeus planirostris,686485136,PE,6.5,1993,CC_BY_4_0,240.5
Artibeus watsoni,2863950339,GT,48617.0,1998,CC_BY_NC_4_0,208.5
Artibeus watsoni,2863950573,GT,301.0,1990,CC_BY_NC_4_0,316.0
Artibeus watsoni,1317379636,PA,,1973,CC0_1_0,0.0
Artibeus watsoni,1318319860,BZ,,1992,CC0_1_0,739.5
Artibeus watsoni,1322720474,CR,,2002,CC0_1_0,15.0
Artibeus watsoni,1321611927,BZ,,1995,CC0_1_0,99.0
Artibeus watsoni,1321165683,BZ,,1995,CC0_1_0,265.5
Artibeus watsoni,1894240318,MX,90.0,1994,CC_BY_4_0,251.0
Artibeus watsoni,1893489785,MX,2474.02,1982,CC_BY_4_0,66.5
Artibeus watsoni,665755174,MX,4.42,1975,CC0_1_0,1426.5
Artibeus watsoni,665905156,CR,8.3,1982,CC0_1_0,106.0
Artibeus watsoni,665899524,CR,4.12,1982,CC0_1_0,0.0
Artibeus watsoni,665727857,CR,3.15,1974,CC0_1_0,245.5
Artibeus watsoni,665719320,BZ,0.87,1974,CC0_1_0,144.0
Artibeus watsoni,1417804320,MX,90.0,1976,CC_BY_4_0,18.0
Artibeus watsoni,2629043353,BZ,,1977,CC_BY_4_0,20.0
Artibeus watsoni,2629043708,BZ,,1977,CC_BY_4_0,74.0
Artibeus watsoni,2629043800,CR,,1974,CC_BY_4_0,1101.5
Artibeus watsoni,859266286,GT,,2003,CC0_1_0,259.0
Artibeus watsoni,859265386,GT,,1997,CC0_1_0,332.5
Artibeus watsoni,859266137,GT,,2001,CC0_1_0,110.0
Artibeus watsoni,859263309,GT,,1989,CC0_1_0,170.0
Artibeus watsoni,859263312,GT,,1989,CC0_1_0,13.5
Artibeus watsoni,859263956,GT,,1990,CC0_1_0,135.0
Artibeus watsoni,859265263,GT,,1997,CC0_1_0,211.0
Artibeus watsoni,5099432451,HN,6572.0,1981,CC0_1_0,0.0
Artibeus watsoni,5099707859,PA,10.0,2016,CC0_1_0,399.5
Artibeus watsoni,5099418856,CR,5089.0,1973,CC0_1_0,56.5
Artibeus watsoni,5099704197,PA,100.0,2015,CC0_1_0,224.5
Artibeus watsoni,1417864459,MX,100.0,2002,CC_BY_4_0,260.5
Artibeus watsoni,1894599317,MX,90.0,1992,CC_BY_4_0,522.5
Artibeus watsoni,675884077,CR,,1982,CC0_1_0,589.0
Artibeus watsoni,675861794,NI,,1978,CC0_1_0,38.5
Artibeus watsoni,1122706039,BZ,,1990,CC_BY_NC_4_0,151.5
Artibeus watsoni,476856134,NI,297465.0,1996,CC_BY_NC_4_0,119.5
Artibeus watsoni,4169135607,MX,90.0,1986,CC_BY_4_0,851.0
Artibeus watsoni,4169284330,MX,90.0,1992,CC_BY_4_0,37.0
Artibeus watsoni,4169182697,MX,100.0,1993,CC_BY_4_0,155.0
Artibeus watsoni,4169012983,MX,600.0,1986,CC_BY_4_0,713.0
Artibeus watsoni,1898049054,MX,90.0,1995,CC_BY_4_0,458.0
Artibeus watsoni,1898049070,MX,,2005,CC_BY_4_0,215.0
Artibeus watsoni,5147462762,GT,500.0,2011,CC0_1_0,395.0
Artibeus watsoni,1211818112,CR,,1986,CC_BY_4_0,183.5
Artibeus watsoni,686462238,PA,3.59,1972,CC_BY_4_0,151.0
Artibeus watsoni,686491055,PA,2.0,2000,CC_BY_4_0,1213.0
Artibeus watsoni,686472298,CR,2.52,1989,CC_BY_4_0,736.0
Artibeus watsoni,686485510,CR,3.79,1988,CC_BY_4_0,387.0
Artibeus watsoni,686485656,CR,2.5,1987,CC_BY_4_0,99.5
Artibeus watsoni,686485665,CR,1.5,1998,CC_BY_4_0,72.5
Artibeus watsoni,686469843,CR,9.19,1987,CC_BY_4_0,704.0
Artibeus watsoni,686470435,CR,4.94,1989,CC_BY_4_0,541.5
Artibeus watsoni,686485755,CR,2.0,2000,CC_BY_4_0,47.5
Artibeus watsoni,686490733,NI,1.3,2003,CC_BY_4_0,169.0
Artibeus watsoni,1092708495,CR,4.85,2003,CC_BY_4_0,59.5
Artibeus watsoni,1418249686,MX,90.0,1998,CC_BY_4_0,178.0
Artibeus watsoni,1418245620,MX,90.0,1995,CC_BY_4_0,81.0
Artibeus watsoni,1418249278,MX,90.0,1995,CC_BY_4_0,507.5
Balantiopteryx plicata,2863950584,GT,17928.0,1990,CC_BY_NC_4_0,895.0
Balantiopteryx plicata,1893352860,MX,100.0,1978,CC_BY_4_0,184.0
Balantiopteryx plicata,1893352953,MX,90.0,1991,CC_BY_4_0,361.0
Balantiopteryx plicata,1894906757,MX,100.0,1976,CC_BY_4_0,11.0
Balantiopteryx plicata,1894906687,MX,100.0,1980,CC_BY_4_0,0.0
Balantiopteryx plicata,4168725542,MX,90.0,1984,CC_BY_4_0,1032.0
Balantiopteryx plicata,5285019336,CR,,2016,CC0_1_0,16.5
Balantiopteryx plicata,2629104927,MX,90.0,1983,CC_BY_4_0,464.0
Balantiopteryx plicata,2629103480,MX,90.0,1985,CC_BY_4_0,642.5
Balantiopteryx plicata,2629113601,MX,,2000,CC_BY_4_0,63.0
Balantiopteryx plicata,2629089901,MX,90.0,1970,CC_BY_4_0,1180.0
Balantiopteryx plicata,2629084813,MX,100.0,1998,CC_BY_4_0,254.0
Balantiopteryx plicata,2629085159,MX,,2002,CC_BY_4_0,71.0
Balantiopteryx plicata,2629093073,MX,90.0,1970,CC_BY_4_0,252.5
Balantiopteryx plicata,2629093117,MX,90.0,1985,CC_BY_4_0,1311.0
Balantiopteryx plicata,2629094419,MX,80.0,1989,CC_BY_4_0,898.0
Balantiopteryx plicata,2629100302,MX,90.0,1986,CC_BY_4_0,1208.0
Balantiopteryx plicata,2629100552,MX,90.0,1986,CC_BY_4_0,489.5
Balantiopteryx plicata,2629106077,MX,90.0,1995,CC_BY_4_0,986.5
Balantiopteryx plicata,2629107538,MX,90.0,1996,CC_BY_4_0,69.0
Balantiopteryx plicata,2629110884,MX,100.0,1970,CC_BY_4_0,0.0
Balantiopteryx plicata,1323886129,MX,1550.0,1970,CC0_1_0,25.0
Balantiopteryx plicata,3901048748,MX,,2009,CC_BY_4_0,243.5
Balantiopteryx plicata,3901042887,MX,,2019,CC_BY_4_0,1397.5
Balantiopteryx plicata,3901046138,MX,,2009,CC_BY_4_0,264.0
Balantiopteryx plicata,3901048990,MX,,2009,CC_BY_4_0,21.0
Balantiopteryx plicata,3901052567,MX,,2019,CC_BY_4_0,546.5
Balantiopteryx plicata,3901054093,MX,,2007,CC_BY_4_0,123.5
Balantiopteryx plicata,1893459818,MX,1569.0,1972,CC_BY_4_0,32.0
Balantiopteryx plicata,1896010780,MX,90.0,1991,CC_BY_4_0,15.5
Balantiopteryx plicata,1895767292,MX,50.0,2000,CC_BY_4_0,1167.0
Balantiopteryx plicata,1417811257,MX,,1992,CC_BY_4_0,404.0
Balantiopteryx plicata,1417791666,MX,,1971,CC_BY_4_0,1.0
Balantiopteryx plicata,1417806522,MX,90.0,1970,CC_BY_4_0,1213.5
Balantiopteryx plicata,1417794326,MX,100.0,1980,CC_BY_4_0,8.0
Balantiopteryx plicata,1417796390,MX,,1973,CC_BY_4_0,4.0
Balantiopteryx plicata,1417790421,MX,100.0,1982,CC_BY_4_0,140.0
Balantiopteryx plicata,1417791480,MX,100.0,1980,CC_BY_4_0,929.5
Balantiopteryx plicata,1417792940,MX,,1985,CC_BY_4_0,0.0
Balantiopteryx plicata,1417794805,MX,100.0,1971,CC_BY_4_0,62.0
Balantiopteryx plicata,1417797012,MX,,1973,CC_BY_4_0,1304.5
Balantiopteryx plicata,3350084555,GT,,1992,CC_BY_4_0,291.5
Balantiopteryx plicata,1418527583,MX,,1979,CC_BY_4_0,1312.0
Balantiopteryx plicata,1418522192,MX,,1981,CC_BY_4_0,1112.0
Balantiopteryx plicata,1418522103,MX,,1988,CC_BY_4_0,483.0
Balantiopteryx plicata,1418524342,MX,,1984,CC_BY_4_0,1031.5
Balantiopteryx plicata,1418526698,MX,,1980,CC_BY_4_0,1012.0
Balantiopteryx plicata,1418529892,MX,,1985,CC_BY_4_0,914.5
Balantiopteryx plicata,1418530068,MX,,1980,CC_BY_4_0,935.0
Balantiopteryx plicata,1418531343,MX,,1980,CC_BY_4_0,1017.0
Balantiopteryx plicata,1418532038,MX,,1987,CC_BY_4_0,16.5
Balantiopteryx plicata,1418532460,MX,,1980,CC_BY_4_0,1320.5
Balantiopteryx plicata,1893576420,MX,100.0,1998,CC_BY_4_0,556.0
Balantiopteryx plicata,1893576286,MX,100.0,1999,CC_BY_4_0,268.0
Balantiopteryx plicata,1895934751,MX,90.0,1999,CC_BY_4_0,1320.5
Balantiopteryx plicata,859263429,GT,,2003,CC0_1_0,831.5
Balantiopteryx plicata,3306340325,MX,,2010,CC_BY_4_0,442.5
Balantiopteryx plicata,3306341315,MX,,2013,CC_BY_4_0,18.0
Balantiopteryx plicata,3306342521,MX,,2014,CC_BY_4_0,955.5
Balantiopteryx plicata,3306341861,MX,,2014,CC_BY_4_0,4.5
Balantiopteryx plicata,3306339869,MX,,2013,CC_BY_4_0,172.5
Balantiopteryx plicata,3306340777,MX,,2011,CC_BY_4_0,31.0
Balantiopteryx plicata,3306341094,MX,,1992,CC_BY_4_0,105.5
Balantiopteryx plicata,202060045,MX,,1999,CC0_1_0,305.0
Balantiopteryx plicata,202060064,MX,,1999,CC0_1_0,27.5
Balantiopteryx plicata,1262412260,MX,,1971,CC0_1_0,705.0
Balantiopteryx plicata,5099666516,MX,500.0,1992,CC0_1_0,16.0
Balantiopteryx plicata,5099463350,MX,5530.0,1992,CC0_1_0,445.5
Balantiopteryx plicata,2630339923,MX,100.0,1991,CC_BY_4_0,639.0
Balantiopteryx plicata,2630328319,MX,90.0,1993,CC_BY_4_0,347.0
Balantiopteryx plicata,2630384380,MX,90.0,1987,CC_BY_4_0,672.5
Balantiopteryx plicata,4168604708,MX,90.0,1996,CC_BY_4_0,1219.0
Balantiopteryx plicata,3341487393,MX,3927.0,1985,CC0_1_0,18.0
Balantiopteryx plicata,1065427573,MX,4078.0,1970,CC0_1_0,349.5
Balantiopteryx plicata,1065400554,MX,530.0,1975,CC0_1_0,872.0
Balantiopteryx plicata,1065407587,MX,3813.0,1970,CC0_1_0,1211.5
Balantiopteryx plicata,1065411108,MX,3080.0,1970,CC0_1_0,8.0
Balantiopteryx plicata,1422071290,MX,70.0,2005,CC_BY_4_0,529.5
Balantiopteryx plicata,1894601132,MX,100.0,1975,CC_BY_4_0,0.0
Balantiopteryx plicata,1894601233,MX,100.0,1996,CC_BY_4_0,12.0
Balantiopteryx plicata,1894601247,MX,70.0,1985,CC_BY_4_0,1052.5
Balantiopteryx plicata,1894601269,MX,100.0,1982,CC_BY_4_0,31.0
Balantiopteryx plicata,675897310,HN,,1983,CC0_1_0,22.0
Balantiopteryx plicata,675904850,HN,,1983,CC0_1_0,53.0
Balantiopteryx plicata,476874035,MX,,1978,CC_BY_NC_4_0,7.5
Balantiopteryx plicata,4168910608,MX,90.0,1980,CC_BY_4_0,976.5
Balantiopteryx plicata,4169186510,MX,90.0,2002,CC_BY_4_0,184.0
Balantiopteryx plicata,4169126045,MX,100.0,2003,CC_BY_4_0,972.0
Balantiopteryx plicata,4169214382,MX,100.0,1981,CC_BY_4_0,123.5
Balantiopteryx plicata,4169280026,MX,90.0,1999,CC_BY_4_0,14.0
Balantiopteryx plicata,4169115056,MX,90.0,1981,CC_BY_4_0,848.5
Balantiopteryx plicata,4169235222,MX,,1976,CC_BY_4_0,0.0
Balantiopteryx plicata,4169257970,MX,90.0,1972,CC_BY_4_0,1039.5
Balantiopteryx plicata,4169278040,MX,90.0,2003,CC_BY_4_0,689.0
Balantiopteryx plicata,4169240658,MX,90.0,1985,CC_BY_4_0,905.5
Balantiopteryx plicata,4169257910,MX,,1979,CC_BY_4_0,1068.5
Balantiopteryx plicata,4169236290,MX,80.0,1981,CC_BY_4_0,70.0
Balantiopteryx plicata,4169264812,MX,,1992,CC_BY_4_0,216.0
Balantiopteryx plicata,4169261976,MX,90.0,1986,CC_BY_4_0,157.0
Balantiopteryx plicata,4169154632,MX,90.0,2005,CC_BY_4_0,350.0
Balantiopteryx plicata,4169242719,MX,90.0,1973,CC_BY_4_0,1212.0
Balantiopteryx plicata,4168974497,MX,100.0,2008,CC_BY_4_0,104.0
Balantiopteryx plicata,4169254751,MX,100.0,1980,CC_BY_4_0,8.5
Balantiopteryx plicata,4169251049,MX,90.0,1976,CC_BY_4_0,15.0
Balantiopteryx plicata,4169254998,MX,90.0,1983,CC_BY_4_0,45.5
Balantiopteryx plicata,4169258423,MX,100.0,1991,CC_BY_4_0,491.5
Balantiopteryx plicata,4169162443,MX,100.0,1980,CC_BY_4_0,16.0
Balantiopteryx plicata,4169196409,MX,,1985,CC_BY_4_0,40.5
Balantiopteryx plicata,4169276495,MX,90.0,2000,CC_BY_4_0,896.5
Balantiopteryx plicata,4169229872,MX,,1980,CC_BY_4_0,47.5
Balantiopteryx plicata,4169179114,MX,80.0,1992,CC_BY_4_0,69.0
Balantiopteryx plicata,4169076830,MX,90.0,1999,CC_BY_4_0,454.5
Balantiopteryx plicata,4169278181,MX,90.0,2005,CC_BY_4_0,416.5
Balantiopteryx plicata,4169228811,MX,90.0,2005,CC_BY_4_0,0.0
Balantiopteryx plicata,1898049237,MX,,2006,CC_BY_4_0,606.0
Balantiopteryx plicata,1898049154,MX,,2014,CC_BY_4_0,52.0
Balantiopteryx plicata,1894142321,MX,90.0,1976,CC_BY_4_0,24.5
Balantiopteryx plicata,1894142513,MX,90.0,1986,CC_BY_4_0,460.5
Balantiopteryx plicata,1894142567,MX,90.0,1986,CC_BY_4_0,406.0
Balantiopteryx plicata,1894142572,MX,90.0,1976,CC_BY_4_0,77.0
Balantiopteryx plicata,5147303209,MX,9172.0,1972,CC0_1_0,14.5
Balantiopteryx plicata,1211781650,MX,,1971,CC_BY_4_0,30.0
Balantiopteryx plicata,1211821541,GT,,1990,CC_BY_4_0,669.0
Balantiopteryx plicata,1211828531,MX,,1971,CC_BY_4_0,465.0
Balantiopteryx plicata,1211822982,MX,,1971,CC_BY_4_0,0.0
Balantiopteryx plicata,1211820852,SV,,1980,CC_BY_4_0,0.0
Balantiopteryx plicata,686484826,NI,11.29,1998,CC_BY_4_0,1458.5
Balantiopteryx plicata,686462149,CR,6.64,1973,CC_BY_4_0,66.0
Balantiopteryx plicata,686470895,MX,5.17,1986,CC_BY_4_0,772.0
Balantiopteryx plicata,48036680,MX,,1975,CC0_1_0,441.5
Balantiopteryx plicata,1418244794,MX,90.0,1984,CC_BY_4_0,811.0
Balantiopteryx plicata,1418246388,MX,90.0,2009,CC_BY_4_0,565.5
Balantiopteryx plicata,1418242402,MX,90.0,2004,CC_BY_4_0,553.5
Balantiopteryx plicata,1418250704,MX,80.0,1992,CC_BY_4_0,235.0
Balantiopteryx plicata,1418242656,MX,90.0,1980,CC_BY_4_0,722.5
Balantiopteryx plicata,1418243331,MX,90.0,1985,CC_BY_4_0,1211.0
Balantiopteryx plicata,1418246216,MX,100.0,1982,CC_BY_4_0,38.0
Balantiopteryx plicata,1418246629,MX,70.0,1988,CC_BY_4_0,0.0
Balantiopteryx plicata,1418246877,MX,100.0,1980,CC_BY_4_0,413.0
Balantiopteryx plicata,1418247097,MX,100.0,2002,CC_BY_4_0,154.5
Balantiopteryx plicata,1418250443,MX,90.0,1984,CC_BY_4_0,801.5
Carollia brevicauda,1571716202,CO,544.0,2003,CC_BY_4_0,2292.0
Carollia brevicauda,1571716262,CO,505.0,2003,CC_BY_4_0,2146.0
Carollia brevicauda,1571716276,CO,2072.0,2003,CC_BY_4_0,1836.5
Carollia brevicauda,1571716293,CO,544.0,2003,CC_BY_4_0,911.0
Carollia brevicauda,1571716458,CO,1943.0,2002,CC_BY_4_0,301.5
Carollia brevicauda,1571716486,CO,2754.0,2002,CC_BY_4_0,542.5
Carollia brevicauda,1571716493,CO,4430.0,2004,CC_BY_4_0,379.5
Carollia brevicauda,1571716513,CO,4280.0,2002,CC_BY_4_0,1959.5
Carollia brevicauda,1571716521,CO,505.0,2004,CC_BY_4_0,301.0
Carollia brevicauda,1571716538,CO,544.0,2004,CC_BY_4_0,466.5
Carollia brevicauda,1571716563,CO,544.0,2005,CC_BY_4_0,1629.5
Carollia brevicauda,1571716576,CO,1575.0,2005,CC_BY_4_0,975.0
Carollia brevicauda,1571716607,CO,544.0,2005,CC_BY_4_0,450.0
Carollia brevicauda,1571716645,CO,544.0,2005,CC_BY_4_0,817.5
Carollia brevicauda,1571716654,CO,544.0,2005,CC_BY_4_0,386.5
Carollia brevicauda,1571716852,CO,544.0,2007,CC_BY_4_0,2008.0
Carollia brevicauda,1571716943,CO,544.0,2007,CC_BY_4_0,633.5
Carollia brevicauda,1571716945,CO,544.0,2007,CC_BY_4_0,1653.0
Carollia brevicauda,1571716966,CO,544.0,2007,CC_BY_4_0,293.0
Carollia brevicauda,1571717057,CO,1848.0,2008,CC_BY_4_0,1361.5
Carollia brevicauda,1571717076,CO,544.0,2008,CC_BY_4_0,1162.0
Carollia brevicauda,1571717166,CO,505.0,2010,CC_BY_4_0,353.5
Carollia brevicauda,1571717266,CO,505.0,2011,CC_BY_4_0,1495.5
Carollia brevicauda,1571717320,CO,505.0,2012,CC_BY_4_0,954.5
Carollia brevicauda,1571717364,CO,501.0,2012,CC_BY_4_0,277.5
Carollia brevicauda,1571717451,CO,505.0,2013,CC_BY_4_0,316.0
Carollia brevicauda,1571717474,CO,505.0,2013,CC_BY_4_0,237.0
Carollia brevicauda,1571717477,CO,2162.0,2013,CC_BY_4_0,304.0
Carollia brevicauda,1571717499,CO,505.0,2014,CC_BY_4_0,3.0
Carollia brevicauda,1571717905,CO,505.0,2015,CC_BY_4_0,1750.0
Carollia brevicauda,4022906417,EC,,2019,CC_BY_NC_4_0,314.0
Carollia brevicauda,4022906423,EC,,2021,CC_BY_NC_4_0,301.5
Carollia brevicauda,5082839729,EC,,2024,CC_BY_NC_4_0,915.5
Carollia brevicauda,5082839833,EC,,2024,CC_BY_NC_4_0,1107.0
Carollia brevicauda,1987334827,BO,10564.0,1979,CC_BY_NC_4_0,1914.5
Carollia brevicauda,1987281867,PE,9581.0,1984,CC_BY_NC_4_0,288.0
Carollia brevicauda,1987310900,BO,13194.0,1978,CC_BY_NC_4_0,1350.5
Carollia brevicauda,1987255999,BO,24787.0,1978,CC_BY_NC_4_0,240.5
Carollia brevicauda,1987320511,BO,10769.0,1978,CC_BY_NC_4_0,257.0
Carollia brevicauda,1987298235,BO,12491.0,1978,CC_BY_NC_4_0,612.5
Carollia brevicauda,5103754055,EC,,2005,CC_BY_NC_4_0,1871.5
Carollia brevicauda,5103755411,EC,,2008,CC_BY_NC_4_0,459.0
Carollia brevicauda,1656007005,CO,210.0,2013,CC_BY_NC_4_0,0.0
Carollia brevicauda,1656007014,CO,3431.0,2013,CC_BY_NC_4_0,358.0
Carollia brevicauda,1656007162,CO,2572.0,2015,CC_BY_NC_4_0,6.0
Carollia brevicauda,1656007176,CO,273903.0,2015,CC_BY_NC_4_0,206.0
Carollia brevicauda,3774768540,PE,,1980,CC_BY_4_0,196.5
Carollia brevicauda,1321381212,GY,,1993,CC0_1_0,150.5
Carollia brevicauda,1322977257,PA,,1984,CC0_1_0,911.0
Carollia brevicauda,1319220214,GF,,1984,CC0_1_0,87.5
Carollia brevicauda,1322101720,BO,,1992,CC0_1_0,162.0
Carollia brevicauda,1319383002,PE,,1994,CC0_1_0,613.0
Carollia brevicauda,1318052242,GY,,1999,CC0_1_0,18.5
Carollia brevicauda,1319377434,GY,,1982,CC0_1_0,16.0
Carollia brevicauda,1319510581,VE,,1984,CC0_1_0,140.0
Carollia brevicauda,1318247992,PE,,1998,CC0_1_0,865.5
Carollia brevicauda,1319417118,EC,,1974,CC0_1_0,197.0
Carollia brevicauda,1321799231,GY,,1993,CC0_1_0,7.0
Carollia brevicauda,1317364813,PE,,1992,CC0_1_0,236.5
Carollia brevicauda,1319589550,BO,,2000,CC0_1_0,180.5
Carollia brevicauda,1318241944,PE,,1992,CC0_1_0,194.5
Carollia brevicauda,1317372697,EC,,1975,CC0_1_0,13.0
Carollia brevicauda,5098796387,CO,,2022,CC_BY_4_0,368.0
Carollia brevicauda,5098796408,CO,,2022,CC_BY_4_0,132.0
Carollia brevicauda,5098796689,CO,,2022,CC_BY_4_0,1515.5
Carollia brevicauda,5283683703,CO,,2022,CC_BY_4_0,1428.0
Carollia brevicauda,5283683919,CO,,2019,CC_BY_4_0,1509.0
Carollia brevicauda,2884006337,CO,,2003,CC_BY_NC_4_0,728.0
Carollia brevicauda,2884006480,CO,,2000,CC_BY_NC_4_0,32.5
Carollia brevicauda,2884006485,CO,,1999,CC_BY_NC_4_0,1592.0
Carollia brevicauda,2983329320,CO,,2017,CC_BY_NC_4_0,1356.0
Carollia brevicauda,1638731678,CO,,2015,CC_BY_NC_4_0,1118.0
Carollia brevicauda,1638731707,CO,,2015,CC_BY_NC_4_0,336.0
Carollia brevicauda,5918270329,EC,,1985,CC_BY_NC_4_0,1534.5
Carollia brevicauda,5918270338,EC,,2004,CC_BY_NC_4_0,496.0
Carollia brevicauda,5918270348,EC,,1984,CC_BY_NC_4_0,1415.0
Carollia brevicauda,5918270359,EC,,2004,CC_BY_NC_4_0,339.0
Carollia brevicauda,5918270396,EC,,2006,CC_BY_NC_4_0,229.5
Carollia brevicauda,5918270545,EC,,1990,CC_BY_NC_4_0,780.5
Carollia brevicauda,5918270547,EC,,1993,CC_BY_NC_4_0,1620.5
Carollia brevicauda,5918270592,EC,,1998,CC_BY_NC_4_0,55.5
Carollia brevicauda,5918270595,EC,,1996,CC_BY_NC_4_0,1631.5
Carollia brevicauda,5918270604,EC,,1996,CC_BY_NC_4_0,1180.5
Carollia brevicauda,5918270642,EC,,1991,CC_BY_NC_4_0,798.5
Carollia brevicauda,5918270653,EC,,1996,CC_BY_NC_4_0,434.0
Carollia brevicauda,5918270656,EC,,2010,CC_BY_NC_4_0,954.0
Carollia brevicauda,5918270657,EC,,2000,CC_BY_NC_4_0,213.0
Carollia brevicauda,5918270662,EC,,1999,CC_BY_NC_4_0,283.5
Carollia brevicauda,5918270682,EC,,1999,CC_BY_NC_4_0,232.5
Carollia brevicauda,5918270698,EC,,1996,CC_BY_NC_4_0,310.5
Carollia brevicauda,5918270706,EC,,1996,CC_BY_NC_4_0,355.0
Carollia brevicauda,5918270715,EC,,2009,CC_BY_NC_4_0,688.0
Carollia brevicauda,5918270731,EC,,2002,CC_BY_NC_4_0,705.0
Carollia brevicauda,5918270741,EC,,1991,CC_BY_NC_4_0,985.0
Carollia brevicauda,5918270776,EC,,2006,CC_BY_NC_4_0,227.5
Carollia brevicauda,5918270814,EC,,1995,CC_BY_NC_4_0,330.0
Carollia brevicauda,5918270835,EC,,1985,CC_BY_NC_4_0,15.0
Carollia brevicauda,5918270848,EC,,1988,CC_BY_NC_4_0,254.5
Carollia brevicauda,5918270862,EC,,1989,CC_BY_NC_4_0,276.0
Carollia brevicauda,5918270903,EC,,2006,CC_BY_NC_4_0,224.5
Carollia brevicauda,5918270905,EC,,2014,CC_BY_NC_4_0,206.0
Carollia brevicauda,5918270981,EC,,1998,CC_BY_NC_4_0,460.0
Carollia brevicauda,5918271011,EC,,2003,CC_BY_NC_4_0,1628.0
Carollia brevicauda,5918271049,EC,,2003,CC_BY_NC_4_0,555.0
Carollia brevicauda,5918271102,EC,,2014,CC_BY_NC_4_0,205.0
Carollia brevicauda,5918271116,EC,,1992,CC_BY_NC_4_0,210.5
Carollia brevicauda,5918271166,EC,,1994,CC_BY_NC_4_0,1386.5
Carollia brevicauda,5918271174,EC,,1991,CC_BY_NC_4_0,304.0
Carollia brevicauda,5918271190,EC,,1997,CC_BY_NC_4_0,929.5
Carollia brevicauda,5918271204,EC,,1991,CC_BY_NC_4_0,43.0
Carollia brevicauda,5918271217,EC,,2014,CC_BY_NC_4_0,203.0
Carollia brevicauda,5918271218,EC,,1989,CC_BY_NC_4_0,756.0
Carollia brevicauda,5918271221,EC,,1985,CC_BY_NC_4_0,210.0
Carollia brevicauda,5918271231,EC,,2003,CC_BY_NC_4_0,311.0
Carollia brevicauda,5918271232,EC,,1996,CC_BY_NC_4_0,352.5
Carollia brevicauda,5918271247,EC,,1990,CC_BY_NC_4_0,398.5
Carollia brevicauda,5918271253,EC,,2002,CC_BY_NC_4_0,259.5
Carollia brevicauda,5918271272,EC,,1996,CC_BY_NC_4_0,288.5
Carollia brevicauda,5918271273,EC,,2004,CC_BY_NC_4_0,1072.5
Carollia brevicauda,5918271276,EC,,2002,CC_BY_NC_4_0,301.0
Carollia brevicauda,5918271277,EC,,2004,CC_BY_NC_4_0,1435.5
Carollia brevicauda,5918271280,EC,,1997,CC_BY_NC_4_0,520.0
Carollia brevicauda,5918271285,EC,,2010,CC_BY_NC_4_0,280.0
Carollia brevicauda,5918271299,EC,,1998,CC_BY_NC_4_0,224.0
Carollia brevicauda,5918271318,EC,,1992,CC_BY_NC_4_0,10.0
Carollia brevicauda,5918271319,EC,,1992,CC_BY_NC_4_0,528.0
Carollia brevicauda,5918271323,EC,,1998,CC_BY_NC_4_0,1909.0
Carollia brevicauda,5918271324,EC,,1985,CC_BY_NC_4_0,115.0
Carollia brevicauda,5918271329,EC,,1988,CC_BY_NC_4_0,307.0
Carollia brevicauda,5918271330,EC,,1989,CC_BY_NC_4_0,805.0
Carollia brevicauda,5918271357,EC,,1990,CC_BY_NC_4_0,1773.0
Carollia brevicauda,5918271361,EC,,1998,CC_BY_NC_4_0,475.5
Carollia brevicauda,5918271373,EC,,1996,CC_BY_NC_4_0,304.5
Carollia brevicauda,5918271374,EC,,1990,CC_BY_NC_4_0,316.5
Carollia brevicauda,5918271379,EC,,2010,CC_BY_NC_4_0,2124.0
Carollia brevicauda,5918271387,EC,,2001,CC_BY_NC_4_0,293.0
Carollia brevicauda,5918271405,EC,,1982,CC_BY_NC_4_0,1114.0
Carollia brevicauda,5918271433,EC,,1988,CC_BY_NC_4_0,292.5
Carollia brevicauda,5918271465,EC,,2001,CC_BY_NC_4_0,1323.5
Carollia brevicauda,5918271467,EC,,2001,CC_BY_NC_4_0,886.0
Carollia brevicauda,5918271471,EC,,2010,CC_BY_NC_4_0,1858.0
Carollia brevicauda,5918271477,EC,,1996,CC_BY_NC_4_0,1983.0
Carollia brevicauda,5918271481,EC,,1999,CC_BY_NC_4_0,357.0
Carollia brevicauda,5918271502,EC,,2010,CC_BY_NC_4_0,1624.5
Carollia brevicauda,5918271526,EC,,1989,CC_BY_NC_4_0,1184.5
Carollia brevicauda,5918271533,EC,,2007,CC_BY_NC_4_0,1547.5
Carollia brevicauda,5918271537,EC,,1995,CC_BY_NC_4_0,432.5
Carollia brevicauda,5918271555,EC,,1983,CC_BY_NC_4_0,1190.5
Carollia brevicauda,5918271559,EC,,2004,CC_BY_NC_4_0,259.0
Carollia brevicauda,5918271575,EC,,1991,CC_BY_NC_4_0,197.5
Carollia brevicauda,5918271578,EC,,1983,CC_BY_NC_4_0,285.5
Carollia brevicauda,5918271591,EC,,1995,CC_BY_NC_4_0,307.5
Carollia brevicauda,5918271592,EC,,2006,CC_BY_NC_4_0,232.5
Carollia brevicauda,5918271600,EC,,1991,CC_BY_NC_4_0,208.0
Carollia brevicauda,5918271617,EC,,2013,CC_BY_NC_4_0,673.5
Carollia brevicauda,5918271627,EC,,1985,CC_BY_NC_4_0,162.0
Carollia brevicauda,5918271637,EC,,1999,CC_BY_NC_4_0,339.0
Carollia brevicauda,5918271651,EC,,2012,CC_BY_NC_4_0,229.0
Carollia brevicauda,5918271662,EC,,2007,CC_BY_NC_4_0,683.0
Carollia brevicauda,5918271664,EC,,1995,CC_BY_NC_4_0,913.0
Carollia brevicauda,5918271667,EC,,1985,CC_BY_NC_4_0,60.0
Carollia brevicauda,5918271676,EC,,1996,CC_BY_NC_4_0,398.0
Carollia brevicauda,5918271677,EC,,1987,CC_BY_NC_4_0,1312.0
Carollia brevicauda,5918271687,EC,,1993,CC_BY_NC_4_0,949.5
Carollia brevicauda,5918271689,EC,,2008,CC_BY_NC_4_0,1087.0
Carollia brevicauda,5918271696,EC,,1988,CC_BY_NC_4_0,304.5
Carollia brevicauda,5918271701,EC,,1977,CC_BY_NC_4_0,685.0
Carollia brevicauda,3013406538,BR,,1978,CC_BY_4_0,7.0
Carollia brevicauda,2824258389,BR,,2015,CC_BY_NC_4_0,41.5
Carollia brevicauda,1676080030,CO,8.0,2015,CC_BY_NC_4_0,115.0
Carollia brevicauda,1676080045,CO,8.0,2015,CC_BY_NC_4_0,106.0
Carollia brevicauda,1676080165,CO,7.0,2015,CC_BY_NC_4_0,1480.0
Carollia brevicauda,1020746739,CO,26589.0,1977,CC_BY_NC_4_0,77.0
Carollia brevicauda,1020746771,CO,30419.98,1996,CC_BY_NC_4_0,1695.5
Carollia brevicauda,1020746829,CO,775.22,2001,CC_BY_NC_4_0,0.0
Carollia brevicauda,1020746942,CO,600.0,2009,CC_BY_NC_4_0,837.0
Carollia brevicauda,3026678394,CO,,2019,CC_BY_NC_4_0,153.0
Carollia brevicauda,45856823,PE,,1980,CC0_1_0,2287.0
Carollia brevicauda,45856212,PE,,1974,CC0_1_0,506.5
Carollia brevicauda,45856689,PE,,1979,CC0_1_0,711.5
Carollia brevicauda,45856278,PE,,1974,CC0_1_0,726.0
Carollia brevicauda,45856279,PE,,1974,CC0_1_0,238.0
Carollia brevicauda,45856412,EC,,1976,CC0_1_0,182.0
Carollia brevicauda,45856088,TT,,1970,CC0_1_0,458.0
Carollia brevicauda,45856277,PE,,1974,CC0_1_0,1023.0
Carollia brevicauda,45856356,PE,,1978,CC0_1_0,1183.0
Carollia brevicauda,45856366,PE,,1978,CC0_1_0,235.0
Carollia brevicauda,45856537,BO,,1981,CC0_1_0,589.0
Carollia brevicauda,45856738,PE,,1973,CC0_1_0,160.0
Carollia brevicauda,45856741,TT,,1970,CC0_1_0,70.0
Carollia brevicauda,45856742,PE,,1975,CC0_1_0,2299.0
Carollia brevicauda,45856280,PE,,1974,CC0_1_0,255.0
Carollia brevicauda,45856344,PE,,1978,CC0_1_0,234.5
Carollia brevicauda,45856365,PE,,1978,CC0_1_0,425.0
Carollia brevicauda,45856099,PE,,1971,CC0_1_0,281.5
Carollia brevicauda,45856107,PE,,1971,CC0_1_0,1109.0
Carollia brevicauda,45856210,PE,,1974,CC0_1_0,1271.5
Carollia brevicauda,45856496,BO,,1979,CC0_1_0,448.0
Carollia brevicauda,45856700,PE,,1979,CC0_1_0,214.0
Carollia brevicauda,45856739,PE,,1973,CC0_1_0,1077.0
Carollia brevicauda,45856754,PE,,1982,CC0_1_0,2123.0
Carollia brevicauda,45856770,PE,,1982,CC0_1_0,1266.0
Carollia brevicauda,45856842,PE,,1984,CC0_1_0,144.0
Carollia brevicauda,1977888002,CO,,2003,CC0_1_0,70.5
Carollia brevicauda,3068259573,CO,,2010,CC0_1_0,71.5
Carollia brevicauda,3068259745,CO,,2004,CC0_1_0,63.5
Carollia brevicauda,3068259976,CO,,2014,CC0_1_0,104.0
Carollia brevicauda,3068260091,CO,,2011,CC0_1_0,63.0
Carollia brevicauda,3068260152,CO,,2003,CC0_1_0,107.0
Carollia brevicauda,1609371385,CO,200.0,2013,CC0_1_0,547.0
Carollia brevicauda,919142655,CO,1036.0,2013,CC0_1_0,1359.0
Carollia brevicauda,919142719,CO,1002.0,2012,CC0_1_0,1131.0
Carollia brevicauda,919143313,CO,1741.0,2004,CC0_1_0,2209.0
Carollia brevicauda,1078916781,CO,3952.0,1998,CC0_1_0,991.5
Carollia brevicauda,1078916790,CO,1081.0,1999,CC0_1_0,2130.5
Carollia brevicauda,1078916815,CO,1143.0,1999,CC0_1_0,2294.0
Carollia brevicauda,1078916935,CO,4352.0,1988,CC0_1_0,1020.0
Carollia brevicauda,1609371436,CO,,2013,CC0_1_0,2013.0
Carollia brevicauda,919141204,CO,1002.0,2011,CC0_1_0,52.5
Carollia brevicauda,919143933,CO,1360.0,2002,CC0_1_0,2085.5
Carollia brevicauda,1949916630,CO,8.0,2017,CC_BY_NC_4_0,1811.0
Carollia brevicauda,1315022492,CO,1046.0,1998,CC_BY_NC_4_0,1535.0
Carollia brevicauda,1806451118,CO,3410.0,1992,CC_BY_NC_4_0,484.5
Carollia brevicauda,1806451579,CO,88.0,1992,CC_BY_NC_4_0,1666.5
Carollia brevicauda,1806452866,CO,766.0,1995,CC_BY_NC_4_0,772.0
Carollia brevicauda,1806452931,CO,,1995,CC_BY_NC_4_0,122.0
Carollia brevicauda,1806453345,CO,1738.0,1995,CC_BY_NC_4_0,829.0
Carollia brevicauda,1315022496,CO,224.0,1998,CC_BY_NC_4_0,1560.5
Carollia brevicauda,1315022534,CO,600.0,2001,CC_BY_NC_4_0,2127.0
Carollia brevicauda,1806450559,CO,2100.0,1991,CC_BY_NC_4_0,1519.0
Carollia brevicauda,1806450587,CO,1001.6,1987,CC_BY_NC_4_0,719.0
Carollia brevicauda,1806450598,CO,3656.0,1988,CC_BY_NC_4_0,458.0
Carollia brevicauda,1806452330,CO,1267.0,1994,CC_BY_NC_4_0,714.5
Carollia brevicauda,1806453349,CO,2936.0,1995,CC_BY_NC_4_0,800.0
Carollia brevicauda,1806453375,CO,1338.6,1996,CC_BY_NC_4_0,684.0
Carollia brevicauda,1806453903,CO,804.0,1997,CC_BY_NC_4_0,354.0
Carollia brevicauda,3463354342,CO,,2021,CC_BY_NC_4_0,171.0
Carollia brevicauda,4979119896,CO,,2015,CC_BY_NC_4_0,178.5
Carollia brevicauda,4979139150,CO,,2016,CC_BY_NC_4_0,97.5
Carollia brevicauda,4979114653,CO,,2019,CC_BY_NC_4_0,1176.5
Carollia brevicauda,4979110590,CO,,2018,CC_BY_NC_4_0,252.5
Carollia brevicauda,4979114828,CO,,2014,CC_BY_NC_4_0,1242.5
Carollia brevicauda,4979138371,CO,,2015,CC_BY_NC_4_0,304.0
Carollia brevicauda,4979152315,CO,,1979,CC_BY_NC_4_0,615.0
Carollia brevicauda,4979152322,CO,,1980,CC_BY_NC_4_0,31.0
Carollia brevicauda,4979156997,CO,,2011,CC_BY_NC_4_0,4.5
Carollia brevicauda,2855931640,CO,,1994,CC0_1_0,1668.0
Carollia brevicauda,3008955473,CO,,2004,CC_BY_4_0,256.5
Carollia brevicauda,3008955554,CO,,2018,CC_BY_4_0,332.0
Carollia brevicauda,3008956099,CO,,2004,CC_BY_4_0,1077.0
Carollia brevicauda,3008956105,CO,,2004,CC_BY_4_0,244.0
Carollia brevicauda,3008956158,CO,,2018,CC_BY_4_0,470.5
Carollia brevicauda,3008956184,CO,,2018,CC_BY_4_0,246.5
Carollia brevicauda,3008956273,CO,,2018,CC_BY_4_0,186.0
Carollia brevicauda,3008956344,CO,,2017,CC_BY_4_0,228.0
Carollia brevicauda,3008956465,CO,,2018,CC_BY_4_0,238.0
Carollia brevicauda,3008956469,CO,,2004,CC_BY_4_0,460.0
Carollia brevicauda,3008956487,CO,,2004,CC_BY_4_0,803.0
Carollia brevicauda,3008956519,CO,,2016,CC_BY_4_0,179.5
Carollia brevicauda,3008956568,CO,,2003,CC_BY_4_0,244.0
Carollia brevicauda,665823136,CO,3.62,1975,CC0_1_0,388.0
Carollia brevicauda,665862063,EC,7.06,1983,CC0_1_0,328.0
Carollia brevicauda,665903815,CO,,1971,CC0_1_0,320.0
Carollia brevicauda,665873288,CO,,1970,CC0_1_0,971.5
Carollia brevicauda,665738040,EC,20.26,1983,CC0_1_0,196.0
Carollia brevicauda,1883746506,PE,,2013,CC0_1_0,271.5
Carollia brevicauda,665749600,BR,,1989,CC0_1_0,592.5
Carollia brevicauda,665908510,PE,79.11,1987,CC0_1_0,1878.5
Carollia brevicauda,1805727801,EC,,2011,CC0_1_0,1373.5
Carollia brevicauda,665866893,PE,,1981,CC0_1_0,1836.5
Carollia brevicauda,665741723,PE,,1974,CC0_1_0,709.5
Carollia brevicauda,665887938,PA,36.1,1985,CC0_1_0,431.5
Carollia brevicauda,665881427,VE,,1984,CC0_1_0,97.0
Carollia brevicauda,665823137,CO,3.61,1976,CC0_1_0,1760.0
Carollia brevicauda,665863418,CO,,1970,CC0_1_0,963.5
Carollia brevicauda,665883016,VE,731.61,1984,CC0_1_0,262.0
Carollia brevicauda,1805743236,PE,,2007,CC0_1_0,1034.5
Carollia brevicauda,1805727950,BR,,1993,CC0_1_0,867.5
Carollia brevicauda,1805743246,PE,,2007,CC0_1_0,1062.0
Carollia brevicauda,665717353,PE,,1987,CC0_1_0,1213.0
Carollia brevicauda,665751603,CO,,1970,CC0_1_0,1760.5
Carollia brevicauda,665898114,PE,,1999,CC0_1_0,2085.0
Carollia brevicauda,665888063,CO,,1971,CC0_1_0,552.0
Carollia brevicauda,1805743078,PE,,2007,CC0_1_0,815.5
Carollia brevicauda,665732367,PE,63.23,1980,CC0_1_0,125.5
Carollia brevicauda,665886773,VE,,1974,CC0_1_0,41.0
Carollia brevicauda,665878717,PE,,1985,CC0_1_0,900.0
Carollia brevicauda,665925381,PE,,1985,CC0_1_0,603.5
Carollia brevicauda,665719992,PE,,1985,CC0_1_0,1713.0
Carollia brevicauda,665727879,EC,,1983,CC0_1_0,611.5
Carollia brevicauda,665914093,PE,,2001,CC0_1_0,472.5
Carollia brevicauda,665916176,PE,,2001,CC0_1_0,1121.0
Carollia brevicauda,665885304,BR,,1977,CC0_1_0,20.0
Carollia brevicauda,3890565696,CO,,2016,CC_BY_NC_4_0,382.5
Carollia brevicauda,3890564656,CO,,2019,CC_BY_NC_4_0,2083.5
Carollia brevicauda,3710474383,CO,,2019,CC_BY_NC_4_0,126.0
Carollia brevicauda,5904950910,CO,,2022,CC_BY_NC_4_0,2373.5
Carollia brevicauda,5904951255,CO,,2022,CC_BY_NC_4_0,819.5
Carollia brevicauda,5904951439,CO,,2025,CC_BY_NC_4_0,403.0
Carollia brevicauda,1609371293,CO,,2003,CC_BY_NC_4_0,1261.5
Carollia brevicauda,2422214810,CO,,2012,CC_BY_NC_4_0,987.5
Carollia brevicauda,2422214936,CO,,2012,CC_BY_NC_4_0,1047.5
Carollia brevicauda,2422215053,CO,,2015,CC_BY_NC_4_0,781.0
Carollia brevicauda,2422215067,CO,,2017,CC_BY_NC_4_0,1124.0
Carollia brevicauda,3710473545,CO,,2021,CC_BY_NC_4_0,122.5
Carollia brevicauda,5904950964,CO,,2022,CC_BY_NC_4_0,797.5
Carollia brevicauda,5904951252,CO,,2022,CC_BY_NC_4_0,1396.5
Carollia brevicauda,1609371324,CO,,2003,CC_BY_NC_4_0,1773.0
Carollia brevicauda,2422214363,CO,,2012,CC_BY_NC_4_0,915.5
Carollia brevicauda,2422214803,CO,,2012,CC_BY_NC_4_0,1615.0
Carollia brevicauda,2422214904,CO,,2017,CC_BY_NC_4_0,1344.0
Carollia brevicauda,3710474086,CO,,2013,CC_BY_NC_4_0,140.0
Carollia brevicauda,1609371017,CO,,2001,CC_BY_NC_4_0,1592.5
Carollia brevicauda,1609371303,CO,,2003,CC_BY_NC_4_0,1727.5
Carollia brevicauda,1609371326,CO,,2004,CC_BY_NC_4_0,1211.0
Carollia brevicauda,2422214317,CO,,2005,CC_BY_NC_4_0,1896.5
Carollia brevicauda,2422215027,CO,,2009,CC_BY_NC_4_0,1346.5
Carollia brevicauda,2422215129,CO,,2016,CC_BY_NC_4_0,1381.0
Carollia brevicauda,3710473327,CO,,2019,CC_BY_NC_4_0,268.0
Carollia brevicauda,3710473590,CO,,2021,CC_BY_NC_4_0,862.0
Carollia brevicauda,3710474163,CO,,2020,CC_BY_NC_4_0,752.5
Carollia brevicauda,3710474431,CO,,2019,CC_BY_NC_4_0,2345.0
Carollia brevicauda,5904950555,CO,,2022,CC_BY_NC_4_0,176.5
Carollia brevicauda,5904951090,CO,,2023,CC_BY_NC_4_0,1909.5
Carollia brevicauda,5904951213,CO,,2022,CC_BY_NC_4_0,336.0
Carollia brevicauda,5904951686,CO,,2022,CC_BY_NC_4_0,2008.0
Carollia brevicauda,5904951821,CO,,2025,CC_BY_NC_4_0,1738.5
Carollia brevicauda,5904951920,CO,,2023,CC_BY_NC_4_0,1346.0
Carollia brevicauda,2871447597,CO,,2019,CC_BY_NC_4_0,1841.0
Carollia brevicauda,3821076329,CO,,2018,CC_BY_NC_4_0,89.5
Carollia brevicauda,3821076503,CO,,2020,CC_BY_NC_4_0,535.5
Carollia brevicauda,3346358219,SR,,2006,CC_BY_4_0,83.0
Carollia brevicauda,3346376954,GY,,2002,CC_BY_4_0,702.0
Carollia brevicauda,3350067737,GY,,2007,CC_BY_4_0,113.0
Carollia brevicauda,3349968454,EC,,1996,CC_BY_4_0,305.0
Carollia brevicauda,3349665028,GY,,2002,CC_BY_4_0,1375.5
Carollia brevicauda,3349713045,GY,,1999,CC_BY_4_0,127.5
Carollia brevicauda,3346821628,GY,,2005,CC_BY_4_0,398.0
Carollia brevicauda,3346411151,SR,,2006,CC_BY_4_0,58.0
Carollia brevicauda,3346827460,GY,,1994,CC_BY_4_0,100.5
Carollia brevicauda,3346826543,EC,,1996,CC_BY_4_0,808.5
Carollia brevicauda,3349671016,GY,,1997,CC_BY_4_0,632.5
Carollia brevicauda,3349994718,GY,,1999,CC_BY_4_0,82.0
Carollia brevicauda,3346889622,GY,,2003,CC_BY_4_0,1324.0
Carollia brevicauda,3350074686,GY,,2007,CC_BY_4_0,177.5
Carollia brevicauda,3346831544,GY,,2005,CC_BY_4_0,469.5
Carollia brevicauda,3346821629,GY,,1997,CC_BY_4_0,443.0
Carollia brevicauda,3349786290,SR,,2006,CC_BY_4_0,109.5
Carollia brevicauda,3346883481,PA,,1995,CC_BY_4_0,813.5
Carollia brevicauda,3349665027,GY,,1994,CC_BY_4_0,144.0
Carollia brevicauda,3346883507,EC,,1996,CC_BY_4_0,265.0
Carollia brevicauda,3349718148,GY,,2001,CC_BY_4_0,113.5
Carollia brevicauda,3346894666,SR,,2005,CC_BY_4_0,189.5
Carollia brevicauda,3349733089,GY,,2001,CC_BY_4_0,21.5
Carollia brevicauda,3346348943,GY,,2004,CC_BY_4_0,1243.0
Carollia brevicauda,3346869745,SR,,2005,CC_BY_4_0,216.0
Carollia brevicauda,865718394,BO,10000.0,1993,CC_BY_4_0,315.0
Carollia brevicauda,865718327,BR,10000.0,1977,CC_BY_4_0,851.5
Carollia brevicauda,865718245,CO,1000.0,1970,CC_BY_4_0,22.0
Carollia brevicauda,865718362,EC,10000.0,1985,CC_BY_4_0,255.0
Carollia brevicauda,865718422,PE,1000.0,1980,CC_BY_4_0,115.5
Carollia brevicauda,6120820936,BR,,1988,CC_BY_4_0,133.5
Carollia brevicauda,4026679127,CO,,2015,CC_BY_NC_4_0,887.0
Carollia brevicauda,4026689231,CO,,2021,CC_BY_NC_4_0,73.5
Carollia brevicauda,4026689274,CO,,2021,CC_BY_NC_4_0,1515.0
Carollia brevicauda,4026661827,CO,,2014,CC_BY_NC_4_0,917.5
Carollia brevicauda,4026674400,CO,,2021,CC_BY_NC_4_0,92.5
Carollia brevicauda,4026677339,CO,,2021,CC_BY_NC_4_0,592.5
Carollia brevicauda,4026655035,CO,,2018,CC_BY_NC_4_0,1546.5
Carollia brevicauda,4026659537,CO,,2016,CC_BY_NC_4_0,1106.5
Carollia brevicauda,4026687428,CO,,2022,CC_BY_NC_4_0,80.5
Carollia brevicauda,3356324126,BR,5500.0,1993,CC0_1_0,443.0
Carollia brevicauda,1676065397,CO,,2014,CC0_1_0,1657.0
Carollia brevicauda,1676065399,CO,,2016,CC0_1_0,253.5
Carollia brevicauda,1676065403,CO,,2016,CC0_1_0,556.5
Carollia brevicauda,1676065418,CO,,2016,CC0_1_0,1200.0
Carollia brevicauda,1676065437,CO,,2013,CC0_1_0,294.0
Carollia brevicauda,1676065465,CO,,2015,CC0_1_0,158.0
Carollia brevicauda,1676065473,CO,,2016,CC0_1_0,155.5
Carollia brevicauda,1676065480,CO,,2016,CC0_1_0,157.5
Carollia brevicauda,1676065509,CO,,2016,CC0_1_0,1561.5
Carollia brevicauda,1676065524,CO,,2016,CC0_1_0,557.0
Carollia brevicauda,1676065537,CO,,2016,CC0_1_0,1292.5
Carollia brevicauda,1676065556,CO,,2014,CC0_1_0,327.0
Carollia brevicauda,1676065573,CO,,2016,CC0_1_0,601.0
Carollia brevicauda,5886787248,BR,,2008,CC_BY_NC_4_0,86.0
Carollia brevicauda,1427573799,CO,,2014,CC_BY_NC_4_0,1205.5
Carollia brevicauda,1427573824,CO,,2014,CC_BY_NC_4_0,1429.0
Carollia brevicauda,919428431,PA,7948.0,1974,CC0_1_0,119.0
Carollia brevicauda,919427744,EC,61022.0,1981,CC0_1_0,9.0
Carollia brevicauda,919445301,EC,,1981,CC0_1_0,0.0
Carollia brevicauda,919449658,EC,6782.0,1981,CC0_1_0,77.0
Carollia brevicauda,5099442227,BO,16016.0,1988,CC0_1_0,413.5
Carollia brevicauda,5099481963,BO,,2000,CC0_1_0,247.0
Carollia brevicauda,5099703974,PA,1000.0,2012,CC0_1_0,170.5
Carollia brevicauda,5099716046,EC,,2017,CC0_1_0,689.0
Carollia brevicauda,5099453941,BO,3573.0,1992,CC0_1_0,259.0
Carollia brevicauda,5099593593,BO,1000.0,1984,CC0_1_0,233.0
Carollia brevicauda,5099442516,BO,21366.0,1985,CC0_1_0,263.0
Carollia brevicauda,5099443309,BO,11464.0,1984,CC0_1_0,278.5
Carollia brevicauda,5099704168,PA,,2018,CC0_1_0,66.0
Carollia brevicauda,5099658407,PA,,2012,CC0_1_0,19.5
Carollia brevicauda,5099456313,BO,1043.0,1993,CC0_1_0,830.0
Carollia brevicauda,5099618044,BO,,1993,CC0_1_0,241.0
Carollia brevicauda,5099729740,PA,5.0,2023,CC0_1_0,49.5
Carollia brevicauda,5099587816,BO,1000.0,1986,CC0_1_0,196.0
Carollia brevicauda,5099723199,EC,,2017,CC0_1_0,2239.0
Carollia brevicauda,5099644031,PA,5.0,2011,CC0_1_0,819.5
Carollia brevicauda,5099611643,BO,,1993,CC0_1_0,2287.0
Carollia brevicauda,5099614496,BO,,1992,CC0_1_0,898.5
Carollia brevicauda,5099444440,BO,3557.0,1988,CC0_1_0,319.0
Carollia brevicauda,5099458322,BO,66058.0,1993,CC0_1_0,261.5
Carollia brevicauda,5099619194,BO,,1994,CC0_1_0,355.5
Carollia brevicauda,5099716064,EC,,2017,CC0_1_0,109.0
Carollia brevicauda,5099453935,BO,3565.0,1992,CC0_1_0,1193.0
Carollia brevicauda,5099727767,PA,5.0,2023,CC0_1_0,63.5
Carollia brevicauda,5099444232,BO,3553.0,1988,CC0_1_0,370.0
Carollia brevicauda,5099618418,BO,,1991,CC0_1_0,216.5
Carollia brevicauda,5099440505,BO,7557.0,1985,CC0_1_0,307.0
Carollia brevicauda,5099693630,PA,100.0,2015,CC0_1_0,111.0
Carollia brevicauda,5099700800,PA,10.0,2016,CC0_1_0,399.5
Carollia brevicauda,3463351514,CO,,2018,CC_BY_NC_4_0,355.5
Carollia brevicauda,3863929355,CO,,2018,CC_BY_NC_4_0,678.0
Carollia brevicauda,4412289366,CO,,2023,CC_BY_NC_4_0,192.5
Carollia brevicauda,4412289375,CO,,2023,CC_BY_NC_4_0,176.0
Carollia brevicauda,4412289405,CO,,2022,CC_BY_NC_4_0,1107.5
Carollia brevicauda,3962334108,EC,,2021,CC_BY_NC_4_0,242.5
Carollia brevicauda,3962334400,EC,,2021,CC_BY_NC_4_0,234.0
Carollia brevicauda,3962334463,EC,,2021,CC_BY_NC_4_0,127.5
Carollia brevicauda,3962334701,EC,,2021,CC_BY_NC_4_0,198.5
Carollia brevicauda,3962335121,EC,,2021,CC_BY_NC_4_0,291.5
Carollia brevicauda,4983335341,EC,,2023,CC_BY_4_0,230.0
Carollia brevicauda,1065424281,EC,4857.0,1971,CC0_1_0,253.0
Carollia brevicauda,1065402722,EC,27615.0,1970,CC0_1_0,34.0
Carollia brevicauda,675840664,PE,,1974,CC0_1_0,91.0
Carollia brevicauda,675858319,CO,,1974,CC0_1_0,37.0
Carollia brevicauda,675779277,PE,,1990,CC0_1_0,1047.5
Carollia brevicauda,675739851,PE,,1983,CC0_1_0,747.5
Carollia brevicauda,85165974,BO,,1982,CC_BY_NC_4_0,153.0
Carollia brevicauda,85166322,BO,,1983,CC_BY_NC_4_0,256.5
Carollia brevicauda,2432134541,CO,,2018,CC_BY_4_0,463.5
Carollia brevicauda,1638475561,VE,,1981,CC_BY_NC_4_0,102.0
Carollia brevicauda,1638475049,PE,,1971,CC_BY_NC_4_0,305.0
Carollia brevicauda,1638475292,VE,,1974,CC_BY_NC_4_0,131.0
Carollia brevicauda,1638476471,EC,,1993,CC_BY_NC_4_0,139.0
Carollia brevicauda,3390875753,CO,12.0,2015,CC_BY_NC_4_0,1955.5
Carollia brevicauda,3390875992,CO,,1983,CC_BY_NC_4_0,1652.5
Carollia brevicauda,3390875998,CO,,1988,CC_BY_NC_4_0,1646.0
Carollia brevicauda,3390876001,CO,,1974,CC_BY_NC_4_0,697.5
Carollia brevicauda,3390876003,CO,,1988,CC_BY_NC_4_0,1591.0
Carollia brevicauda,3390876146,CO,,1991,CC_BY_NC_4_0,2152.5
Carollia brevicauda,3390876278,CO,,1972,CC_BY_NC_4_0,1707.0
Carollia brevicauda,3390876285,CO,,1974,CC_BY_NC_4_0,1760.0
Carollia brevicauda,3390876541,CO,,2015,CC_BY_NC_4_0,1402.0
Carollia brevicauda,2650654547,CO,544.0,2002,CC_BY_NC_4_0,1633.0
Carollia brevicauda,2650654565,CO,544.0,2008,CC_BY_NC_4_0,1662.5
Carollia brevicauda,2650655303,CO,2230.0,2005,CC_BY_NC_4_0,347.5
Carollia brevicauda,2650655878,CO,220.0,2008,CC_BY_NC_4_0,1569.0
Carollia brevicauda,2650655960,CO,501.0,2009,CC_BY_NC_4_0,85.0
Carollia brevicauda,2650656026,CO,,2011,CC_BY_NC_4_0,62.0
Carollia brevicauda,2650656070,CO,1530.0,2006,CC_BY_NC_4_0,1104.5
Carollia brevicauda,2650656138,CO,610.0,2005,CC_BY_NC_4_0,1962.5
Carollia brevicauda,2650656314,CO,,2011,CC_BY_NC_4_0,68.5
Carollia brevicauda,2650656344,CO,,2011,CC_BY_NC_4_0,96.5
Carollia brevicauda,859373727,BO,,1988,CC0_1_0,1562.5
Carollia brevicauda,859503744,BO,,1985,CC0_1_0,186.5
Carollia brevicauda,859487678,BO,,1991,CC0_1_0,390.0
Carollia brevicauda,859494192,BO,,1987,CC0_1_0,232.5
Carollia brevicauda,859411412,BO,,1986,CC0_1_0,160.5
Carollia brevicauda,859454605,PE,,1970,CC0_1_0,2128.0
Carollia brevicauda,859478827,BO,,1992,CC0_1_0,183.0
Carollia brevicauda,859359032,BO,,1985,CC0_1_0,179.0
Carollia brevicauda,859491082,BO,,1985,CC0_1_0,174.0
Carollia brevicauda,859474805,BO,,1993,CC0_1_0,145.0
Carollia brevicauda,859394467,BO,,1993,CC0_1_0,352.0
Carollia brevicauda,859448721,BO,,1984,CC0_1_0,228.5
Carollia brevicauda,859500571,BO,,1985,CC0_1_0,302.0
Carollia brevicauda,859449862,BO,,1985,CC0_1_0,181.5
Carollia brevicauda,859501775,BO,,1986,CC0_1_0,153.0
Carollia brevicauda,859387460,PE,,1971,CC0_1_0,185.5
Carollia brevicauda,859396076,BO,,1994,CC0_1_0,206.5
Carollia brevicauda,859408418,VE,,1971,CC0_1_0,547.5
Carollia brevicauda,859468177,BO,,1983,CC0_1_0,153.0
Carollia brevicauda,859394603,BO,,1987,CC0_1_0,1129.5
Carollia brevicauda,859443563,BO,,1991,CC0_1_0,349.5
Carollia brevicauda,859443653,PE,,1972,CC0_1_0,1558.0
Carollia brevicauda,859451169,BO,,1983,CC0_1_0,174.5
Carollia brevicauda,859372041,BO,,1984,CC0_1_0,256.0
Carollia brevicauda,859401665,BO,,1992,CC0_1_0,264.0
Carollia brevicauda,859412916,BO,,1993,CC0_1_0,233.0
Carollia brevicauda,859474502,BO,,1985,CC0_1_0,1946.0
Carollia brevicauda,859396397,BO,,1985,CC0_1_0,296.0
Carollia brevicauda,859471070,BO,,1985,CC0_1_0,287.5
Carollia brevicauda,2985623486,CO,,2014,CC_BY_NC_4_0,147.5
Carollia brevicauda,2985623624,CO,,2014,CC_BY_NC_4_0,1513.5
Carollia brevicauda,2985623662,CO,,2015,CC_BY_NC_4_0,294.5
Carollia brevicauda,2985623670,CO,,2017,CC_BY_NC_4_0,193.0
Carollia brevicauda,5147423936,BO,12560.0,1979,CC0_1_0,317.5
Carollia brevicauda,5147425963,VE,29144.0,1980,CC0_1_0,288.0
Carollia brevicauda,5147192970,VE,10108.0,1980,CC0_1_0,147.0
Carollia brevicauda,5147429240,PE,1097.0,1984,CC0_1_0,410.5
Carollia brevicauda,5147321546,PE,428.0,1987,CC0_1_0,2153.5
Carollia brevicauda,5147432570,VE,203600.0,1984,CC0_1_0,163.5
Carollia brevicauda,1211805553,CO,,1982,CC_BY_4_0,184.0
Carollia brevicauda,1323925825,SR,,2008,CC_BY_4_0,743.0
Carollia brevicauda,1211801614,CO,,1973,CC_BY_4_0,561.5
Carollia brevicauda,1323925406,SR,,2010,CC_BY_4_0,234.0
Carollia brevicauda,1323929584,GY,,2013,CC_BY_4_0,144.0
Carollia brevicauda,1211813496,GY,,1973,CC_BY_4_0,46.0
Carollia brevicauda,1211816344,CO,,1977,CC_BY_4_0,3.0
Carollia brevicauda,1323926079,SR,,2012,CC_BY_4_0,252.5
Carollia brevicauda,1323929928,SR,,2010,CC_BY_4_0,223.0
Carollia brevicauda,1837224037,PE,,2014,CC_BY_4_0,235.0
Carollia brevicauda,1211802636,CO,,1973,CC_BY_4_0,43.5
Carollia brevicauda,1211803888,GY,,1970,CC_BY_4_0,111.0
Carollia brevicauda,1211816007,GY,,1991,CC_BY_4_0,27.5
Carollia brevicauda,1211816120,GY,,1972,CC_BY_4_0,14.0
Carollia brevicauda,1211816276,GY,,1991,CC_BY_4_0,17.0
Carollia brevicauda,1211818208,VE,,1978,CC_BY_4_0,643.5
Carollia brevicauda,1323927675,GY,,2013,CC_BY_4_0,80.5
Carollia brevicauda,1323928780,PE,,2012,CC_BY_4_0,122.0
Carollia brevicauda,1323930610,SR,,2012,CC_BY_4_0,287.5
Carollia brevicauda,1211800865,CO,,1972,CC_BY_4_0,1760.5
Carollia brevicauda,1211803658,GF,,1976,CC_BY_4_0,249.0
Carollia brevicauda,1211813075,GY,,1972,CC_BY_4_0,26.5
Carollia brevicauda,1211816109,GY,,1991,CC_BY_4_0,18.0
Carollia brevicauda,1323925955,SR,,2009,CC_BY_4_0,289.0
Carollia brevicauda,1323930257,SR,,2011,CC_BY_4_0,69.0
Carollia brevicauda,1211801579,CO,,1973,CC_BY_4_0,1199.0
Carollia brevicauda,1211802552,GY,,1990,CC_BY_4_0,126.5
Carollia brevicauda,1211805539,CO,,1972,CC_BY_4_0,79.5
Carollia brevicauda,1211813916,CO,,1983,CC_BY_4_0,1743.5
Carollia brevicauda,1211815821,GY,,1992,CC_BY_4_0,130.0
Carollia brevicauda,5147098369,BR,544156.0,1991,CC0_1_0,109.0
Carollia brevicauda,5146971755,PE,1225.0,1978,CC0_1_0,257.0
Carollia brevicauda,5147191236,PE,850.0,1984,CC0_1_0,650.5
Carollia brevicauda,1211806794,CO,,1974,CC_BY_4_0,317.0
Carollia brevicauda,1211809987,SR,,2002,CC_BY_4_0,445.0
Carollia brevicauda,1211829791,BR,,1970,CC_BY_4_0,662.0
Carollia brevicauda,1837224848,SR,,2017,CC_BY_4_0,61.0
Carollia brevicauda,686467311,PE,5.15,1980,CC_BY_4_0,94.5
Carollia brevicauda,686485142,PE,2.5,1993,CC_BY_4_0,115.0
Carollia brevicauda,686486412,VE,129.0,1978,CC_BY_4_0,466.5
Carollia brevicauda,686462678,GF,1.5,1977,CC_BY_4_0,233.0
Carollia brevicauda,686466825,EC,4.95,1971,CC_BY_4_0,320.5
Carollia brevicauda,686470719,PE,2.25,1985,CC_BY_4_0,211.5
Carollia brevicauda,686471327,PE,15.37,1990,CC_BY_4_0,186.5
Carollia brevicauda,686482184,GY,5.0,1997,CC_BY_4_0,94.0
Carollia brevicauda,686485147,PE,6.5,1993,CC_BY_4_0,240.5
Carollia brevicauda,2027481259,CO,,2018,CC_BY_NC_4_0,740.5
Carollia perspicillata,1571716274,CO,544.0,2003,CC_BY_4_0,911.0
Carollia perspicillata,1571716437,CO,4280.0,2002,CC_BY_4_0,1959.5
Carollia perspicillata,1571716446,CO,1943.0,2002,CC_BY_4_0,301.5
Carollia perspicillata,1571716524,CO,2005.0,2004,CC_BY_4_0,1350.5
Carollia perspicillata,1571716531,CO,544.0,2004,CC_BY_4_0,466.5
Carollia perspicillata,1571716534,CO,505.0,2004,CC_BY_4_0,301.0
Carollia perspicillata,1571716541,CO,4430.0,2004,CC_BY_4_0,379.5
Carollia perspicillata,1571716564,CO,4547.0,2005,CC_BY_4_0,2174.0
Carollia perspicillata,1571716610,CO,544.0,2005,CC_BY_4_0,817.5
Carollia perspicillata,1571716623,CO,2895.0,2005,CC_BY_4_0,614.5
Carollia perspicillata,1571716672,CO,544.0,2005,CC_BY_4_0,386.5
Carollia perspicillata,1571716676,CO,544.0,2005,CC_BY_4_0,331.5
Carollia perspicillata,1571716684,CO,544.0,2005,CC_BY_4_0,326.0
Carollia perspicillata,1571716873,CO,505.0,2007,CC_BY_4_0,763.0
Carollia perspicillata,1571716946,CO,544.0,2007,CC_BY_4_0,633.5
Carollia perspicillata,1571716969,CO,544.0,2007,CC_BY_4_0,256.0
Carollia perspicillata,1571717073,CO,2229.0,2008,CC_BY_4_0,1977.5
Carollia perspicillata,1571717086,CO,544.0,2010,CC_BY_4_0,422.0
Carollia perspicillata,1571717119,CO,138585.85,2010,CC_BY_4_0,137.0
Carollia perspicillata,1571717136,CO,1203.0,2008,CC_BY_4_0,1656.0
Carollia perspicillata,1571717145,CO,544.0,2008,CC_BY_4_0,802.0
Carollia perspicillata,1571717174,CO,505.0,2010,CC_BY_4_0,150.0
Carollia perspicillata,1571717185,CO,505.0,2010,CC_BY_4_0,2149.0
Carollia perspicillata,1571717194,CO,505.0,2010,CC_BY_4_0,353.5
Carollia perspicillata,1571717203,CO,544.0,2011,CC_BY_4_0,276.5
Carollia perspicillata,1571717238,CO,505.0,2012,CC_BY_4_0,1034.0
Carollia perspicillata,1571717358,CO,501.0,2012,CC_BY_4_0,277.5
Carollia perspicillata,1571717483,CO,505.0,2014,CC_BY_4_0,3.0
Carollia perspicillata,1571717801,CO,544.0,2014,CC_BY_4_0,234.0
Carollia perspicillata,1571717830,CO,505.0,2015,CC_BY_4_0,308.0
Carollia perspicillata,1571717852,CO,505.0,2015,CC_BY_4_0,84.5
Carollia perspicillata,1571717858,CO,3637.0,2015,CC_BY_4_0,84.0
Carollia perspicillata,1571717910,CO,505.0,2016,CC_BY_4_0,1641.0
Carollia perspicillata,4022906456,EC,,2022,CC_BY_NC_4_0,1453.0
Carollia perspicillata,4022906498,EC,,2022,CC_BY_NC_4_0,299.5
Carollia perspicillata,4022906751,EC,,2020,CC_BY_NC_4_0,1731.0
Carollia perspicillata,4022906831,EC,,2019,CC_BY_NC_4_0,301.0
Carollia perspicillata,4022906861,EC,,2018,CC_BY_NC_4_0,1542.5
Carollia perspicillata,5082839732,EC,,2024,CC_BY_NC_4_0,915.5
Carollia perspicillata,5082839791,EC,,2024,CC_BY_NC_4_0,2030.0
Carollia perspicillata,5082839828,EC,,2024,CC_BY_NC_4_0,829.5
Carollia perspicillata,5082839834,EC,,2024,CC_BY_NC_4_0,1107.0
Carollia perspicillata,1987345150,PY,11423.0,1977,CC_BY_NC_4_0,224.0
Carollia perspicillata,1987271428,EC,6357.0,1984,CC_BY_NC_4_0,543.5
Carollia perspicillata,1987347742,BO,13194.0,1978,CC_BY_NC_4_0,1350.5
Carollia perspicillata,1987237070,BO,12491.0,1978,CC_BY_NC_4_0,612.5
Carollia perspicillata,1987303583,BO,24787.0,1978,CC_BY_NC_4_0,240.5
Carollia perspicillata,1987310150,BO,30641.0,1980,CC_BY_NC_4_0,314.0
Carollia perspicillata,1987240508,PE,9581.0,1984,CC_BY_NC_4_0,288.0
Carollia perspicillata,1987337355,BO,11653.0,1978,CC_BY_NC_4_0,922.5
Carollia perspicillata,1987357261,PY,24011.0,1976,CC_BY_NC_4_0,175.0
Carollia perspicillata,1987301453,BO,9715.0,1978,CC_BY_NC_4_0,264.5
Carollia perspicillata,1987331794,PY,14490.0,1979,CC_BY_NC_4_0,137.5
Carollia perspicillata,5103753648,GY,,1995,CC_BY_NC_4_0,99.0
Carollia perspicillata,5103754118,EC,,2005,CC_BY_NC_4_0,1871.5
Carollia perspicillata,2863950736,GT,3036.0,1995,CC_BY_NC_4_0,170.0
Carollia perspicillata,2863950745,GT,301.0,1989,CC_BY_NC_4_0,316.0
Carollia perspicillata,2863950751,GT,3036.0,1990,CC_BY_NC_4_0,495.5
Carollia perspicillata,2863950773,GT,48617.0,1998,CC_BY_NC_4_0,208.5
Carollia perspicillata,3032605336,GT,,2008,CC_BY_NC_4_0,24.5
Carollia perspicillata,3126865311,GT,,1995,CC_BY_NC_4_0,143.5
Carollia perspicillata,1656007001,CO,400.0,2003,CC_BY_NC_4_0,816.5
Carollia perspicillata,1656007007,CO,210.0,2012,CC_BY_NC_4_0,0.0
Carollia perspicillata,1656007149,CO,749.0,1992,CC_BY_NC_4_0,35.5
Carollia perspicillata,1656007185,CO,2140.0,1992,CC_BY_NC_4_0,20.0
Carollia perspicillata,1835169613,TT,,2013,CC_BY_4_0,95.5
Carollia perspicillata,1318240106,BO,,1991,CC0_1_0,235.5
Carollia perspicillata,1320557986,BO,,1992,CC0_1_0,116.5
Carollia perspicillata,1319908960,TT,,1981,CC0_1_0,248.0
Carollia perspicillata,1322380646,BZ,,1995,CC0_1_0,265.5
Carollia perspicillata,1322760268,EC,,1974,CC0_1_0,130.5
Carollia perspicillata,1318986852,BR,,1986,CC0_1_0,131.0
Carollia perspicillata,1317690825,GY,,1993,CC0_1_0,150.5
Carollia perspicillata,1319634475,GY,,1982,CC0_1_0,16.0
Carollia perspicillata,1321223884,PE,,1994,CC0_1_0,1344.0
Carollia perspicillata,1320206452,BZ,,1992,CC0_1_0,739.5
Carollia perspicillata,1319604692,BO,,1994,CC0_1_0,404.0
Carollia perspicillata,1320995928,PA,,1984,CC0_1_0,911.0
Carollia perspicillata,1318405277,BO,,1992,CC0_1_0,162.0
Carollia perspicillata,1319555920,BO,,1992,CC0_1_0,209.5
Carollia perspicillata,1322124475,PE,,1994,CC0_1_0,613.0
Carollia perspicillata,1321515987,GF,,1984,CC0_1_0,87.5
Carollia perspicillata,1322654447,EC,,1974,CC0_1_0,13.0
Carollia perspicillata,1319780508,PE,,1992,CC0_1_0,236.5
Carollia perspicillata,1319242114,GY,,1993,CC0_1_0,7.0
Carollia perspicillata,1322326135,PE,,1992,CC0_1_0,194.5
Carollia perspicillata,1317810392,VE,,1984,CC0_1_0,140.0
Carollia perspicillata,1322984283,BZ,,1995,CC0_1_0,99.0
Carollia perspicillata,1321413615,EC,,1975,CC0_1_0,15.0
Carollia perspicillata,1321647838,GY,,1999,CC0_1_0,18.5
Carollia perspicillata,1322141141,TT,,1981,CC0_1_0,110.0
Carollia perspicillata,1317563835,BO,,1994,CC0_1_0,260.5
Carollia perspicillata,1317812725,BO,,2000,CC0_1_0,180.5
Carollia perspicillata,1322038750,EC,,1975,CC0_1_0,197.0
Carollia perspicillata,5174685241,PY,2000.0,1996,CC_BY_NC_4_0,171.5
Carollia perspicillata,5098796661,CO,,2022,CC_BY_4_0,132.0
Carollia perspicillata,5098796663,CO,,2022,CC_BY_4_0,1515.5
Carollia perspicillata,1883586508,CO,,2017,CC_BY_NC_4_0,77.0
Carollia perspicillata,5283683383,CO,,2022,CC_BY_4_0,1126.0
Carollia perspicillata,5283683927,CO,,2012,CC_BY_4_0,1166.0
Carollia perspicillata,2884006389,CO,,2004,CC_BY_NC_4_0,587.0
Carollia perspicillata,2884006433,CO,,2008,CC_BY_NC_4_0,1900.5
Carollia perspicillata,2884006464,CO,,1999,CC_BY_NC_4_0,1592.0
Carollia perspicillata,2884006544,CO,,2000,CC_BY_NC_4_0,723.5
Carollia perspicillata,1848239902,TT,,1970,CC_BY_4_0,40.5
Carollia perspicillata,2804490688,NI,,2016,CC0_1_0,75.0
Carollia perspicillata,2804490925,MX,500.0,1990,CC0_1_0,65.0
Carollia perspicillata,2804482968,EC,500.0,2006,CC0_1_0,435.0
Carollia perspicillata,2804494963,MX,1250.0,1987,CC0_1_0,43.0
Carollia perspicillata,2804485986,MX,2000.0,1984,CC0_1_0,50.5
Carollia perspicillata,2804486464,BZ,1500.0,1975,CC0_1_0,125.0
Carollia perspicillata,2804495584,EC,100.0,2006,CC0_1_0,923.0
Carollia perspicillata,2804500182,MX,5000.0,1987,CC0_1_0,109.5
Carollia perspicillata,1894830578,MX,90.0,1974,CC_BY_4_0,372.0
Carollia perspicillata,2983329312,CO,,2017,CC_BY_NC_4_0,1356.0
Carollia perspicillata,2629079967,MX,90.0,1980,CC_BY_4_0,26.0
Carollia perspicillata,2629109643,MX,90.0,1982,CC_BY_4_0,13.5
Carollia perspicillata,2629111955,MX,,1978,CC_BY_4_0,24.0
Carollia perspicillata,1638731712,CO,,2015,CC_BY_NC_4_0,1118.0
Carollia perspicillata,5918270357,EC,,1991,CC_BY_NC_4_0,584.5
Carollia perspicillata,5918270389,EC,,1990,CC_BY_NC_4_0,235.5
Carollia perspicillata,5918270395,EC,,2014,CC_BY_NC_4_0,205.5
Carollia perspicillata,5918270494,EC,,1974,CC_BY_NC_4_0,1979.0
Carollia perspicillata,5918270496,EC,,1988,CC_BY_NC_4_0,432.5
Carollia perspicillata,5918270533,EC,,1973,CC_BY_NC_4_0,2405.0
Carollia perspicillata,5918270556,EC,,1971,CC_BY_NC_4_0,558.0
Carollia perspicillata,5918270580,EC,,1997,CC_BY_NC_4_0,1598.5
Carollia perspicillata,5918270624,EC,,1991,CC_BY_NC_4_0,27.0
Carollia perspicillata,5918270658,EC,,1983,CC_BY_NC_4_0,191.5
Carollia perspicillata,5918270705,EC,,1996,CC_BY_NC_4_0,355.0
Carollia perspicillata,5918270727,EC,,1996,CC_BY_NC_4_0,500.5
Carollia perspicillata,5918270844,EC,,1981,CC_BY_NC_4_0,1172.0
Carollia perspicillata,5918270856,EC,,1983,CC_BY_NC_4_0,1008.5
Carollia perspicillata,5918270858,EC,,2006,CC_BY_NC_4_0,1019.0
Carollia perspicillata,5918270950,EC,,2008,CC_BY_NC_4_0,1171.0
Carollia perspicillata,5918270962,EC,,1992,CC_BY_NC_4_0,10.0
Carollia perspicillata,5918271061,EC,,1998,CC_BY_NC_4_0,224.0
Carollia perspicillata,5918271081,EC,,1991,CC_BY_NC_4_0,208.0
Carollia perspicillata,5918271124,EC,,1988,CC_BY_NC_4_0,232.0
Carollia perspicillata,5918271131,EC,,2014,CC_BY_NC_4_0,205.0
Carollia perspicillata,5918271140,EC,,2002,CC_BY_NC_4_0,535.5
Carollia perspicillata,5918271148,EC,,1984,CC_BY_NC_4_0,1152.0
Carollia perspicillata,5918271162,EC,,1984,CC_BY_NC_4_0,1092.5
Carollia perspicillata,5918271167,EC,,1991,CC_BY_NC_4_0,304.0
Carollia perspicillata,5918271210,EC,,1991,CC_BY_NC_4_0,43.0
Carollia perspicillata,5918271234,EC,,1996,CC_BY_NC_4_0,352.5
Carollia perspicillata,5918271257,EC,,1978,CC_BY_NC_4_0,52.0
Carollia perspicillata,5918271269,EC,,1991,CC_BY_NC_4_0,152.0
Carollia perspicillata,5918271281,EC,,1997,CC_BY_NC_4_0,520.0
Carollia perspicillata,5918271282,EC,,1996,CC_BY_NC_4_0,288.5
Carollia perspicillata,5918271296,EC,,2003,CC_BY_NC_4_0,979.5
Carollia perspicillata,5918271348,EC,,2003,CC_BY_NC_4_0,311.0
Carollia perspicillata,5918271363,EC,,2001,CC_BY_NC_4_0,886.0
Carollia perspicillata,5918271383,EC,,1984,CC_BY_NC_4_0,947.0
Carollia perspicillata,5918271388,EC,,2001,CC_BY_NC_4_0,293.0
Carollia perspicillata,5918271391,EC,,1988,CC_BY_NC_4_0,254.5
Carollia perspicillata,5918271420,EC,,1982,CC_BY_NC_4_0,1184.5
Carollia perspicillata,5918271438,EC,,1988,CC_BY_NC_4_0,292.5
Carollia perspicillata,5918271464,EC,,1984,CC_BY_NC_4_0,1114.0
Carollia perspicillata,5918271475,EC,,1984,CC_BY_NC_4_0,1415.0
Carollia perspicillata,5918271479,EC,,1980,CC_BY_NC_4_0,259.5
Carollia perspicillata,5918271490,EC,,1999,CC_BY_NC_4_0,357.0
Carollia perspicillata,5918271495,EC,,1984,CC_BY_NC_4_0,577.0
Carollia perspicillata,5918271498,EC,,1984,CC_BY_NC_4_0,1279.0
Carollia perspicillata,5918271509,EC,,2010,CC_BY_NC_4_0,231.0
Carollia perspicillata,5918271525,EC,,1985,CC_BY_NC_4_0,115.0
Carollia perspicillata,5918271539,EC,,1980,CC_BY_NC_4_0,344.0
Carollia perspicillata,5918271541,EC,,1979,CC_BY_NC_4_0,36.5
Carollia perspicillata,5918271542,EC,,1993,CC_BY_NC_4_0,949.5
Carollia perspicillata,5918271550,EC,,1979,CC_BY_NC_4_0,258.0
Carollia perspicillata,5918271553,EC,,1983,CC_BY_NC_4_0,1190.5
Carollia perspicillata,5918271556,EC,,1974,CC_BY_NC_4_0,299.0
Carollia perspicillata,5918271560,EC,,2009,CC_BY_NC_4_0,325.0
Carollia perspicillata,5918271577,EC,,2006,CC_BY_NC_4_0,232.5
Carollia perspicillata,5918271597,EC,,1988,CC_BY_NC_4_0,1312.0
Carollia perspicillata,5918271612,EC,,1984,CC_BY_NC_4_0,2.5
Carollia perspicillata,5918271614,EC,,2013,CC_BY_NC_4_0,673.5
Carollia perspicillata,5918271615,EC,,1985,CC_BY_NC_4_0,145.5
Carollia perspicillata,5918271619,EC,,1985,CC_BY_NC_4_0,210.0
Carollia perspicillata,5918271623,EC,,1995,CC_BY_NC_4_0,913.0
Carollia perspicillata,5918271628,EC,,1988,CC_BY_NC_4_0,208.0
Carollia perspicillata,5918271640,EC,,1985,CC_BY_NC_4_0,162.0
Carollia perspicillata,5918271643,EC,,1985,CC_BY_NC_4_0,15.0
Carollia perspicillata,5918271684,EC,,2005,CC_BY_NC_4_0,288.0
Carollia perspicillata,5918271703,EC,,1996,CC_BY_NC_4_0,398.0
Carollia perspicillata,5918271704,EC,,1985,CC_BY_NC_4_0,58.5
Carollia perspicillata,5918271707,EC,,1988,CC_BY_NC_4_0,304.5
Carollia perspicillata,3013405637,BR,,2011,CC_BY_4_0,525.5
Carollia perspicillata,3013405655,BR,,2011,CC_BY_4_0,494.0
Carollia perspicillata,3013405731,BR,,1975,CC_BY_4_0,201.5
Carollia perspicillata,3013405765,BR,,2010,CC_BY_4_0,768.5
Carollia perspicillata,3013405767,BR,,2011,CC_BY_4_0,0.0
Carollia perspicillata,3013405894,BR,,1974,CC_BY_4_0,178.0
Carollia perspicillata,3013406051,BR,,2012,CC_BY_4_0,616.5
Carollia perspicillata,3013406117,BR,,1976,CC_BY_4_0,7.0
Carollia perspicillata,3013406198,BR,,1975,CC_BY_4_0,309.5
Carollia perspicillata,3013406397,BR,,1976,CC_BY_4_0,35.0
Carollia perspicillata,3013406524,BR,,2012,CC_BY_4_0,666.0
Carollia perspicillata,3013406665,BR,,1979,CC_BY_4_0,34.0
Carollia perspicillata,3013406725,BR,,1978,CC_BY_4_0,178.5
Carollia perspicillata,3013406763,BR,,1981,CC_BY_4_0,760.0
Carollia perspicillata,3013406798,BR,,1976,CC_BY_4_0,852.5
Carollia perspicillata,3013406809,BR,,1978,CC_BY_4_0,552.0
Carollia perspicillata,3013407056,BR,,1971,CC_BY_4_0,809.0
Carollia perspicillata,3013407163,BR,,1998,CC_BY_4_0,765.5
Carollia perspicillata,3013407224,BR,,1976,CC_BY_4_0,818.5
Carollia perspicillata,3013407383,BR,,1974,CC_BY_4_0,756.0
Carollia perspicillata,3013407396,BR,,1986,CC_BY_4_0,213.0
Carollia perspicillata,3013407442,BR,,1986,CC_BY_4_0,347.0
Carollia perspicillata,3013407562,BR,,1981,CC_BY_4_0,20.5
Carollia perspicillata,3013407616,BR,,1975,CC_BY_4_0,196.5
Carollia perspicillata,3013407633,BR,,1975,CC_BY_4_0,36.0
Carollia perspicillata,3013407665,BR,,1975,CC_BY_4_0,14.5
Carollia perspicillata,6219200302,BR,,2019,CC_BY_4_0,619.0
Carollia perspicillata,2824258339,BR,,2014,CC_BY_NC_4_0,287.5
Carollia perspicillata,2824258649,BR,,2018,CC_BY_NC_4_0,51.0
Carollia perspicillata,1676080062,CO,8.0,2015,CC_BY_NC_4_0,1296.0
Carollia perspicillata,1020746652,CO,16228.81,1977,CC_BY_NC_4_0,1857.5
Carollia perspicillata,1020746687,CO,52419.41,1978,CC_BY_NC_4_0,153.0
Carollia perspicillata,1020746724,CO,100.0,1977,CC_BY_NC_4_0,694.5
Carollia perspicillata,1020746742,CO,26589.0,1977,CC_BY_NC_4_0,77.0
Carollia perspicillata,1020746777,CO,30419.98,1996,CC_BY_NC_4_0,1695.5
Carollia perspicillata,1020746795,CO,34310.0,1998,CC_BY_NC_4_0,113.0
Carollia perspicillata,1020746824,CO,3741.0,2001,CC_BY_NC_4_0,15.5
Carollia perspicillata,1020746854,CO,1166.0,2004,CC_BY_NC_4_0,2060.5
Carollia perspicillata,1020746859,CO,433.46,2008,CC_BY_NC_4_0,930.5
Carollia perspicillata,1020746929,CO,600.0,2009,CC_BY_NC_4_0,1528.0
Carollia perspicillata,1020746949,CO,600.0,2009,CC_BY_NC_4_0,837.0
Carollia perspicillata,1020747045,CO,100.0,2013,CC_BY_NC_4_0,159.0
Carollia perspicillata,1020747142,CO,600.0,2009,CC_BY_NC_4_0,1412.5
Carollia perspicillata,45859102,PE,,1978,CC0_1_0,317.5
Carollia perspicillata,45858912,PE,,1971,CC0_1_0,1129.5
Carollia perspicillata,1700657823,PY,,2009,CC0_1_0,178.5
Carollia perspicillata,1700657861,PY,,2009,CC0_1_0,224.0
Carollia perspicillata,45858995,PE,,1974,CC0_1_0,2445.0
Carollia perspicillata,45859086,PE,,1978,CC0_1_0,235.0
Carollia perspicillata,45859094,PE,,1978,CC0_1_0,522.5
Carollia perspicillata,45859471,PE,,1973,CC0_1_0,160.0
Carollia perspicillata,45859476,EC,,1974,CC0_1_0,103.5
Carollia perspicillata,45859117,EC,,1976,CC0_1_0,250.5
Carollia perspicillata,45859615,CR,,1988,CC0_1_0,83.0
Carollia perspicillata,45859067,PE,,1974,CC0_1_0,1040.0
Carollia perspicillata,45859161,BO,,1979,CC0_1_0,2674.5
Carollia perspicillata,45859478,PE,,1975,CC0_1_0,1188.0
Carollia perspicillata,45859592,PE,,1983,CC0_1_0,130.5
Carollia perspicillata,1700657826,PY,,2009,CC0_1_0,237.0
Carollia perspicillata,45859059,PE,,1974,CC0_1_0,726.0
Carollia perspicillata,45859359,PE,,1979,CC0_1_0,711.5
Carollia perspicillata,45859360,PE,,1979,CC0_1_0,214.0
Carollia perspicillata,45859483,PE,,1982,CC0_1_0,1266.0
Carollia perspicillata,45859610,CR,,1987,CC0_1_0,9.5
Carollia perspicillata,45858960,PE,,1973,CC0_1_0,2299.0
Carollia perspicillata,45859064,PE,,1974,CC0_1_0,255.0
Carollia perspicillata,45859087,PE,,1978,CC0_1_0,2408.0
Carollia perspicillata,45859090,PE,,1978,CC0_1_0,1183.0
Carollia perspicillata,45859097,PE,,1978,CC0_1_0,246.0
Carollia perspicillata,45859100,PE,,1978,CC0_1_0,239.5
Carollia perspicillata,45859165,BO,,1979,CC0_1_0,448.0
Carollia perspicillata,45858898,VE,,1970,CC0_1_0,992.0
Carollia perspicillata,45858910,PE,,1971,CC0_1_0,281.5
Carollia perspicillata,45858948,PE,,1972,CC0_1_0,1745.5
Carollia perspicillata,45858957,PE,,1973,CC0_1_0,1077.0
Carollia perspicillata,45858990,PE,,1974,CC0_1_0,1023.0
Carollia perspicillata,45859003,PE,,1974,CC0_1_0,415.0
Carollia perspicillata,45859048,PE,,1974,CC0_1_0,1271.5
Carollia perspicillata,45859061,PE,,1974,CC0_1_0,238.0
Carollia perspicillata,45859096,PE,,1978,CC0_1_0,280.0
Carollia perspicillata,45859120,EC,,1976,CC0_1_0,182.0
Carollia perspicillata,45859130,PE,,1976,CC0_1_0,1477.0
Carollia perspicillata,45859331,BO,,1981,CC0_1_0,589.0
Carollia perspicillata,45859402,PA,,1983,CC0_1_0,1365.0
Carollia perspicillata,45859557,PE,,1984,CC0_1_0,79.5
Carollia perspicillata,45859582,PE,,1984,CC0_1_0,144.0
Carollia perspicillata,1977887905,CO,,1999,CC0_1_0,49.5
Carollia perspicillata,1977887914,CO,,1999,CC0_1_0,107.5
Carollia perspicillata,3068259619,CO,,2001,CC0_1_0,70.5
Carollia perspicillata,3068259650,CO,,2003,CC0_1_0,165.0
Carollia perspicillata,3068259661,CO,,2003,CC0_1_0,5.0
Carollia perspicillata,3068259665,CO,,2004,CC0_1_0,107.0
Carollia perspicillata,3068260088,CO,,2014,CC0_1_0,58.0
Carollia perspicillata,3068260089,CO,,2014,CC0_1_0,104.0
Carollia perspicillata,3068260093,CO,,2011,CC0_1_0,63.0
Carollia perspicillata,3068260102,CO,,2003,CC0_1_0,63.5
Carollia perspicillata,3068260115,CO,,2011,CC0_1_0,47.0
Carollia perspicillata,3068260218,CO,,2010,CC0_1_0,71.5
Carollia perspicillata,3068260257,CO,,1998,CC0_1_0,69.0
Carollia perspicillata,3068260298,CO,,2000,CC0_1_0,159.0
Carollia perspicillata,3897117329,CO,,2021,CC0_1_0,16.0
Carollia perspicillata,4421321400,CO,,2022,CC0_1_0,83.5
Carollia perspicillata,1609371411,CO,,2013,CC0_1_0,2013.0
Carollia perspicillata,919142587,CO,1200.0,2012,CC0_1_0,841.5
Carollia perspicillata,919142683,CO,1085.0,2010,CC0_1_0,1138.5
Carollia perspicillata,919142778,CO,1002.0,2013,CC0_1_0,1339.0
Carollia perspicillata,919142789,CO,1154.0,2013,CC0_1_0,1390.5
Carollia perspicillata,919142982,CO,1524.0,2010,CC0_1_0,229.0
Carollia perspicillata,1078917031,CO,4352.0,1988,CC0_1_0,1020.0
Carollia perspicillata,1609371356,CO,500.0,2013,CC0_1_0,1264.5
Carollia perspicillata,919142650,CO,1045.0,2012,CC0_1_0,2126.0
Carollia perspicillata,919142970,CO,1259.0,2004,CC0_1_0,2140.0
Carollia perspicillata,919142983,CO,1058.0,2011,CC0_1_0,2.0
Carollia perspicillata,919143038,CO,1002.0,1991,CC0_1_0,926.5
Carollia perspicillata,919143048,CO,1685.0,2010,CC0_1_0,966.0
Carollia perspicillata,919144227,CO,131392.0,1990,CC0_1_0,135.5
Carollia perspicillata,3901044628,MX,,2012,CC_BY_4_0,136.5
Carollia perspicillata,1949916639,CO,8.0,2017,CC_BY_NC_4_0,803.0
Carollia perspicillata,1893464135,MX,2578.0,1977,CC_BY_4_0,386.0
Carollia perspicillata,1806451994,CO,3000.0,1991,CC_BY_NC_4_0,1092.0
Carollia perspicillata,3463354326,CO,,2021,CC_BY_NC_4_0,172.0
Carollia perspicillata,1315021513,CO,2061.0,1983,CC_BY_NC_4_0,182.5
Carollia perspicillata,1806450959,CO,1247.0,1991,CC_BY_NC_4_0,1756.0
Carollia perspicillata,1806451690,CO,1000.0,1993,CC_BY_NC_4_0,996.5
Carollia perspicillata,1806452981,CO,1001.6,1995,CC_BY_NC_4_0,90.0
Carollia perspicillata,1315021094,CO,224.0,1998,CC_BY_NC_4_0,1560.5
Carollia perspicillata,1315021447,CO,1626.0,1985,CC_BY_NC_4_0,590.0
Carollia perspicillata,1806450631,CO,2480.0,1987,CC_BY_NC_4_0,468.0
Carollia perspicillata,1806451254,CO,77.0,1991,CC_BY_NC_4_0,588.5
Carollia perspicillata,1806452904,CO,,1995,CC_BY_NC_4_0,122.0
Carollia perspicillata,1315020988,CO,1839.0,1978,CC_BY_NC_4_0,17.0
Carollia perspicillata,1315020992,CO,750.0,2001,CC_BY_NC_4_0,2449.0
Carollia perspicillata,1315021008,CO,690.0,2001,CC_BY_NC_4_0,1619.0
Carollia perspicillata,1315021040,CO,840.0,2000,CC_BY_NC_4_0,433.5
Carollia perspicillata,1315021102,CO,13000.0,1970,CC_BY_NC_4_0,0.0
Carollia perspicillata,1315021467,CO,850.0,1987,CC_BY_NC_4_0,1052.5
Carollia perspicillata,1315021472,CO,1587.0,1983,CC_BY_NC_4_0,240.0
Carollia perspicillata,1315021701,CO,1900.0,1974,CC_BY_NC_4_0,10.0
Carollia perspicillata,1315021713,CO,500.0,1975,CC_BY_NC_4_0,1374.5
Carollia perspicillata,1315021719,CO,1380.0,1984,CC_BY_NC_4_0,1689.0
Carollia perspicillata,1315021793,CO,4916.0,1971,CC_BY_NC_4_0,716.0
Carollia perspicillata,1315021844,CO,527.0,1977,CC_BY_NC_4_0,800.5
Carollia perspicillata,1806450007,CO,1760.0,1989,CC_BY_NC_4_0,284.5
Carollia perspicillata,1806450370,CO,2890.0,1990,CC_BY_NC_4_0,800.0
Carollia perspicillata,1806450656,CO,3656.0,1988,CC_BY_NC_4_0,458.0
Carollia perspicillata,1806451114,CO,3410.0,1991,CC_BY_NC_4_0,484.5
Carollia perspicillata,1806451357,CO,511.0,1992,CC_BY_NC_4_0,1174.5
Carollia perspicillata,1806451755,CO,,1992,CC_BY_NC_4_0,176.0
Carollia perspicillata,1806452336,CO,1800.0,1994,CC_BY_NC_4_0,573.5
Carollia perspicillata,1806452364,CO,1950.0,1994,CC_BY_NC_4_0,452.5
Carollia perspicillata,1806452555,CO,18682.0,1994,CC_BY_NC_4_0,755.5
Carollia perspicillata,1806452707,CO,1434.6,1995,CC_BY_NC_4_0,316.0
Carollia perspicillata,1806452783,CO,,1995,CC_BY_NC_4_0,958.0
Carollia perspicillata,1806452945,CO,,1995,CC_BY_NC_4_0,159.0
Carollia perspicillata,1806453406,CO,1408.6,1996,CC_BY_NC_4_0,808.0
Carollia perspicillata,1806453426,CO,1680.0,1995,CC_BY_NC_4_0,342.5
Carollia perspicillata,3463354316,CO,,2021,CC_BY_NC_4_0,182.0
Carollia perspicillata,4100391308,CO,,2021,CC_BY_NC_4_0,127.0
Carollia perspicillata,4979114654,CO,,2019,CC_BY_NC_4_0,1216.5
Carollia perspicillata,4979152831,CO,,2011,CC_BY_NC_4_0,811.5
Carollia perspicillata,4979125829,CO,,2021,CC_BY_NC_4_0,259.5
Carollia perspicillata,4979156864,CO,,2021,CC_BY_NC_4_0,157.5
Carollia perspicillata,4979157081,CO,,2011,CC_BY_NC_4_0,219.0
Carollia perspicillata,4979114831,CO,,2015,CC_BY_NC_4_0,49.0
Carollia perspicillata,4979115140,CO,,2016,CC_BY_NC_4_0,946.0
Carollia perspicillata,4979138857,CO,,2018,CC_BY_NC_4_0,252.5
Carollia perspicillata,4979119888,CO,,2015,CC_BY_NC_4_0,197.0
Carollia perspicillata,4979138361,CO,,2015,CC_BY_NC_4_0,304.0
Carollia perspicillata,4979139149,CO,,2016,CC_BY_NC_4_0,97.5
Carollia perspicillata,4979149198,CO,,1979,CC_BY_NC_4_0,15.0
Carollia perspicillata,4979156306,CO,,2013,CC_BY_NC_4_0,137.0
Carollia perspicillata,4979157170,CO,,2003,CC_BY_NC_4_0,256.5
Carollia perspicillata,2365854186,BR,,2015,CC_BY_NC_4_0,15.5
Carollia perspicillata,2855931630,CO,,1996,CC0_1_0,1027.0
Carollia perspicillata,1821670664,BR,,2003,CC_BY_NC_4_0,237.0
Carollia perspicillata,3008955541,CO,,2018,CC_BY_4_0,332.0
Carollia perspicillata,3008955566,CO,,2004,CC_BY_4_0,239.0
Carollia perspicillata,3008955918,CO,,2018,CC_BY_4_0,470.5
Carollia perspicillata,3008955959,CO,,2017,CC_BY_4_0,179.5
Carollia perspicillata,3008956074,CO,,2005,CC_BY_4_0,298.0
Carollia perspicillata,3008956096,CO,,2004,CC_BY_4_0,2054.0
Carollia perspicillata,3008956098,CO,,2004,CC_BY_4_0,1077.0
Carollia perspicillata,3008956113,CO,,2004,CC_BY_4_0,244.0
Carollia perspicillata,3008956154,CO,,2018,CC_BY_4_0,530.0
Carollia perspicillata,3008956178,CO,,2018,CC_BY_4_0,246.5
Carollia perspicillata,3008956247,CO,,2018,CC_BY_4_0,186.0
Carollia perspicillata,3008956345,CO,,2017,CC_BY_4_0,228.0
Carollia perspicillata,3008956471,CO,,2018,CC_BY_4_0,238.0
Carollia perspicillata,3008956489,CO,,2002,CC_BY_4_0,244.0
Carollia perspicillata,3008956569,CO,,2003,CC_BY_4_0,268.5
Carollia perspicillata,665883700,BZ,0.28,1975,CC0_1_0,301.5
Carollia perspicillata,665903856,CO,,1971,CC0_1_0,320.0
Carollia perspicillata,665908514,PE,,1987,CC0_1_0,2517.5
Carollia perspicillata,665898894,EC,,1983,CC0_1_0,195.5
Carollia perspicillata,1883746970,PE,,2013,CC0_1_0,271.5
Carollia perspicillata,665908513,PE,9.11,1987,CC0_1_0,2751.0
Carollia perspicillata,665904485,PE,,1973,CC0_1_0,1637.5
Carollia perspicillata,665863404,CO,,1970,CC0_1_0,963.5
Carollia perspicillata,665733190,EC,16.16,1983,CC0_1_0,301.0
Carollia perspicillata,665877785,BZ,6.8,1974,CC0_1_0,775.0
Carollia perspicillata,665876321,BZ,1.57,1975,CC0_1_0,29.5
Carollia perspicillata,665888062,CO,,1971,CC0_1_0,552.0
Carollia perspicillata,665878629,CO,,1971,CC0_1_0,24.5
Carollia perspicillata,665740619,EC,,1983,CC0_1_0,231.0
Carollia perspicillata,665823149,CO,3.62,1975,CC0_1_0,388.0
Carollia perspicillata,665732336,PE,63.23,1980,CC0_1_0,125.5
Carollia perspicillata,665889501,BZ,0.92,1976,CC0_1_0,35.0
Carollia perspicillata,665889639,BZ,1.25,1978,CC0_1_0,192.0
Carollia perspicillata,665903234,EC,,1983,CC0_1_0,226.0
Carollia perspicillata,1805727828,EC,,2011,CC0_1_0,1413.5
Carollia perspicillata,665747948,PE,,1980,CC0_1_0,632.5
Carollia perspicillata,665733414,PE,,1985,CC0_1_0,603.5
Carollia perspicillata,665745107,PE,,1977,CC0_1_0,290.5
Carollia perspicillata,665886772,VE,,1974,CC0_1_0,41.0
Carollia perspicillata,665822616,BZ,2.52,1976,CC0_1_0,482.0
Carollia perspicillata,665721597,EC,,1983,CC0_1_0,285.5
Carollia perspicillata,665733879,BZ,2.35,1973,CC0_1_0,51.0
Carollia perspicillata,665914137,PE,,2001,CC0_1_0,472.5
Carollia perspicillata,665732868,BZ,19.64,1977,CC0_1_0,673.5
Carollia perspicillata,665822625,BZ,0.92,1975,CC0_1_0,60.0
Carollia perspicillata,665915928,PE,,2001,CC0_1_0,1121.0
Carollia perspicillata,665925674,PE,,1985,CC0_1_0,1869.0
Carollia perspicillata,665738045,EC,20.26,1983,CC0_1_0,196.0
Carollia perspicillata,665908505,PE,,1987,CC0_1_0,2773.0
Carollia perspicillata,665900309,GT,16.75,1977,CC0_1_0,277.0
Carollia perspicillata,665717374,PE,,1987,CC0_1_0,1213.0
Carollia perspicillata,665737472,CO,,1970,CC0_1_0,1760.5
Carollia perspicillata,665873251,CO,,1970,CC0_1_0,971.5
Carollia perspicillata,1805743076,PE,,2007,CC0_1_0,1034.5
Carollia perspicillata,1805743258,PE,,2007,CC0_1_0,1062.0
Carollia perspicillata,665823146,CO,3.11,1975,CC0_1_0,301.0
Carollia perspicillata,1805743260,PE,,2007,CC0_1_0,815.5
Carollia perspicillata,665862081,EC,7.06,1983,CC0_1_0,328.0
Carollia perspicillata,665925142,PE,,1983,CC0_1_0,900.0
Carollia perspicillata,665757236,BZ,4.59,1974,CC0_1_0,141.5
Carollia perspicillata,665864707,BO,1.15,1973,CC0_1_0,564.5
Carollia perspicillata,665885318,BR,,1977,CC0_1_0,20.0
Carollia perspicillata,3890565292,CO,,2016,CC_BY_NC_4_0,2079.5
Carollia perspicillata,3890565639,CO,,2016,CC_BY_NC_4_0,342.5
Carollia perspicillata,2422214526,CO,,2012,CC_BY_NC_4_0,1047.5
Carollia perspicillata,3710473788,CO,,2019,CC_BY_NC_4_0,801.5
Carollia perspicillata,3710474087,CO,,2013,CC_BY_NC_4_0,140.0
Carollia perspicillata,5904951273,CO,,2022,CC_BY_NC_4_0,819.5
Carollia perspicillata,5904951953,CO,,2022,CC_BY_NC_4_0,924.0
Carollia perspicillata,1609371283,CO,,2004,CC_BY_NC_4_0,1369.0
Carollia perspicillata,2422214368,CO,,2012,CC_BY_NC_4_0,987.5
Carollia perspicillata,5904950956,CO,,2020,CC_BY_NC_4_0,934.5
Carollia perspicillata,5904951532,CO,,2023,CC_BY_NC_4_0,827.5
Carollia perspicillata,1609370974,CO,,2001,CC_BY_NC_4_0,636.0
Carollia perspicillata,1609371316,CO,,2004,CC_BY_NC_4_0,1517.5
Carollia perspicillata,1609371323,CO,,2004,CC_BY_NC_4_0,1211.0
Carollia perspicillata,3710473425,CO,,2021,CC_BY_NC_4_0,1892.0
Carollia perspicillata,3710474964,CO,,2021,CC_BY_NC_4_0,121.0
Carollia perspicillata,5904950489,CO,,2022,CC_BY_NC_4_0,13.0
Carollia perspicillata,5904950560,CO,,2022,CC_BY_NC_4_0,176.5
Carollia perspicillata,5904950578,CO,,2023,CC_BY_NC_4_0,191.0
Carollia perspicillata,5904951434,CO,,2025,CC_BY_NC_4_0,403.0
Carollia perspicillata,5904951703,CO,,2023,CC_BY_NC_4_0,130.0
Carollia perspicillata,1609370962,CO,,2001,CC_BY_NC_4_0,603.0
Carollia perspicillata,1609371289,CO,,2003,CC_BY_NC_4_0,1804.5
Carollia perspicillata,1609371291,CO,,2003,CC_BY_NC_4_0,1320.5
Carollia perspicillata,2422214748,CO,,2012,CC_BY_NC_4_0,1539.0
Carollia perspicillata,2422214800,CO,,2015,CC_BY_NC_4_0,1775.5
Carollia perspicillata,2422214968,CO,,2018,CC_BY_NC_4_0,1119.5
Carollia perspicillata,2422215161,CO,,2018,CC_BY_NC_4_0,1992.5
Carollia perspicillata,3710473338,CO,,2019,CC_BY_NC_4_0,268.0
Carollia perspicillata,3710473904,CO,,2019,CC_BY_NC_4_0,1012.5
Carollia perspicillata,3710474034,CO,,2021,CC_BY_NC_4_0,1644.0
Carollia perspicillata,3710474391,CO,,2019,CC_BY_NC_4_0,126.0
Carollia perspicillata,3710474459,CO,,2019,CC_BY_NC_4_0,2185.5
Carollia perspicillata,3710474461,CO,,2019,CC_BY_NC_4_0,1973.0
Carollia perspicillata,3710474998,CO,,2019,CC_BY_NC_4_0,1022.0
Carollia perspicillata,3710475017,CO,,2019,CC_BY_NC_4_0,631.0
Carollia perspicillata,5904950902,CO,,2022,CC_BY_NC_4_0,2180.0
Carollia perspicillata,5904951075,CO,,2025,CC_BY_NC_4_0,1920.0
Carollia perspicillata,5904951085,CO,,2023,CC_BY_NC_4_0,1909.5
Carollia perspicillata,3821076398,CO,,2017,CC_BY_NC_4_0,94.0
Carollia perspicillata,3821076516,CO,,2019,CC_BY_NC_4_0,1107.0
Carollia perspicillata,3821076528,CO,,2020,CC_BY_NC_4_0,180.0
Carollia perspicillata,3821076532,CO,,2022,CC_BY_NC_4_0,188.0
Carollia perspicillata,1417789880,MX,90.0,1990,CC_BY_4_0,154.0
Carollia perspicillata,1417815235,MX,90.0,1979,CC_BY_4_0,105.0
Carollia perspicillata,1417796066,MX,90.0,1993,CC_BY_4_0,1245.0
Carollia perspicillata,1417814639,MX,90.0,1994,CC_BY_4_0,254.5
Carollia perspicillata,1417795523,MX,80.0,1984,CC_BY_4_0,84.0
Carollia perspicillata,1417811347,MX,60.0,1972,CC_BY_4_0,320.5
Carollia perspicillata,3351269187,PA,,2012,CC_BY_4_0,1103.5
Carollia perspicillata,3348860946,PA,,2013,CC_BY_4_0,8.5
Carollia perspicillata,3351293165,PA,,2012,CC_BY_4_0,34.0
Carollia perspicillata,3348834871,PA,,2012,CC_BY_4_0,80.0
Carollia perspicillata,3350084680,GY,,1995,CC_BY_4_0,66.5
Carollia perspicillata,3349994645,PA,,1995,CC_BY_4_0,1182.5
Carollia perspicillata,3346346949,GY,,2004,CC_BY_4_0,696.0
Carollia perspicillata,3346700872,MX,,2008,CC_BY_4_0,272.0
Carollia perspicillata,3350001586,GY,,1996,CC_BY_4_0,251.0
Carollia perspicillata,3346869775,EC,,1996,CC_BY_4_0,305.0
Carollia perspicillata,3346341940,GY,,2004,CC_BY_4_0,704.0
Carollia perspicillata,3351341998,PA,,2013,CC_BY_4_0,27.0
Carollia perspicillata,3350077683,GY,,1999,CC_BY_4_0,82.0
Carollia perspicillata,3349954598,GY,,2001,CC_BY_4_0,116.0
Carollia perspicillata,3346839666,CR,,1997,CC_BY_4_0,16.0
Carollia perspicillata,3350100681,GY,,1997,CC_BY_4_0,84.0
Carollia perspicillata,3346839717,EC,,1996,CC_BY_4_0,265.0
Carollia perspicillata,3349968531,GY,,2007,CC_BY_4_0,113.0
Carollia perspicillata,3346371222,SR,,2006,CC_BY_4_0,83.0
Carollia perspicillata,3350077686,GY,,1996,CC_BY_4_0,239.0
Carollia perspicillata,3351285196,PA,,2013,CC_BY_4_0,34.5
Carollia perspicillata,3346837445,GY,,2001,CC_BY_4_0,78.0
Carollia perspicillata,3346874727,GY,,2007,CC_BY_4_0,141.0
Carollia perspicillata,3346408234,SR,,2006,CC_BY_4_0,58.0
Carollia perspicillata,3349993573,GY,,1994,CC_BY_4_0,92.0
Carollia perspicillata,3346820673,GY,,1997,CC_BY_4_0,509.5
Carollia perspicillata,3348860948,PA,,2012,CC_BY_4_0,114.0
Carollia perspicillata,3349725990,GY,,1996,CC_BY_4_0,250.0
Carollia perspicillata,3349684221,SR,,2006,CC_BY_4_0,248.5
Carollia perspicillata,3350000542,GY,,1997,CC_BY_4_0,517.0
Carollia perspicillata,3350140476,SR,,2005,CC_BY_4_0,189.5
Carollia perspicillata,3349671017,GY,,2002,CC_BY_4_0,27.0
Carollia perspicillata,3346869716,BR,,1998,CC_BY_4_0,681.0
Carollia perspicillata,3349682405,SR,,2006,CC_BY_4_0,109.5
Carollia perspicillata,3350140570,GY,,2001,CC_BY_4_0,113.5
Carollia perspicillata,3351293167,PA,,2013,CC_BY_4_0,72.5
Carollia perspicillata,3349950502,GY,,2007,CC_BY_4_0,177.5
Carollia perspicillata,3346826623,GY,,1997,CC_BY_4_0,567.0
Carollia perspicillata,3346821636,GY,,2005,CC_BY_4_0,398.0
Carollia perspicillata,3350068585,GY,,1997,CC_BY_4_0,303.5
Carollia perspicillata,3350001589,GY,,2000,CC_BY_4_0,21.5
Carollia perspicillata,3346823441,GY,,2002,CC_BY_4_0,707.0
Carollia perspicillata,3349641121,GY,,2005,CC_BY_4_0,469.5
Carollia perspicillata,3350000539,GY,,1994,CC_BY_4_0,144.0
Carollia perspicillata,3350067742,GY,,1995,CC_BY_4_0,88.0
Carollia perspicillata,3436805974,VE,,1971,CC_BY_4_0,0.0
Carollia perspicillata,583516188,CO,3114.0,1984,CC0_1_0,1637.0
Carollia perspicillata,865718402,PY,1000.0,1985,CC_BY_4_0,134.5
Carollia perspicillata,865718502,PE,1000.0,1982,CC_BY_4_0,224.0
Carollia perspicillata,865718392,EC,10000.0,1982,CC_BY_4_0,84.5
Carollia perspicillata,865718396,PY,1000.0,1989,CC_BY_4_0,214.5
Carollia perspicillata,865718398,EC,10000.0,1982,CC_BY_4_0,735.5
Carollia perspicillata,865718169,CO,10000.0,1982,CC_BY_4_0,241.5
Carollia perspicillata,865718226,CO,1000.0,1970,CC_BY_4_0,22.0
Carollia perspicillata,865718325,BR,10000.0,1973,CC_BY_4_0,290.0
Carollia perspicillata,865718374,BZ,10000.0,1997,CC_BY_4_0,17.0
Carollia perspicillata,865718503,PE,1000.0,1982,CC_BY_4_0,224.0
Carollia perspicillata,865718532,PY,1000.0,1979,CC_BY_4_0,215.0
Carollia perspicillata,865718160,CO,10000.0,1982,CC_BY_4_0,236.5
Carollia perspicillata,865718372,BZ,10000.0,1997,CC_BY_4_0,3.0
Carollia perspicillata,865718381,EC,10000.0,1982,CC_BY_4_0,9.5
Carollia perspicillata,865718385,EC,10000.0,1982,CC_BY_4_0,9.0
Carollia perspicillata,865718478,PE,1000.0,1980,CC_BY_4_0,104.5
Carollia perspicillata,865718496,PE,1000.0,1980,CC_BY_4_0,116.0
Carollia perspicillata,865718497,PE,1000.0,1980,CC_BY_4_0,115.5
Carollia perspicillata,865718540,PY,1000.0,1979,CC_BY_4_0,209.0
Carollia perspicillata,2266109556,MX,2.0,1973,CC0_1_0,9.0
Carollia perspicillata,2266111626,BZ,2.0,1983,CC0_1_0,34.5
Carollia perspicillata,2266112159,CR,4.0,1974,CC0_1_0,23.5
Carollia perspicillata,6120801594,BR,,2014,CC_BY_4_0,112.0
Carollia perspicillata,6120810551,BR,,1998,CC_BY_4_0,0.0
Carollia perspicillata,6120824964,BR,,2015,CC_BY_4_0,281.0
Carollia perspicillata,6120821396,BR,,1979,CC_BY_4_0,874.0
Carollia perspicillata,6120814363,BR,,2006,CC_BY_4_0,405.5
Carollia perspicillata,6120819532,BR,,1999,CC_BY_4_0,853.5
Carollia perspicillata,6120824719,BR,,1986,CC_BY_4_0,118.0
Carollia perspicillata,6120825744,BR,,1986,CC_BY_4_0,125.0
Carollia perspicillata,1418521334,MX,,1981,CC_BY_4_0,688.0
Carollia perspicillata,1418520470,MX,,1986,CC_BY_4_0,2140.5
Carollia perspicillata,1418522796,MX,,1986,CC_BY_4_0,292.0
Carollia perspicillata,1418532753,MX,,1984,CC_BY_4_0,204.0
Carollia perspicillata,1418525588,MX,,1994,CC_BY_4_0,191.5
Carollia perspicillata,1418531895,MX,,1993,CC_BY_4_0,814.5
Carollia perspicillata,1418526395,MX,,1986,CC_BY_4_0,1099.5
Carollia perspicillata,1418527452,MX,,1993,CC_BY_4_0,751.5
Carollia perspicillata,3024356208,GF,1000.0,1982,CC_BY_NC_4_0,13.5
Carollia perspicillata,3024399085,PY,1000.0,1984,CC_BY_NC_4_0,217.0
Carollia perspicillata,1893577784,MX,100.0,1995,CC_BY_4_0,962.5
Carollia perspicillata,1893577876,MX,90.0,1985,CC_BY_4_0,632.5
Carollia perspicillata,5898728025,GT,,2009,CC_BY_NC_4_0,1760.5
Carollia perspicillata,5898728075,GT,,2010,CC_BY_NC_4_0,92.0
Carollia perspicillata,5898728864,GT,,2011,CC_BY_NC_4_0,395.0
Carollia perspicillata,5898729146,GT,,2017,CC_BY_NC_4_0,474.0
Carollia perspicillata,4026657748,CO,,2013,CC_BY_NC_4_0,842.5
Carollia perspicillata,4026677259,CO,,2021,CC_BY_NC_4_0,592.5
Carollia perspicillata,4026678178,CO,,2017,CC_BY_NC_4_0,109.5
Carollia perspicillata,4026679120,CO,,2015,CC_BY_NC_4_0,887.0
Carollia perspicillata,4026657706,CO,,2013,CC_BY_NC_4_0,822.0
Carollia perspicillata,4026685146,CO,,2021,CC_BY_NC_4_0,468.5
Carollia perspicillata,4026687468,CO,,2021,CC_BY_NC_4_0,71.0
Carollia perspicillata,4026655049,CO,,2018,CC_BY_NC_4_0,127.0
Carollia perspicillata,4026674566,CO,,2019,CC_BY_NC_4_0,198.0
Carollia perspicillata,4026674620,CO,,2020,CC_BY_NC_4_0,2389.0
Carollia perspicillata,4026685667,CO,,2020,CC_BY_NC_4_0,178.0
Carollia perspicillata,4026685686,CO,,2020,CC_BY_NC_4_0,171.0
Carollia perspicillata,4026655027,CO,,2018,CC_BY_NC_4_0,1645.5
Carollia perspicillata,4026669424,CO,,2003,CC_BY_NC_4_0,104.0
Carollia perspicillata,4026674457,CO,,2021,CC_BY_NC_4_0,81.0
Carollia perspicillata,4026674596,CO,,2019,CC_BY_NC_4_0,424.5
Carollia perspicillata,4026684682,CO,,2015,CC_BY_NC_4_0,45.0
Carollia perspicillata,4026689116,CO,,2021,CC_BY_NC_4_0,61.0
Carollia perspicillata,4026689168,CO,,2021,CC_BY_NC_4_0,1515.0
Carollia perspicillata,4026689195,CO,,2021,CC_BY_NC_4_0,361.0
Carollia perspicillata,4026689248,CO,,2021,CC_BY_NC_4_0,67.5
Carollia perspicillata,3356345393,BR,5500.0,1992,CC0_1_0,443.0
Carollia perspicillata,3356333631,BR,426464.0,1991,CC0_1_0,251.5
Carollia perspicillata,1676065337,CO,,2016,CC0_1_0,556.5
Carollia perspicillata,1676065441,CO,,2015,CC0_1_0,149.0
Carollia perspicillata,1676065460,CO,,2016,CC0_1_0,1482.5
Carollia perspicillata,1676065481,CO,,2016,CC0_1_0,1200.0
Carollia perspicillata,1676065521,CO,,2016,CC0_1_0,155.5
Carollia perspicillata,1676065553,CO,,2016,CC0_1_0,557.0
Carollia perspicillata,1676065558,CO,,2014,CC0_1_0,321.0
Carollia perspicillata,1676065571,CO,,2016,CC0_1_0,157.5
Carollia perspicillata,5886779643,BR,,2006,CC_BY_NC_4_0,393.0
Carollia perspicillata,5886779701,BR,,2006,CC_BY_NC_4_0,180.5
Carollia perspicillata,5886786316,BR,,2007,CC_BY_NC_4_0,123.5
Carollia perspicillata,5886787245,BR,,2008,CC_BY_NC_4_0,86.0
Carollia perspicillata,5886788845,BR,,2009,CC_BY_NC_4_0,0.0
Carollia perspicillata,5886788854,BR,,2008,CC_BY_NC_4_0,22.5
Carollia perspicillata,859262866,GT,,2001,CC0_1_0,1.0
Carollia perspicillata,859262996,GT,,1992,CC0_1_0,331.0
Carollia perspicillata,859263002,GT,,1994,CC0_1_0,111.0
Carollia perspicillata,859263017,GT,,1995,CC0_1_0,271.0
Carollia perspicillata,859263861,GT,,1993,CC0_1_0,127.0
Carollia perspicillata,3306339479,MX,,2010,CC_BY_4_0,621.0
Carollia perspicillata,3306339577,MX,,2011,CC_BY_4_0,373.0
Carollia perspicillata,3306340160,MX,,2010,CC_BY_4_0,146.0
Carollia perspicillata,3306342915,MX,,2010,CC_BY_4_0,882.5
Carollia perspicillata,3046441159,CO,,2018,CC_BY_4_0,314.5
Carollia perspicillata,919433618,BO,7567.0,1979,CC0_1_0,1198.5
Carollia perspicillata,919429530,MX,2719.0,1977,CC0_1_0,1269.5
Carollia perspicillata,919445077,BZ,1616.0,1979,CC0_1_0,52.5
Carollia perspicillata,919435261,MX,8096.0,1977,CC0_1_0,224.0
Carollia perspicillata,919437628,CR,14957.0,1978,CC0_1_0,1044.5
Carollia perspicillata,919438923,CR,3894.0,1978,CC0_1_0,87.5
Carollia perspicillata,919440777,BZ,806.0,1979,CC0_1_0,20.5
Carollia perspicillata,919441074,CR,2844.0,1978,CC0_1_0,531.0
Carollia perspicillata,919441824,BZ,1316.0,1978,CC0_1_0,11.5
Carollia perspicillata,919441832,EC,,1981,CC0_1_0,0.0
Carollia perspicillata,919443620,BO,13041.0,1979,CC0_1_0,529.5
Carollia perspicillata,919443920,TT,70505.0,1977,CC0_1_0,53.5
Carollia perspicillata,919449149,BZ,916.0,1979,CC0_1_0,10.5
Carollia perspicillata,919450074,EC,6782.0,1981,CC0_1_0,77.0
Carollia perspicillata,919450395,CR,3030.0,1978,CC0_1_0,599.5
Carollia perspicillata,919451978,EC,3057.0,1981,CC0_1_0,2873.5
Carollia perspicillata,202061466,BR,8182.0,1984,CC0_1_0,1042.5
Carollia perspicillata,202061464,BR,4046.0,1984,CC0_1_0,1057.0
Carollia perspicillata,202061526,BR,301.0,1978,CC0_1_0,524.5
Carollia perspicillata,255678062,PY,3036.0,1985,CC0_1_0,131.0
Carollia perspicillata,4097141364,BR,,1992,CC_BY_NC_4_0,407.0
Carollia perspicillata,4097141469,BR,,1989,CC_BY_NC_4_0,574.5
Carollia perspicillata,4097141635,BR,,1992,CC_BY_NC_4_0,828.5
Carollia perspicillata,4097141678,BR,,1991,CC_BY_NC_4_0,483.0
Carollia perspicillata,4097141693,BR,,1992,CC_BY_NC_4_0,745.5
Carollia perspicillata,4097141739,BR,,1998,CC_BY_NC_4_0,569.0
Carollia perspicillata,1323972694,BR,,1989,CC_BY_4_0,5.0
Carollia perspicillata,1323972697,BR,,1990,CC_BY_4_0,40.0
Carollia perspicillata,1323972704,BR,,1986,CC_BY_4_0,57.0
Carollia perspicillata,1323972836,BR,,1997,CC_BY_4_0,861.0
Carollia perspicillata,1323972898,BR,,1986,CC_BY_4_0,244.0
Carollia perspicillata,1323972907,BR,,1992,CC_BY_4_0,66.5
Carollia perspicillata,1323972983,BR,,1998,CC_BY_4_0,470.5
Carollia perspicillata,1323973453,BR,,2002,CC_BY_4_0,466.5
Carollia perspicillata,1323973465,BR,,2003,CC_BY_4_0,928.5
Carollia perspicillata,1323973693,BR,,2004,CC_BY_4_0,291.0
Carollia perspicillata,1323973803,BR,,2005,CC_BY_4_0,110.5
Carollia perspicillata,1323974063,BR,,2007,CC_BY_4_0,710.0
Carollia perspicillata,1323974091,BR,,2007,CC_BY_4_0,410.5
Carollia perspicillata,1323974157,BR,,2008,CC_BY_4_0,17.5
Carollia perspicillata,1323974162,BR,,2009,CC_BY_4_0,0.0
Carollia perspicillata,1323974174,BR,,2008,CC_BY_4_0,139.0
Carollia perspicillata,1323974215,BR,,2009,CC_BY_4_0,550.0
Carollia perspicillata,1323974279,BR,,2009,CC_BY_4_0,14.0
Carollia perspicillata,1323974372,BR,,2010,CC_BY_4_0,1183.0
Carollia perspicillata,2425455879,BR,,1998,CC_BY_4_0,623.0
Carollia perspicillata,5099441502,BO,25183.0,1985,CC0_1_0,448.0
Carollia perspicillata,5099723156,EC,,2017,CC0_1_0,876.5
Carollia perspicillata,5099439685,BO,3592.0,1986,CC0_1_0,165.0
Carollia perspicillata,5099594615,BO,1000.0,1984,CC0_1_0,298.0
Carollia perspicillata,5099483988,BO,,2000,CC0_1_0,247.0
Carollia perspicillata,5099440507,BO,15286.0,1985,CC0_1_0,293.0
Carollia perspicillata,5099615187,BO,,1994,CC0_1_0,896.5
Carollia perspicillata,5099620341,BO,,1991,CC0_1_0,1300.0
Carollia perspicillata,5099587742,BO,1000.0,1985,CC0_1_0,179.0
Carollia perspicillata,5099590800,BO,1000.0,1986,CC0_1_0,196.0
Carollia perspicillata,5099441503,BO,7557.0,1985,CC0_1_0,307.0
Carollia perspicillata,5099443681,BO,3590.0,1986,CC0_1_0,216.5
Carollia perspicillata,5099451279,CR,3301.0,1991,CC0_1_0,6.0
Carollia perspicillata,5099716116,EC,,2017,CC0_1_0,109.0
Carollia perspicillata,5099429564,BZ,466.0,1982,CC0_1_0,34.5
Carollia perspicillata,5099723194,EC,,2017,CC0_1_0,246.5
Carollia perspicillata,5099723179,EC,,2017,CC0_1_0,582.5
Carollia perspicillata,5099436137,CO,3101.0,1983,CC0_1_0,81.0
Carollia perspicillata,5099727058,EC,,2017,CC0_1_0,605.0
Carollia perspicillata,5099441224,BO,18439.0,1988,CC0_1_0,432.0
Carollia perspicillata,5099723741,PA,5.0,2023,CC0_1_0,49.5
Carollia perspicillata,5099423907,MX,20388.0,1978,CC0_1_0,18.0
Carollia perspicillata,5099727116,EC,,2017,CC0_1_0,866.5
Carollia perspicillata,5099648997,PA,,2011,CC0_1_0,0.0
Carollia perspicillata,5099708231,PA,100.0,2016,CC0_1_0,40.5
Carollia perspicillata,5099708224,PA,100.0,2015,CC0_1_0,14.5
Carollia perspicillata,5099452941,BO,3565.0,1992,CC0_1_0,1193.0
Carollia perspicillata,5099457332,BO,11839.0,1993,CC0_1_0,403.5
Carollia perspicillata,5099710228,PA,1000.0,2012,CC0_1_0,50.0
Carollia perspicillata,5099440232,BO,3553.0,1988,CC0_1_0,370.0
Carollia perspicillata,5099701206,PA,100.0,2015,CC0_1_0,224.5
Carollia perspicillata,5099440979,BO,3556.0,1987,CC0_1_0,365.0
Carollia perspicillata,5099458325,BO,66058.0,1993,CC0_1_0,261.5
Carollia perspicillata,5099712174,PA,100.0,2014,CC0_1_0,13.0
Carollia perspicillata,5099437129,CO,5596.0,1983,CC0_1_0,8.5
Carollia perspicillata,5099615177,BO,,1994,CC0_1_0,362.5
Carollia perspicillata,5099623324,BO,,1991,CC0_1_0,308.5
Carollia perspicillata,5099723708,PA,5.0,2023,CC0_1_0,69.5
Carollia perspicillata,5099587822,BO,1000.0,1986,CC0_1_0,127.0
Carollia perspicillata,5099607877,BO,,1991,CC0_1_0,447.5
Carollia perspicillata,5099618646,BO,,1993,CC0_1_0,2287.0
Carollia perspicillata,5099708216,PA,1000.0,2014,CC0_1_0,339.0
Carollia perspicillata,5099437298,BO,3036.0,1984,CC0_1_0,315.5
Carollia perspicillata,5099443235,BO,3554.0,1988,CC0_1_0,398.5
Carollia perspicillata,5099612062,BO,,1993,CC0_1_0,830.0
Carollia perspicillata,5099651393,PA,,2012,CC0_1_0,19.5
Carollia perspicillata,5099441674,BO,3585.0,1986,CC0_1_0,200.5
Carollia perspicillata,5099618058,BO,,1993,CC0_1_0,241.0
Carollia perspicillata,5099620483,BO,,1992,CC0_1_0,259.0
Carollia perspicillata,5099437131,CO,3091.0,1983,CC0_1_0,16.5
Carollia perspicillata,5099439306,BO,,1984,CC0_1_0,233.0
Carollia perspicillata,5099689574,PA,100.0,2015,CC0_1_0,111.0
Carollia perspicillata,5099700808,PA,10.0,2016,CC0_1_0,466.5
Carollia perspicillata,5099719107,EC,,2017,CC0_1_0,6.0
Carollia perspicillata,1427585968,CO,,2015,CC_BY_NC_4_0,26.5
Carollia perspicillata,2630401831,MX,100.0,1991,CC_BY_4_0,1894.0
Carollia perspicillata,2630341869,MX,90.0,1991,CC_BY_4_0,26.0
Carollia perspicillata,2630328552,MX,90.0,1977,CC_BY_4_0,171.5
Carollia perspicillata,2630341856,MX,90.0,1991,CC_BY_4_0,529.0
Carollia perspicillata,4168614431,MX,110.0,1994,CC_BY_4_0,9.0
Carollia perspicillata,2630381097,MX,100.0,1982,CC_BY_4_0,816.5
Carollia perspicillata,2630384138,MX,90.0,1989,CC_BY_4_0,188.5
Carollia perspicillata,2630400301,MX,90.0,1971,CC_BY_4_0,1511.0
Carollia perspicillata,4168625263,MX,100.0,1994,CC_BY_4_0,1445.0
Carollia perspicillata,2630388025,MX,100.0,1984,CC_BY_4_0,784.5
Carollia perspicillata,2630381102,MX,100.0,1984,CC_BY_4_0,586.5
Carollia perspicillata,4168612541,MX,90.0,1989,CC_BY_4_0,2126.0
Carollia perspicillata,4168622156,MX,90.0,1994,CC_BY_4_0,1421.0
Carollia perspicillata,3463351459,CO,,2018,CC_BY_NC_4_0,739.0
Carollia perspicillata,3463351520,CO,,2018,CC_BY_NC_4_0,355.5
Carollia perspicillata,3863929410,CO,,2021,CC_BY_NC_4_0,1938.0
Carollia perspicillata,4412289415,CO,,2022,CC_BY_NC_4_0,1107.5
Carollia perspicillata,3962334105,EC,,2021,CC_BY_NC_4_0,270.5
Carollia perspicillata,3962334459,EC,,2021,CC_BY_NC_4_0,106.5
Carollia perspicillata,3962335076,EC,,2021,CC_BY_NC_4_0,198.5
Carollia perspicillata,1065346232,CR,1202.0,1971,CC0_1_0,165.5
Carollia perspicillata,1065380325,EC,3057.0,1971,CC0_1_0,10.0
Carollia perspicillata,1065361847,MX,11191.0,1970,CC0_1_0,0.0
Carollia perspicillata,1065369535,CR,12756.0,1971,CC0_1_0,30.5
Carollia perspicillata,1065421593,CR,7137.0,1971,CC0_1_0,19.0
Carollia perspicillata,1065359644,CR,17596.0,1975,CC0_1_0,0.0
Carollia perspicillata,1065364976,CR,5600.0,1972,CC0_1_0,1084.0
Carollia perspicillata,1065335770,CR,29799.0,1970,CC0_1_0,314.5
Carollia perspicillata,675862129,NI,,1978,CC0_1_0,0.0
Carollia perspicillata,675909957,HN,,1983,CC0_1_0,324.5
Carollia perspicillata,1894590554,MX,90.0,1979,CC_BY_4_0,633.5
Carollia perspicillata,1894590629,MX,80.0,1982,CC_BY_4_0,154.5
Carollia perspicillata,1894590583,MX,80.0,1983,CC_BY_4_0,33.0
Carollia perspicillata,1894590530,MX,70.0,1981,CC_BY_4_0,20.0
Carollia perspicillata,1894590548,MX,90.0,1979,CC_BY_4_0,1669.0
Carollia perspicillata,1894590659,MX,90.0,1983,CC_BY_4_0,95.0
Carollia perspicillata,1894590704,MX,90.0,1992,CC_BY_4_0,522.5
Carollia perspicillata,675928678,VE,,1980,CC0_1_0,0.0
Carollia perspicillata,675846305,MX,,1976,CC0_1_0,0.0
Carollia perspicillata,675739905,PE,,1983,CC0_1_0,830.0
Carollia perspicillata,675876713,VE,,1979,CC0_1_0,25.0
Carollia perspicillata,675909877,HN,,1983,CC0_1_0,961.5
Carollia perspicillata,675909938,HN,,1983,CC0_1_0,5.0
Carollia perspicillata,675928964,TT,,1983,CC0_1_0,59.5
Carollia perspicillata,675876733,VE,,1979,CC0_1_0,6.5
Carollia perspicillata,675936388,PE,,1983,CC0_1_0,730.5
Carollia perspicillata,675876753,VE,,1980,CC0_1_0,1220.0
Carollia perspicillata,675877991,MX,,1980,CC0_1_0,45.0
Carollia perspicillata,675909908,HN,,1983,CC0_1_0,526.0
Carollia perspicillata,675868915,NI,,1978,CC0_1_0,18.5
Carollia perspicillata,675876750,VE,,1980,CC0_1_0,14.0
Carollia perspicillata,675836791,PE,,1972,CC0_1_0,85.0
Carollia perspicillata,675742122,PE,,1983,CC0_1_0,666.5
Carollia perspicillata,675928927,TT,,1983,CC0_1_0,20.5
Carollia perspicillata,675884503,HN,,1982,CC0_1_0,367.5
Carollia perspicillata,85168870,BO,,1983,CC_BY_NC_4_0,235.0
Carollia perspicillata,85168386,VE,,1976,CC_BY_NC_4_0,71.0
Carollia perspicillata,85168836,BO,,1983,CC_BY_NC_4_0,256.5
Carollia perspicillata,85168865,BO,,1983,CC_BY_NC_4_0,177.0
Carollia perspicillata,85168929,BO,,1986,CC_BY_NC_4_0,837.5
Carollia perspicillata,85168974,BO,,1986,CC_BY_NC_4_0,589.5
Carollia perspicillata,85168979,BO,,1986,CC_BY_NC_4_0,224.0
Carollia perspicillata,2432134479,CO,,2018,CC_BY_4_0,1183.5
Carollia perspicillata,2432134756,CO,,2018,CC_BY_4_0,463.5
Carollia perspicillata,4866425344,CO,,2019,CC_BY_4_0,1440.0
Carollia perspicillata,1638475028,PA,,1971,CC_BY_NC_4_0,176.0
Carollia perspicillata,1638475295,VE,,1974,CC_BY_NC_4_0,131.0
Carollia perspicillata,1638475380,PA,,1973,CC_BY_NC_4_0,0.0
Carollia perspicillata,1638476499,EC,,1993,CC_BY_NC_4_0,139.0
Carollia perspicillata,1122711091,BZ,,1990,CC_BY_NC_4_0,151.5
Carollia perspicillata,1122711333,PA,,1984,CC_BY_NC_4_0,151.0
Carollia perspicillata,1638475033,PE,,1971,CC_BY_NC_4_0,305.0
Carollia perspicillata,1638475115,PA,,1973,CC_BY_NC_4_0,460.5
Carollia perspicillata,476856080,NI,297465.0,1996,CC_BY_NC_4_0,119.5
Carollia perspicillata,476874493,CR,2148.0,2002,CC_BY_NC_4_0,283.0
Carollia perspicillata,476874635,CR,2211.0,2002,CC_BY_NC_4_0,732.5
Carollia perspicillata,4169170461,MX,90.0,2012,CC_BY_4_0,33.5
Carollia perspicillata,4169170543,MX,70.0,1989,CC_BY_4_0,63.0
Carollia perspicillata,4169282223,MX,80.0,1990,CC_BY_4_0,59.0
Carollia perspicillata,4169200322,MX,80.0,1983,CC_BY_4_0,87.0
Carollia perspicillata,4169187003,MX,90.0,1985,CC_BY_4_0,145.5
Carollia perspicillata,4169260237,MX,90.0,2005,CC_BY_4_0,376.0
Carollia perspicillata,4169268186,MX,90.0,1987,CC_BY_4_0,146.5
Carollia perspicillata,4169237218,MX,80.0,1993,CC_BY_4_0,228.5
Carollia perspicillata,4168900171,MX,70.0,1990,CC_BY_4_0,0.0
Carollia perspicillata,4169269890,MX,80.0,1978,CC_BY_4_0,283.0
Carollia perspicillata,4169230941,MX,80.0,1990,CC_BY_4_0,102.5
Carollia perspicillata,4169049339,MX,90.0,2004,CC_BY_4_0,155.5
Carollia perspicillata,4169222989,MX,90.0,1987,CC_BY_4_0,269.0
Carollia perspicillata,4169263607,MX,100.0,1986,CC_BY_4_0,149.5
Carollia perspicillata,1661822398,CO,,2016,CC_BY_NC_4_0,84.5
Carollia perspicillata,1661822426,CO,,2016,CC_BY_NC_4_0,84.0
Carollia perspicillata,1661822547,CO,,2016,CC_BY_NC_4_0,257.5
Carollia perspicillata,3390875522,CO,,2015,CC_BY_NC_4_0,1462.5
Carollia perspicillata,3390875620,CO,,1980,CC_BY_NC_4_0,32.0
Carollia perspicillata,3390875636,CO,12.0,2015,CC_BY_NC_4_0,219.0
Carollia perspicillata,3390875655,CO,,1975,CC_BY_NC_4_0,1967.0
Carollia perspicillata,3390875664,CO,,1982,CC_BY_NC_4_0,2210.5
Carollia perspicillata,3390875679,CO,,1982,CC_BY_NC_4_0,1418.0
Carollia perspicillata,3390875682,CO,,1979,CC_BY_NC_4_0,2152.5
Carollia perspicillata,3390875693,CO,,1986,CC_BY_NC_4_0,938.0
Carollia perspicillata,3390875702,CO,,1977,CC_BY_NC_4_0,7.5
Carollia perspicillata,3390875736,CO,,2015,CC_BY_NC_4_0,20.0
Carollia perspicillata,3390875936,CO,,2016,CC_BY_NC_4_0,1028.0
Carollia perspicillata,3390876011,CO,,1988,CC_BY_NC_4_0,1646.0
Carollia perspicillata,3390876113,CO,,1983,CC_BY_NC_4_0,2466.0
Carollia perspicillata,3390876118,CO,,1976,CC_BY_NC_4_0,1473.5
Carollia perspicillata,3390876121,CO,,1974,CC_BY_NC_4_0,697.5
Carollia perspicillata,3390876139,CO,,1988,CC_BY_NC_4_0,92.5
Carollia perspicillata,3390876385,CO,,1980,CC_BY_NC_4_0,159.0
Carollia perspicillata,2650654343,CO,1356.0,2001,CC_BY_NC_4_0,2149.5
Carollia perspicillata,2650654379,CO,544.0,2008,CC_BY_NC_4_0,1601.0
Carollia perspicillata,2650654563,CO,544.0,2002,CC_BY_NC_4_0,1633.0
Carollia perspicillata,2650654779,CO,,2013,CC_BY_NC_4_0,1516.5
Carollia perspicillata,2650654803,CO,,2006,CC_BY_NC_4_0,352.0
Carollia perspicillata,2650655093,CO,2193.0,2003,CC_BY_NC_4_0,130.0
Carollia perspicillata,2650655160,CO,530.0,2005,CC_BY_NC_4_0,1014.0
Carollia perspicillata,2650655746,CO,1130.0,2004,CC_BY_NC_4_0,505.5
Carollia perspicillata,2650655885,CO,505.0,2009,CC_BY_NC_4_0,1850.5
Carollia perspicillata,2650655930,CO,458.0,1998,CC_BY_NC_4_0,14.5
Carollia perspicillata,2650655939,CO,501.0,2009,CC_BY_NC_4_0,85.0
Carollia perspicillata,2650655997,CO,2230.0,2004,CC_BY_NC_4_0,2759.5
Carollia perspicillata,2650656038,CO,2034.0,1992,CC_BY_NC_4_0,171.0
Carollia perspicillata,2650656040,CO,530.0,2004,CC_BY_NC_4_0,1471.0
Carollia perspicillata,2650656067,CO,,2011,CC_BY_NC_4_0,62.0
Carollia perspicillata,2650656191,CO,220.0,2008,CC_BY_NC_4_0,1569.0
Carollia perspicillata,2650656194,CO,,2008,CC_BY_NC_4_0,291.5
Carollia perspicillata,2650656200,CO,1530.0,2005,CC_BY_NC_4_0,1099.0
Carollia perspicillata,2650656272,CO,13989.0,2009,CC_BY_NC_4_0,684.0
Carollia perspicillata,2650656296,CO,505.0,2009,CC_BY_NC_4_0,196.0
Carollia perspicillata,2650656346,CO,,2011,CC_BY_NC_4_0,68.5
Carollia perspicillata,2650656357,CO,,2011,CC_BY_NC_4_0,96.5
Carollia perspicillata,1898051217,MX,,2000,CC_BY_4_0,34.5
Carollia perspicillata,1898051261,MX,,2010,CC_BY_4_0,1102.0
Carollia perspicillata,1898051263,MX,,2003,CC_BY_4_0,154.0
Carollia perspicillata,1898051235,MX,,2003,CC_BY_4_0,110.5
Carollia perspicillata,1898051253,MX,90.0,1992,CC_BY_4_0,163.0
Carollia perspicillata,1898051258,MX,,1998,CC_BY_4_0,258.0
Carollia perspicillata,1898050872,MX,90.0,1992,CC_BY_4_0,544.0
Carollia perspicillata,1898050875,MX,90.0,1994,CC_BY_4_0,323.0
Carollia perspicillata,1898051257,MX,,2010,CC_BY_4_0,964.0
Carollia perspicillata,1898051269,MX,,2001,CC_BY_4_0,47.0
Carollia perspicillata,1898051290,MX,,2005,CC_BY_4_0,902.5
Carollia perspicillata,1898050822,MX,70.0,1991,CC_BY_4_0,8.0
Carollia perspicillata,1898051285,MX,80.0,1994,CC_BY_4_0,33.5
Carollia perspicillata,1898051215,MX,,2009,CC_BY_4_0,2.0
Carollia perspicillata,1898051228,MX,,2009,CC_BY_4_0,240.0
Carollia perspicillata,1898050833,MX,100.0,1994,CC_BY_4_0,444.5
Carollia perspicillata,1898051201,MX,80.0,1989,CC_BY_4_0,13.5
Carollia perspicillata,1898051216,MX,90.0,1992,CC_BY_4_0,831.5
Carollia perspicillata,1898051240,MX,,2001,CC_BY_4_0,13.5
Carollia perspicillata,1898051244,MX,80.0,1995,CC_BY_4_0,15.0
Carollia perspicillata,1898051279,MX,90.0,1993,CC_BY_4_0,164.0
Carollia perspicillata,1898050839,MX,90.0,1993,CC_BY_4_0,347.0
Carollia perspicillata,1898051223,MX,80.0,1994,CC_BY_4_0,179.0
Carollia perspicillata,1898051232,MX,,2012,CC_BY_4_0,147.5
Carollia perspicillata,1898051233,MX,,2009,CC_BY_4_0,37.0
Carollia perspicillata,1898051249,MX,,2003,CC_BY_4_0,21.5
Carollia perspicillata,1898051268,MX,,2010,CC_BY_4_0,207.5
Carollia perspicillata,1898051286,MX,90.0,2010,CC_BY_4_0,72.0
Carollia perspicillata,859431492,BO,,1986,CC0_1_0,203.0
Carollia perspicillata,859402177,BO,,1991,CC0_1_0,271.5
Carollia perspicillata,859467070,BO,,1991,CC0_1_0,2117.0
Carollia perspicillata,859425307,BO,,1986,CC0_1_0,176.0
Carollia perspicillata,859496451,BO,,1985,CC0_1_0,186.5
Carollia perspicillata,859396068,BO,,1994,CC0_1_0,206.5
Carollia perspicillata,859501770,BO,,1984,CC0_1_0,309.5
Carollia perspicillata,859353011,BO,,1992,CC0_1_0,898.5
Carollia perspicillata,859411416,BO,,1986,CC0_1_0,160.5
Carollia perspicillata,859478519,BO,,1984,CC0_1_0,277.0
Carollia perspicillata,859362552,BO,,1991,CC0_1_0,568.0
Carollia perspicillata,859392366,BO,,1993,CC0_1_0,177.0
Carollia perspicillata,859478832,BO,,1992,CC0_1_0,183.0
Carollia perspicillata,859502471,PA,,1975,CC0_1_0,217.0
Carollia perspicillata,859476214,BO,,1991,CC0_1_0,694.5
Carollia perspicillata,859503366,PE,,1970,CC0_1_0,1505.5
Carollia perspicillata,859481635,BO,,1984,CC0_1_0,174.0
Carollia perspicillata,859430839,BO,,1985,CC0_1_0,181.5
Carollia perspicillata,859401664,BO,,1992,CC0_1_0,264.0
Carollia perspicillata,859423965,BO,,1984,CC0_1_0,256.0
Carollia perspicillata,859412935,BO,,1993,CC0_1_0,233.0
Carollia perspicillata,859441160,BO,,1986,CC0_1_0,172.0
Carollia perspicillata,859503540,PE,,1970,CC0_1_0,1219.0
Carollia perspicillata,859448608,BO,,1984,CC0_1_0,228.5
Carollia perspicillata,859444694,BO,,1985,CC0_1_0,243.5
Carollia perspicillata,859481213,BO,,1986,CC0_1_0,181.5
Carollia perspicillata,859500246,BO,,1985,CC0_1_0,302.0
Carollia perspicillata,859396401,BO,,1985,CC0_1_0,296.0
Carollia perspicillata,859399509,BO,,1992,CC0_1_0,1946.0
Carollia perspicillata,859484535,BO,,1992,CC0_1_0,441.0
Carollia perspicillata,859502936,PE,,1971,CC0_1_0,526.0
Carollia perspicillata,859434733,BO,,1990,CC0_1_0,418.0
Carollia perspicillata,859470843,BO,,1985,CC0_1_0,287.5
Carollia perspicillata,859503168,PE,,1970,CC0_1_0,1626.5
Carollia perspicillata,859413093,BO,,1991,CC0_1_0,379.0
Carollia perspicillata,859494171,BO,,1987,CC0_1_0,232.5
Carollia perspicillata,859471155,BO,,1993,CC0_1_0,455.5
Carollia perspicillata,859385550,BO,,1984,CC0_1_0,217.0
Carollia perspicillata,859500593,BO,,1990,CC0_1_0,390.0
Carollia perspicillata,859373426,BO,,1988,CC0_1_0,1562.5
Carollia perspicillata,859423901,BO,,1984,CC0_1_0,281.0
Carollia perspicillata,859451083,BO,,1983,CC0_1_0,174.5
Carollia perspicillata,859502908,PE,,1970,CC0_1_0,2128.0
Carollia perspicillata,859376438,BO,,1982,CC0_1_0,169.5
Carollia perspicillata,2985623518,CO,,2014,CC_BY_NC_4_0,147.5
Carollia perspicillata,2985623570,CO,,2014,CC_BY_NC_4_0,1513.5
Carollia perspicillata,2985623615,CO,,2015,CC_BY_NC_4_0,568.5
Carollia perspicillata,2985623712,CO,,2015,CC_BY_NC_4_0,282.0
Carollia perspicillata,3818811304,CO,4.0,2022,CC_BY_NC_4_0,211.0
Carollia perspicillata,6393267304,CO,,2022,CC_BY_NC_4_0,1894.0
Carollia perspicillata,6393267324,CO,,2023,CC_BY_NC_4_0,205.5
Carollia perspicillata,6393267372,CO,,2024,CC_BY_NC_4_0,384.0
Carollia perspicillata,6393267407,CO,,2024,CC_BY_NC_4_0,220.5
Carollia perspicillata,5147084050,BR,4602.0,1993,CC0_1_0,27.0
Carollia perspicillata,5146973023,BR,38541.0,1993,CC0_1_0,276.0
Carollia perspicillata,5147071879,PE,429.0,1979,CC0_1_0,185.0
Carollia perspicillata,5147086045,BR,5603.0,1993,CC0_1_0,0.0
Carollia perspicillata,5146976042,BR,,1993,CC0_1_0,76.5
Carollia perspicillata,5147201026,BR,,1993,CC0_1_0,760.0
Carollia perspicillata,5147194786,PY,1282.0,1978,CC0_1_0,169.5
Carollia perspicillata,5147209033,BR,18491.0,1993,CC0_1_0,309.5
Carollia perspicillata,5146976040,BR,4396.0,1993,CC0_1_0,47.0
Carollia perspicillata,5147312969,VE,10108.0,1980,CC0_1_0,147.0
Carollia perspicillata,5147203040,BR,1301.0,1993,CC0_1_0,754.5
Carollia perspicillata,1211796147,GY,,1972,CC_BY_4_0,157.0
Carollia perspicillata,1211821175,SV,,1980,CC_BY_4_0,1071.0
Carollia perspicillata,1211800761,CO,,1972,CC_BY_4_0,1760.5
Carollia perspicillata,1211811745,GY,,1970,CC_BY_4_0,46.5
Carollia perspicillata,1323929655,GY,,2012,CC_BY_4_0,80.5
Carollia perspicillata,1323930566,SR,,2012,CC_BY_4_0,287.5
Carollia perspicillata,5209145417,BZ,,2010,CC_BY_4_0,25.0
Carollia perspicillata,1211785034,CO,,1982,CC_BY_4_0,98.5
Carollia perspicillata,1211806703,CO,,1975,CC_BY_4_0,361.5
Carollia perspicillata,1211814823,GY,,1972,CC_BY_4_0,0.0
Carollia perspicillata,1211793133,GY,,1974,CC_BY_4_0,177.0
Carollia perspicillata,1211794655,GY,,1971,CC_BY_4_0,143.5
Carollia perspicillata,1837224881,MX,,2016,CC_BY_4_0,17.0
Carollia perspicillata,1211801520,CO,,1973,CC_BY_4_0,1070.5
Carollia perspicillata,1211816446,VE,,1977,CC_BY_4_0,38.5
Carollia perspicillata,1211825044,BZ,,1971,CC_BY_4_0,21.5
Carollia perspicillata,1211828528,MX,,1990,CC_BY_4_0,1.0
Carollia perspicillata,1323925466,SR,,2009,CC_BY_4_0,206.5
Carollia perspicillata,1837224778,SR,,2017,CC_BY_4_0,61.0
Carollia perspicillata,1211800822,GY,,1971,CC_BY_4_0,166.5
Carollia perspicillata,1211801077,GY,,1972,CC_BY_4_0,165.0
Carollia perspicillata,1211805500,CO,,1982,CC_BY_4_0,184.0
Carollia perspicillata,1211806300,CO,,1975,CC_BY_4_0,474.5
Carollia perspicillata,1211813149,GY,,1972,CC_BY_4_0,26.5
Carollia perspicillata,1211816132,VE,,1997,CC_BY_4_0,64.0
Carollia perspicillata,1211825936,MX,,1989,CC_BY_4_0,178.0
Carollia perspicillata,1323930041,SR,,2010,CC_BY_4_0,238.0
Carollia perspicillata,1837223965,GY,,2014,CC_BY_4_0,111.5
Carollia perspicillata,1837224767,SR,,2017,CC_BY_4_0,61.5
Carollia perspicillata,1211783105,BR,,1970,CC_BY_4_0,0.0
Carollia perspicillata,1211793942,GY,,1970,CC_BY_4_0,112.0
Carollia perspicillata,1211803281,GY,,1990,CC_BY_4_0,84.0
Carollia perspicillata,1211803660,GF,,1976,CC_BY_4_0,249.0
Carollia perspicillata,1211812567,GY,,1974,CC_BY_4_0,24.5
Carollia perspicillata,1211813071,GY,,1970,CC_BY_4_0,247.5
Carollia perspicillata,1211815260,GY,,1973,CC_BY_4_0,9.0
Carollia perspicillata,1211816176,GY,,1991,CC_BY_4_0,4.0
Carollia perspicillata,1211816293,CO,,1977,CC_BY_4_0,2.0
Carollia perspicillata,1211818135,CR,,1986,CC_BY_4_0,183.5
Carollia perspicillata,1211822792,BR,,1970,CC_BY_4_0,64.5
Carollia perspicillata,1211826550,MX,,1989,CC_BY_4_0,145.5
Carollia perspicillata,1323926661,SR,,2009,CC_BY_4_0,270.0
Carollia perspicillata,1323929525,GY,,2013,CC_BY_4_0,144.0
Carollia perspicillata,1323930051,SR,,2010,CC_BY_4_0,234.0
Carollia perspicillata,1837224050,PE,,2014,CC_BY_4_0,235.0
Carollia perspicillata,1837224476,PE,,2014,CC_BY_4_0,167.0
Carollia perspicillata,1211774223,PA,,1970,CC_BY_4_0,19.5
Carollia perspicillata,1211792681,GY,,1972,CC_BY_4_0,118.0
Carollia perspicillata,1211796501,GY,,1970,CC_BY_4_0,213.0
Carollia perspicillata,1211797618,GY,,1973,CC_BY_4_0,193.5
Carollia perspicillata,1211802569,GY,,1990,CC_BY_4_0,126.5
Carollia perspicillata,1211805244,GY,,1990,CC_BY_4_0,78.5
Carollia perspicillata,1211808541,CO,,1976,CC_BY_4_0,1535.0
Carollia perspicillata,1211810344,CO,,1976,CC_BY_4_0,2010.0
Carollia perspicillata,1211810928,GY,,1992,CC_BY_4_0,3.0
Carollia perspicillata,1211813581,VE,,1997,CC_BY_4_0,51.5
Carollia perspicillata,1211814041,GY,,1990,CC_BY_4_0,44.5
Carollia perspicillata,1211815476,VE,,1997,CC_BY_4_0,58.5
Carollia perspicillata,1211815934,GY,,1991,CC_BY_4_0,27.5
Carollia perspicillata,1211826923,MX,,1990,CC_BY_4_0,121.5
Carollia perspicillata,1211828751,MX,,1989,CC_BY_4_0,142.5
Carollia perspicillata,1323925878,SR,,2009,CC_BY_4_0,281.5
Carollia perspicillata,1323925907,SR,,2008,CC_BY_4_0,600.0
Carollia perspicillata,1323928786,PE,,2012,CC_BY_4_0,122.0
Carollia perspicillata,1323929632,GY,,2013,CC_BY_4_0,262.5
Carollia perspicillata,1323929691,GY,,2012,CC_BY_4_0,93.0
Carollia perspicillata,1837224002,GY,,2014,CC_BY_4_0,60.0
Carollia perspicillata,5147191314,PY,5490.0,1973,CC0_1_0,100.0
Carollia perspicillata,5147086032,BR,,1993,CC0_1_0,297.5
Carollia perspicillata,5146976041,BR,33527.0,1993,CC0_1_0,1105.0
Carollia perspicillata,5147423892,TT,6043.0,1977,CC0_1_0,494.5
Carollia perspicillata,5147207048,BR,4075.0,1993,CC0_1_0,1291.0
Carollia perspicillata,5147079532,PE,516.0,1985,CC0_1_0,738.5
Carollia perspicillata,5147426238,PE,1097.0,1984,CC0_1_0,410.5
Carollia perspicillata,5146973387,PE,850.0,1984,CC0_1_0,650.5
Carollia perspicillata,5147075969,VE,29144.0,1980,CC0_1_0,288.0
Carollia perspicillata,5147436047,BR,10004.0,1993,CC0_1_0,177.0
Carollia perspicillata,5147207036,BR,21042.0,1993,CC0_1_0,0.0
Carollia perspicillata,5147209032,BR,5243.0,1993,CC0_1_0,74.0
Carollia perspicillata,5147312688,PE,411.0,1977,CC0_1_0,254.0
Carollia perspicillata,1211801874,GY,,1971,CC_BY_4_0,106.0
Carollia perspicillata,1211803885,GY,,1970,CC_BY_4_0,111.0
Carollia perspicillata,1211804391,GY,,1990,CC_BY_4_0,82.0
Carollia perspicillata,1211809969,SR,,2002,CC_BY_4_0,445.0
Carollia perspicillata,1211811009,GY,,1992,CC_BY_4_0,21.0
Carollia perspicillata,1211811713,GY,,1970,CC_BY_4_0,74.5
Carollia perspicillata,1211813454,GY,,1973,CC_BY_4_0,46.0
Carollia perspicillata,1211815893,GY,,1992,CC_BY_4_0,130.0
Carollia perspicillata,1211816173,GY,,1991,CC_BY_4_0,18.0
Carollia perspicillata,1211816286,GY,,1991,CC_BY_4_0,17.0
Carollia perspicillata,1211829947,BR,,1973,CC_BY_4_0,409.0
Carollia perspicillata,1323925461,GY,,2008,CC_BY_4_0,88.5
Carollia perspicillata,1323925575,SR,,2012,CC_BY_4_0,711.0
Carollia perspicillata,1323926155,SR,,2012,CC_BY_4_0,252.5
Carollia perspicillata,1323929636,GY,,2012,CC_BY_4_0,104.0
Carollia perspicillata,1323930116,SR,,2010,CC_BY_4_0,223.0
Carollia perspicillata,1323930204,SR,,2011,CC_BY_4_0,69.0
Carollia perspicillata,686470436,CR,4.94,1989,CC_BY_4_0,541.5
Carollia perspicillata,686485432,CR,0.5,1999,CC_BY_4_0,3.0
Carollia perspicillata,686490663,NI,1.0,2003,CC_BY_4_0,127.0
Carollia perspicillata,686469835,CR,2.5,1987,CC_BY_4_0,99.5
Carollia perspicillata,686470721,PE,2.25,1985,CC_BY_4_0,211.5
Carollia perspicillata,686484833,NI,11.29,1998,CC_BY_4_0,1458.5
Carollia perspicillata,686471340,PE,15.37,1989,CC_BY_4_0,186.5
Carollia perspicillata,686486024,PY,5.0,2000,CC_BY_4_0,420.5
Carollia perspicillata,686462730,GF,1.5,1977,CC_BY_4_0,233.0
Carollia perspicillata,686466807,EC,4.95,1971,CC_BY_4_0,320.5
Carollia perspicillata,686482200,GY,5.0,1997,CC_BY_4_0,94.0
Carollia perspicillata,686482214,GY,5.0,1997,CC_BY_4_0,97.0
Carollia perspicillata,686482216,GY,5.0,1997,CC_BY_4_0,81.0
Carollia perspicillata,686485157,PE,2.5,1993,CC_BY_4_0,115.0
Carollia perspicillata,686485159,PE,6.5,1993,CC_BY_4_0,240.5
Carollia perspicillata,686485673,CR,2.5,1991,CC_BY_4_0,1273.0
Carollia perspicillata,686485757,CR,2.0,2000,CC_BY_4_0,47.5
Carollia perspicillata,686485979,CR,8.19,1988,CC_BY_4_0,390.0
Carollia perspicillata,686486415,VE,129.0,1978,CC_BY_4_0,466.5
Carollia perspicillata,686490657,NI,1.3,2003,CC_BY_4_0,169.0
Carollia perspicillata,686493692,CR,2.5,2006,CC_BY_4_0,85.5
Carollia perspicillata,48040263,MX,,1974,CC0_1_0,441.5
Carollia perspicillata,48037568,MX,,1972,CC0_1_0,1151.0
Carollia perspicillata,1418245921,MX,70.0,2003,CC_BY_4_0,10.0
Carollia perspicillata,1418246180,MX,90.0,1986,CC_BY_4_0,24.5
Carollia perspicillata,1418247450,MX,80.0,1992,CC_BY_4_0,12.5
Carollia perspicillata,1418244271,MX,80.0,1984,CC_BY_4_0,62.5
Carollia perspicillata,1418247462,MX,80.0,1999,CC_BY_4_0,766.5
Carollia perspicillata,1418244730,MX,80.0,2000,CC_BY_4_0,6.0
Carollia perspicillata,1418248949,MX,100.0,2002,CC_BY_4_0,74.5
Carollia perspicillata,1418241801,MX,90.0,1987,CC_BY_4_0,848.0
Carollia perspicillata,1418243944,MX,90.0,1998,CC_BY_4_0,158.5
Carollia perspicillata,1418245938,MX,80.0,1985,CC_BY_4_0,5.0
Carollia perspicillata,1418248306,MX,80.0,1995,CC_BY_4_0,463.0
Carollia perspicillata,1418241762,MX,90.0,1990,CC_BY_4_0,46.0
Carollia perspicillata,1418242548,MX,90.0,1989,CC_BY_4_0,235.0
Carollia perspicillata,1418245132,MX,90.0,1987,CC_BY_4_0,119.0
Carollia perspicillata,1418245617,MX,90.0,1995,CC_BY_4_0,81.0
Carollia perspicillata,1418245851,MX,80.0,1991,CC_BY_4_0,1195.0
Carollia perspicillata,1418246287,MX,90.0,1994,CC_BY_4_0,994.0
Carollia perspicillata,1418249389,MX,90.0,1995,CC_BY_4_0,507.5
Carollia perspicillata,2027481268,CO,,2018,CC_BY_NC_4_0,740.5
Chiroderma villosum,4022906846,EC,,2021,CC_BY_NC_4_0,301.5
Chiroderma villosum,4022906895,EC,,2019,CC_BY_NC_4_0,273.0
Chiroderma villosum,5103754133,VE,,1997,CC_BY_NC_4_0,51.5
Chiroderma villosum,1322245917,PE,,1992,CC0_1_0,236.5
Chiroderma villosum,1321869797,EC,,1979,CC0_1_0,139.5
Chiroderma villosum,1320480214,TT,,1981,CC0_1_0,110.0
Chiroderma villosum,1322821806,PE,,1998,CC0_1_0,865.5
Chiroderma villosum,1318204256,BZ,,1995,CC0_1_0,265.5
Chiroderma villosum,1318800026,EC,,1990,CC0_1_0,258.0
Chiroderma villosum,1321420385,BO,,1992,CC0_1_0,162.0
Chiroderma villosum,1320528094,GY,,1999,CC0_1_0,18.5
Chiroderma villosum,1320253713,VE,,1984,CC0_1_0,140.0
Chiroderma villosum,1322692001,EC,,1975,CC0_1_0,15.0
Chiroderma villosum,1039516615,SR,500.0,2008,CC0_1_0,879.0
Chiroderma villosum,2804489737,MX,5000.0,1987,CC0_1_0,169.5
Chiroderma villosum,2804490835,EC,500.0,2006,CC0_1_0,435.0
Chiroderma villosum,1894827134,MX,80.0,1971,CC_BY_4_0,118.0
Chiroderma villosum,2629093631,MX,70.0,1973,CC_BY_4_0,5.0
Chiroderma villosum,2629100148,MX,80.0,1974,CC_BY_4_0,16.0
Chiroderma villosum,2629082954,MX,70.0,1989,CC_BY_4_0,8.0
Chiroderma villosum,2629092270,MX,100.0,1972,CC_BY_4_0,525.0
Chiroderma villosum,2629087995,MX,70.0,1989,CC_BY_4_0,7.0
Chiroderma villosum,1676079986,CO,7.0,2015,CC_BY_NC_4_0,100.5
Chiroderma villosum,1020747053,CO,160157.37,2013,CC_BY_NC_4_0,914.0
Chiroderma villosum,3026678304,CO,,2019,CC_BY_NC_4_0,113.0
Chiroderma villosum,45858950,PA,,1973,CC0_1_0,33.0
Chiroderma villosum,45859585,PE,,1984,CC0_1_0,144.0
Chiroderma villosum,45858923,PE,,1971,CC0_1_0,777.0
Chiroderma villosum,45859368,PE,,1979,CC0_1_0,214.0
Chiroderma villosum,45859501,BO,,1981,CC0_1_0,133.0
Chiroderma villosum,45858921,PE,,1971,CC0_1_0,281.5
Chiroderma villosum,45859356,PE,,1979,CC0_1_0,711.5
Chiroderma villosum,1977888507,CO,,2013,CC0_1_0,87.0
Chiroderma villosum,3068259381,CO,,2001,CC0_1_0,70.5
Chiroderma villosum,3068259420,CO,,2005,CC0_1_0,104.0
Chiroderma villosum,3068260170,CO,,2010,CC0_1_0,111.5
Chiroderma villosum,4168450804,MX,242.0,1970,CC_BY_4_0,560.0
Chiroderma villosum,1893464571,MX,136.02,1970,CC_BY_4_0,21.0
Chiroderma villosum,1893464607,MX,1569.0,1972,CC_BY_4_0,32.0
Chiroderma villosum,1315017824,CO,1900.0,1974,CC_BY_NC_4_0,10.0
Chiroderma villosum,1806450025,CO,1760.0,1989,CC_BY_NC_4_0,284.5
Chiroderma villosum,1806450653,CO,3656.0,1988,CC_BY_NC_4_0,458.0
Chiroderma villosum,1806449804,CO,331.0,1988,CC_BY_NC_4_0,448.0
Chiroderma villosum,1806450642,CO,115852.0,1987,CC_BY_NC_4_0,286.5
Chiroderma villosum,4979133294,CO,,2015,CC_BY_NC_4_0,304.0
Chiroderma villosum,4979139109,CO,,2016,CC_BY_NC_4_0,97.5
Chiroderma villosum,4979139112,CO,,2016,CC_BY_NC_4_0,95.0
Chiroderma villosum,4979149175,CO,,1980,CC_BY_NC_4_0,15.0
Chiroderma villosum,4979149236,CO,,1980,CC_BY_NC_4_0,615.0
Chiroderma villosum,665889924,CO,,1971,CC0_1_0,552.0
Chiroderma villosum,665903833,CO,,1971,CC0_1_0,320.0
Chiroderma villosum,665738034,EC,20.26,1983,CC0_1_0,196.0
Chiroderma villosum,665823033,GT,16.75,1976,CC0_1_0,277.0
Chiroderma villosum,665898415,EC,60.06,1971,CC0_1_0,269.0
Chiroderma villosum,665916188,PE,,2001,CC0_1_0,472.5
Chiroderma villosum,665865278,EC,3.43,1983,CC0_1_0,305.0
Chiroderma villosum,665721579,EC,,1983,CC0_1_0,285.5
Chiroderma villosum,665822671,BZ,0.92,1975,CC0_1_0,30.0
Chiroderma villosum,665885730,PE,,1980,CC0_1_0,119.5
Chiroderma villosum,665822673,BZ,7.31,1977,CC0_1_0,115.5
Chiroderma villosum,665925201,PE,,1983,CC0_1_0,900.0
Chiroderma villosum,665723552,BZ,1.32,1977,CC0_1_0,5.5
Chiroderma villosum,665732595,PE,63.23,1980,CC0_1_0,125.5
Chiroderma villosum,3890565493,CO,,2017,CC_BY_NC_4_0,342.5
Chiroderma villosum,3346883583,GY,,1996,CC_BY_4_0,250.0
Chiroderma villosum,3350006556,SR,,2005,CC_BY_4_0,216.0
Chiroderma villosum,3346869860,GY,,1997,CC_BY_4_0,80.5
Chiroderma villosum,3346890570,GY,,1997,CC_BY_4_0,632.5
Chiroderma villosum,3350001528,EC,,1995,CC_BY_4_0,249.0
Chiroderma villosum,3346378998,GY,,1999,CC_BY_4_0,103.0
Chiroderma villosum,3346348946,GY,,1997,CC_BY_4_0,81.0
Chiroderma villosum,3350140583,GY,,1997,CC_BY_4_0,303.5
Chiroderma villosum,3350077698,GY,,1994,CC_BY_4_0,100.5
Chiroderma villosum,3346873665,SV,,1993,CC_BY_4_0,504.0
Chiroderma villosum,3350086562,GY,,2007,CC_BY_4_0,177.5
Chiroderma villosum,3346365241,SR,,2006,CC_BY_4_0,109.5
Chiroderma villosum,3346888570,GY,,1997,CC_BY_4_0,84.0
Chiroderma villosum,3350007511,EC,,1996,CC_BY_4_0,272.0
Chiroderma villosum,865719592,PE,1000.0,1980,CC_BY_4_0,113.5
Chiroderma villosum,865719595,PE,1000.0,1980,CC_BY_4_0,115.5
Chiroderma villosum,2266108996,MX,2.0,1973,CC0_1_0,4.5
Chiroderma villosum,2266108483,MX,1.0,1970,CC0_1_0,462.5
Chiroderma villosum,1418529347,MX,,1978,CC_BY_4_0,902.0
Chiroderma villosum,1418521982,MX,,1990,CC_BY_4_0,284.0
Chiroderma villosum,1418528425,MX,,1985,CC_BY_4_0,442.0
Chiroderma villosum,1893582948,MX,100.0,1994,CC_BY_4_0,444.5
Chiroderma villosum,1893582785,MX,100.0,1994,CC_BY_4_0,861.0
Chiroderma villosum,5898728783,GT,,2010,CC_BY_NC_4_0,13.0
Chiroderma villosum,4026662526,CO,,2015,CC_BY_NC_4_0,182.0
Chiroderma villosum,4026679449,CO,,2015,CC_BY_NC_4_0,762.0
Chiroderma villosum,4026677240,CO,,2021,CC_BY_NC_4_0,557.0
Chiroderma villosum,859265993,GT,,2003,CC0_1_0,171.0
Chiroderma villosum,919426208,PA,7948.0,1974,CC0_1_0,119.0
Chiroderma villosum,919435260,BZ,2203.0,1979,CC0_1_0,19.0
Chiroderma villosum,919450076,EC,6782.0,1981,CC0_1_0,77.0
Chiroderma villosum,919420440,TT,70505.0,1977,CC0_1_0,53.5
Chiroderma villosum,919436507,BO,13041.0,1979,CC0_1_0,529.5
Chiroderma villosum,5099452682,BO,1043.0,1991,CC0_1_0,216.5
Chiroderma villosum,5099442740,BO,3590.0,1986,CC0_1_0,153.0
Chiroderma villosum,5099591809,BO,1000.0,1985,CC0_1_0,171.0
Chiroderma villosum,5099590785,BO,1000.0,1985,CC0_1_0,186.5
Chiroderma villosum,5099465672,MX,1922.0,1992,CC0_1_0,69.0
Chiroderma villosum,5099692620,PA,100.0,2015,CC0_1_0,111.0
Chiroderma villosum,5099432603,BZ,1896.0,1982,CC0_1_0,79.0
Chiroderma villosum,5099442467,BO,7557.0,1985,CC0_1_0,307.0
Chiroderma villosum,5099443734,BO,3590.0,1986,CC0_1_0,216.5
Chiroderma villosum,5099648251,PA,5.0,2011,CC0_1_0,7.0
Chiroderma villosum,5099439692,BO,3591.0,1986,CC0_1_0,139.0
Chiroderma villosum,5099618214,BO,,1994,CC0_1_0,362.5
Chiroderma villosum,5099727751,PA,5.0,2023,CC0_1_0,63.5
Chiroderma villosum,5099617449,BO,1043.0,1991,CC0_1_0,741.5
Chiroderma villosum,2630381234,MX,90.0,1977,CC_BY_4_0,171.5
Chiroderma villosum,2630398921,MX,100.0,1991,CC_BY_4_0,525.0
Chiroderma villosum,2630320368,MX,90.0,1981,CC_BY_4_0,216.0
Chiroderma villosum,2630395890,MX,70.0,1986,CC_BY_4_0,2.0
Chiroderma villosum,2630373522,MX,90.0,1982,CC_BY_4_0,529.0
Chiroderma villosum,2630395911,MX,100.0,1991,CC_BY_4_0,840.0
Chiroderma villosum,2630390942,MX,90.0,1972,CC_BY_4_0,282.0
Chiroderma villosum,1417864400,MX,100.0,2002,CC_BY_4_0,260.5
Chiroderma villosum,3962335120,EC,,2021,CC_BY_NC_4_0,291.5
Chiroderma villosum,1065403613,EC,27615.0,1970,CC0_1_0,34.0
Chiroderma villosum,1894598944,MX,100.0,1982,CC_BY_4_0,603.0
Chiroderma villosum,1894598953,MX,100.0,1971,CC_BY_4_0,647.0
Chiroderma villosum,675876253,MX,,1979,CC0_1_0,0.0
Chiroderma villosum,675928617,TT,,1983,CC0_1_0,20.5
Chiroderma villosum,675836829,PE,,1972,CC0_1_0,90.5
Chiroderma villosum,675836838,PE,,1972,CC0_1_0,98.0
Chiroderma villosum,675928623,TT,,1983,CC0_1_0,291.0
Chiroderma villosum,675910093,HN,,1983,CC0_1_0,5.0
Chiroderma villosum,85168996,BO,,1986,CC_BY_NC_4_0,184.0
Chiroderma villosum,4169192634,MX,70.0,1991,CC_BY_4_0,0.0
Chiroderma villosum,4169251238,MX,100.0,1993,CC_BY_4_0,155.0
Chiroderma villosum,4169256144,MX,474.02,1975,CC_BY_4_0,542.5
Chiroderma villosum,4169235514,MX,90.0,1978,CC_BY_4_0,37.0
Chiroderma villosum,4169237599,MX,90.0,1988,CC_BY_4_0,28.0
Chiroderma villosum,4169224426,MX,70.0,1991,CC_BY_4_0,19.0
Chiroderma villosum,1898050283,MX,,2009,CC_BY_4_0,2.0
Chiroderma villosum,1898052954,MX,80.0,1994,CC_BY_4_0,179.0
Chiroderma villosum,1898050232,MX,,2009,CC_BY_4_0,71.0
Chiroderma villosum,1898052983,MX,80.0,1996,CC_BY_4_0,6.5
Chiroderma villosum,1898052997,MX,80.0,1993,CC_BY_4_0,10.0
Chiroderma villosum,1898050270,MX,,2000,CC_BY_4_0,47.0
Chiroderma villosum,1898050277,MX,,2005,CC_BY_4_0,13.5
Chiroderma villosum,1898053001,MX,80.0,1995,CC_BY_4_0,11.0
Chiroderma villosum,859504453,BO,,1991,CC0_1_0,568.0
Chiroderma villosum,859413236,BO,,1991,CC0_1_0,379.0
Chiroderma villosum,859425791,BO,,1985,CC0_1_0,186.5
Chiroderma villosum,859441193,BO,,1986,CC0_1_0,172.0
Chiroderma villosum,859442496,BO,,1985,CC0_1_0,174.0
Chiroderma villosum,859456044,BO,,1986,CC0_1_0,203.0
Chiroderma villosum,1211816168,GY,,1991,CC_BY_4_0,17.0
Chiroderma villosum,1323928606,GY,,2013,CC_BY_4_0,89.0
Chiroderma villosum,1837224514,PE,,2014,CC_BY_4_0,107.0
Chiroderma villosum,1211811596,GY,,1970,CC_BY_4_0,81.0
Chiroderma villosum,1211812579,GY,,1974,CC_BY_4_0,24.5
Chiroderma villosum,1323930324,SR,,2011,CC_BY_4_0,79.0
Chiroderma villosum,1323930638,SR,,2012,CC_BY_4_0,287.5
Chiroderma villosum,1837223907,GY,,2014,CC_BY_4_0,111.5
Chiroderma villosum,1211806321,CO,,1972,CC_BY_4_0,79.0
Chiroderma villosum,1211813151,GY,,1971,CC_BY_4_0,14.5
Chiroderma villosum,1211815983,CO,,1977,CC_BY_4_0,2.0
Chiroderma villosum,1323926305,SR,,2009,CC_BY_4_0,281.5
Chiroderma villosum,1837224685,SR,,2017,CC_BY_4_0,70.0
Chiroderma villosum,1211809872,SR,,2002,CC_BY_4_0,194.0
Chiroderma villosum,1211827712,MX,,1989,CC_BY_4_0,160.5
Chiroderma villosum,1323928789,PE,,2012,CC_BY_4_0,122.0
Chiroderma villosum,5146966206,MX,9172.0,1972,CC0_1_0,14.5
Chiroderma villosum,5147219328,PE,1097.0,1984,CC0_1_0,410.5
Chiroderma villosum,686482236,GY,5.0,1997,CC_BY_4_0,97.0
Chiroderma villosum,686471343,PE,15.37,1990,CC_BY_4_0,186.5
Chiroderma villosum,686482235,GY,5.0,1997,CC_BY_4_0,94.0
Chiroderma villosum,686485512,CR,3.79,1988,CC_BY_4_0,387.0
Chiroderma villosum,686486422,MX,3.2,1970,CC_BY_4_0,798.0
Chiroderma villosum,686462245,PA,3.59,1972,CC_BY_4_0,151.0
Chiroderma villosum,686467335,PE,5.15,1980,CC_BY_4_0,94.5
Chiroderma villosum,686485163,PE,2.5,1993,CC_BY_4_0,115.0
Chiroderma villosum,686490670,NI,1.0,2003,CC_BY_4_0,183.5
Chiroderma villosum,48040982,MX,,1971,CC0_1_0,59.5
Chiroderma villosum,48041622,MX,,1975,CC0_1_0,556.0
Chiroderma villosum,1418249167,MX,100.0,1978,CC_BY_4_0,4.0
Chiroderma villosum,1418249337,MX,90.0,1995,CC_BY_4_0,507.5
Cynomops planirostris,1571716348,CO,1943.0,2002,CC_BY_4_0,301.5
Cynomops planirostris,3013406729,BR,,1979,CC_BY_4_0,552.0
Cynomops planirostris,3013407500,BR,,1974,CC_BY_4_0,809.0
Cynomops planirostris,1806452905,CO,511.6,1994,CC_BY_NC_4_0,473.0
Cynomops planirostris,1806451748,CO,1440.6,1981,CC_BY_NC_4_0,71.5
Cynomops planirostris,1806453417,CO,1680.0,1995,CC_BY_NC_4_0,342.5
Cynomops planirostris,4979139099,CO,,2016,CC_BY_NC_4_0,95.0
Cynomops planirostris,4979143512,CO,,2004,CC_BY_NC_4_0,103.0
Cynomops planirostris,3710473617,CO,,2018,CC_BY_NC_4_0,115.5
Cynomops planirostris,3710473499,CO,,2021,CC_BY_NC_4_0,123.5
Cynomops planirostris,3710473624,CO,,2018,CC_BY_NC_4_0,113.0
Cynomops planirostris,3346837352,SR,,2005,CC_BY_4_0,216.0
Cynomops planirostris,3346343999,GY,,1999,CC_BY_4_0,97.0
Cynomops planirostris,3346869760,GY,,1997,CC_BY_4_0,84.0
Cynomops planirostris,3346827376,SR,,2005,CC_BY_4_0,189.5
Cynomops planirostris,3350084611,EC,,1996,CC_BY_4_0,249.0
Cynomops planirostris,3346336818,GY,,2002,CC_BY_4_0,27.0
Cynomops planirostris,865733611,CO,10000.0,1982,CC_BY_4_0,253.5
Cynomops planirostris,865733880,PY,10000.0,1987,CC_BY_4_0,94.0
Cynomops planirostris,865734047,PY,1000.0,1985,CC_BY_4_0,133.0
Cynomops planirostris,865734128,PY,1000.0,1979,CC_BY_4_0,91.0
Cynomops planirostris,865734130,PY,1000.0,1979,CC_BY_4_0,209.0
Cynomops planirostris,865734080,PY,10000.0,1981,CC_BY_4_0,224.5
Cynomops planirostris,865734098,PY,1000.0,1982,CC_BY_4_0,132.0
Cynomops planirostris,865733529,GF,1000.0,2008,CC_BY_4_0,170.0
Cynomops planirostris,865733689,AR,10000.0,1985,CC_BY_4_0,78.0
Cynomops planirostris,865733960,PY,10000.0,1991,CC_BY_4_0,139.0
Cynomops planirostris,4026685631,CO,,2020,CC_BY_NC_4_0,147.5
Cynomops planirostris,919444499,BO,14336.0,1979,CC0_1_0,447.0
Cynomops planirostris,5099619199,BO,,1994,CC0_1_0,362.5
Cynomops planirostris,5099431279,PE,5598.0,1982,CC0_1_0,837.0
Cynomops planirostris,675742838,GF,,1987,CC0_1_0,21.0
Cynomops planirostris,675832900,VE,,1973,CC0_1_0,47.0
Cynomops planirostris,1638476566,AR,,1992,CC_BY_NC_4_0,780.5
Cynomops planirostris,2650654457,CO,,2008,CC_BY_NC_4_0,291.5
Cynomops planirostris,2650654642,CO,,2006,CC_BY_NC_4_0,352.0
Cynomops planirostris,859453498,BO,,1984,CC0_1_0,199.0
Cynomops planirostris,6393267352,CO,,2024,CC_BY_NC_4_0,384.0
Cynomops planirostris,5147423341,PY,11509.0,1973,CC0_1_0,94.0
Cynomops planirostris,5146968349,PY,12012.0,1972,CC0_1_0,58.0
Cynomops planirostris,1211796860,GY,,1974,CC_BY_4_0,193.5
Cynomops planirostris,1211802578,GY,,1990,CC_BY_4_0,126.5
Cynomops planirostris,1211813261,GY,,1971,CC_BY_4_0,42.0
Cynomops planirostris,1211796107,GY,,1972,CC_BY_4_0,157.0
Cynomops planirostris,1211806339,CO,,1974,CC_BY_4_0,79.0
Cynomops planirostris,1323928519,PE,,2012,CC_BY_4_0,122.0
Cynomops planirostris,1211814738,GY,,1971,CC_BY_4_0,10.0
Cynomops planirostris,1211795084,GY,,1971,CC_BY_4_0,116.0
Dasypterus ega,1987281181,PY,8670.0,1976,CC_BY_NC_4_0,65.0
Dasypterus ega,1987328576,BO,10070.0,1978,CC_BY_NC_4_0,724.0
Dasypterus ega,1987345309,PY,19931.0,1976,CC_BY_NC_4_0,138.0
Dasypterus ega,1987310053,PY,7089.0,1979,CC_BY_NC_4_0,109.0
Dasypterus ega,1987238614,PY,,1978,CC_BY_NC_4_0,218.5
Dasypterus ega,1656007065,CO,210.0,2012,CC_BY_NC_4_0,0.0
Dasypterus ega,3774765711,PY,,1988,CC_BY_4_0,140.0
Dasypterus ega,2804491939,US,,2013,CC0_1_0,18.0
Dasypterus ega,2804494538,US,,2016,CC0_1_0,0.0
Dasypterus ega,2804497734,US,5000.0,1973,CC0_1_0,7.0
Dasypterus ega,2804491140,US,,2011,CC0_1_0,5.0
Dasypterus ega,2804496662,US,,2013,CC0_1_0,13.0
Dasypterus ega,2804496867,US,,2014,CC0_1_0,10.0
Dasypterus ega,2804497859,US,,2016,CC0_1_0,29.5
Dasypterus ega,1894830620,MX,80.0,1971,CC_BY_4_0,118.0
Dasypterus ega,2629796750,MX,,2017,CC_BY_4_0,343.0
Dasypterus ega,3013406204,BR,,1974,CC_BY_4_0,552.0
Dasypterus ega,3013406734,BR,,1979,CC_BY_4_0,541.5
Dasypterus ega,1020746698,CO,100.0,1977,CC_BY_NC_4_0,995.0
Dasypterus ega,45870098,BO,,1981,CC0_1_0,133.0
Dasypterus ega,1893466310,MX,4770.0,1986,CC_BY_4_0,53.5
Dasypterus ega,1893466419,MX,251.02,1976,CC_BY_4_0,621.5
Dasypterus ega,382061425,AR,,1976,CC_BY_4_0,83.0
Dasypterus ega,382061686,AR,,1986,CC_BY_4_0,18.0
Dasypterus ega,382061731,AR,,1996,CC_BY_4_0,40.0
Dasypterus ega,382061334,AR,,1970,CC_BY_4_0,99.5
Dasypterus ega,665822941,BZ,1.32,1977,CC0_1_0,7.0
Dasypterus ega,665822942,BZ,0.26,1974,CC0_1_0,4.5
Dasypterus ega,1895602921,MX,80.0,1983,CC_BY_4_0,823.0
Dasypterus ega,1417792078,MX,50.0,1983,CC_BY_4_0,123.0
Dasypterus ega,1417794034,MX,80.0,1982,CC_BY_4_0,33.0
Dasypterus ega,1417811987,MX,100.0,1980,CC_BY_4_0,123.5
Dasypterus ega,583518987,AR,3514.0,1981,CC0_1_0,443.0
Dasypterus ega,865728005,PY,1000.0,1981,CC_BY_4_0,92.0
Dasypterus ega,865728009,PY,1000.0,1989,CC_BY_4_0,65.0
Dasypterus ega,865727956,CO,1000.0,1970,CC_BY_4_0,22.0
Dasypterus ega,865728002,PY,1000.0,1989,CC_BY_4_0,73.0
Dasypterus ega,865727991,PY,10000.0,1991,CC_BY_4_0,139.0
Dasypterus ega,865728010,PY,1000.0,1985,CC_BY_4_0,214.5
Dasypterus ega,865728015,PY,1000.0,1989,CC_BY_4_0,127.0
Dasypterus ega,865728021,PY,10000.0,1979,CC_BY_4_0,95.0
Dasypterus ega,1418525262,MX,,1984,CC_BY_4_0,1686.0
Dasypterus ega,5898727663,GT,,2019,CC_BY_NC_4_0,896.5
Dasypterus ega,5898728293,GT,,2006,CC_BY_NC_4_0,355.0
Dasypterus ega,5898728805,GT,,2010,CC_BY_NC_4_0,7.0
Dasypterus ega,4026687340,CO,,2022,CC_BY_NC_4_0,65.0
Dasypterus ega,5886788573,BR,,2008,CC_BY_NC_4_0,22.5
Dasypterus ega,5886788985,BR,,2011,CC_BY_NC_4_0,97.0
Dasypterus ega,859266143,GT,,2004,CC0_1_0,1505.0
Dasypterus ega,859266172,GT,,2003,CC0_1_0,93.0
Dasypterus ega,1418740395,MX,,2007,CC_BY_4_0,1668.5
Dasypterus ega,919417068,BZ,1127.0,1979,CC0_1_0,0.0
Dasypterus ega,919423172,BO,7573.0,1979,CC0_1_0,158.0
Dasypterus ega,202070549,AR,,1984,CC0_1_0,41.0
Dasypterus ega,202070550,AR,,1984,CC0_1_0,63.0
Dasypterus ega,894783288,AR,,2003,CC0_1_0,706.0
Dasypterus ega,894783463,AR,,2004,CC0_1_0,976.0
Dasypterus ega,5099441309,BO,17403.0,1984,CC0_1_0,326.5
Dasypterus ega,5099611353,BO,,1991,CC0_1_0,421.0
Dasypterus ega,5099618511,BO,,1992,CC0_1_0,259.0
Dasypterus ega,5099615113,BO,,1995,CC0_1_0,1568.5
Dasypterus ega,5099415842,AR,10514.0,1971,CC0_1_0,413.0
Dasypterus ega,5099443991,BO,3556.0,1987,CC0_1_0,365.0
Dasypterus ega,2630372541,MX,100.0,1978,CC_BY_4_0,57.5
Dasypterus ega,2630401829,MX,100.0,1991,CC_BY_4_0,855.5
Dasypterus ega,2630345922,MX,80.0,1972,CC_BY_4_0,275.0
Dasypterus ega,1325916492,MX,1334.0,1973,CC0_1_0,7.0
Dasypterus ega,1894602442,MX,100.0,1971,CC_BY_4_0,419.5
Dasypterus ega,1894602457,MX,70.0,1978,CC_BY_4_0,220.0
Dasypterus ega,675828383,MX,,1971,CC0_1_0,446.0
Dasypterus ega,675851160,MX,,1977,CC0_1_0,44.0
Dasypterus ega,675843138,MX,,1975,CC0_1_0,438.5
Dasypterus ega,675843126,MX,,1975,CC0_1_0,177.5
Dasypterus ega,1122708899,AR,,1995,CC_BY_NC_4_0,478.5
Dasypterus ega,1122694641,VE,,1974,CC_BY_NC_4_0,93.0
Dasypterus ega,2650655393,CO,516.0,2010,CC_BY_NC_4_0,29.0
Dasypterus ega,2650655802,CO,501.0,2009,CC_BY_NC_4_0,85.0
Dasypterus ega,1898048959,MX,70.0,1992,CC_BY_4_0,11.0
Dasypterus ega,859371946,BO,,1984,CC0_1_0,256.0
Dasypterus ega,3962880301,CO,30.0,2022,CC_BY_NC_4_0,171.0
Dasypterus ega,5146971344,PY,12012.0,1972,CC0_1_0,106.5
Dasypterus ega,5147069338,PY,11514.0,1973,CC0_1_0,113.0
Dasypterus ega,5147075340,PY,12171.0,1973,CC0_1_0,75.0
Dasypterus ega,1211796172,GY,,1972,CC_BY_4_0,157.0
Dasypterus ega,1211795006,GY,,1971,CC_BY_4_0,116.0
Dasypterus ega,1211828808,BR,,1970,CC_BY_4_0,268.5
Dasypterus ega,1211792594,GY,,1972,CC_BY_4_0,186.0
Dasypterus ega,1211792600,GY,,1972,CC_BY_4_0,119.0
Dasypterus ega,1211830366,BR,,1970,CC_BY_4_0,10.5
Dasypterus ega,5146970334,PY,11503.0,1973,CC0_1_0,86.0
Dasypterus ega,5147315335,PY,11509.0,1973,CC0_1_0,94.0
Dasypterus ega,5146970333,PY,13883.0,1973,CC0_1_0,302.0
Dasypterus ega,5147327338,PE,2205.0,1984,CC0_1_0,196.5
Dasypterus ega,5147316340,PY,11510.0,1973,CC0_1_0,102.0
Dasypterus ega,5147423335,PY,10497.0,1972,CC0_1_0,61.0
Dasypterus ega,5146967334,PY,11512.0,1973,CC0_1_0,105.0
Dasypterus ega,686485697,CR,2.0,1992,CC_BY_4_0,1415.0
Dasypterus ega,1418247273,MX,50.0,1996,CC_BY_4_0,205.0
Desmodus rotundus,1571716494,CO,4280.0,2002,CC_BY_4_0,1959.5
Desmodus rotundus,1571716566,CO,544.0,2004,CC_BY_4_0,466.5
Desmodus rotundus,1571716918,CO,2938.0,2007,CC_BY_4_0,268.0
Desmodus rotundus,1571716958,CO,505.0,2007,CC_BY_4_0,763.0
Desmodus rotundus,1571716967,CO,544.0,2007,CC_BY_4_0,633.5
Desmodus rotundus,1571717038,CO,544.0,2008,CC_BY_4_0,1005.0
Desmodus rotundus,1571717066,CO,505.0,2008,CC_BY_4_0,2220.5
Desmodus rotundus,1571717137,CO,3282.0,2010,CC_BY_4_0,432.5
Desmodus rotundus,1571717173,CO,9005.0,2010,CC_BY_4_0,111.0
Desmodus rotundus,1571717183,CO,505.0,2010,CC_BY_4_0,150.0
Desmodus rotundus,1571717318,CO,505.0,2012,CC_BY_4_0,803.5
Desmodus rotundus,1571717732,CO,3771.0,2014,CC_BY_4_0,300.5
Desmodus rotundus,1894481779,MX,60.0,1970,CC_BY_4_0,1388.0
Desmodus rotundus,1894481721,MX,50.0,1971,CC_BY_4_0,773.5
Desmodus rotundus,1894481756,MX,50.0,1970,CC_BY_4_0,539.0
Desmodus rotundus,1894481725,MX,50.0,1973,CC_BY_4_0,409.5
Desmodus rotundus,4022906306,EC,,2019,CC_BY_NC_4_0,3065.5
Desmodus rotundus,4022906429,EC,,2019,CC_BY_NC_4_0,314.0
Desmodus rotundus,4022906636,EC,,2020,CC_BY_NC_4_0,331.0
Desmodus rotundus,4022906700,EC,,2018,CC_BY_NC_4_0,1542.5
Desmodus rotundus,4022906741,EC,,2019,CC_BY_NC_4_0,2143.5
Desmodus rotundus,4022906900,EC,,2021,CC_BY_NC_4_0,301.5
Desmodus rotundus,4022906902,EC,,2019,CC_BY_NC_4_0,1059.5
Desmodus rotundus,5082839604,EC,,2023,CC_BY_NC_4_0,1988.5
Desmodus rotundus,1987285628,MX,6511.0,1971,CC_BY_NC_4_0,5.5
Desmodus rotundus,1987241081,PY,14490.0,1979,CC_BY_NC_4_0,137.5
Desmodus rotundus,1987353467,BO,5560.0,1970,CC_BY_NC_4_0,2534.5
Desmodus rotundus,1987262490,PY,24011.0,1976,CC_BY_NC_4_0,175.0
Desmodus rotundus,1987234243,PY,6243.0,1976,CC_BY_NC_4_0,153.0
Desmodus rotundus,1987324728,BO,14088.0,1978,CC_BY_NC_4_0,738.0
Desmodus rotundus,6349161322,EC,,2025,CC_BY_NC_4_0,797.0
Desmodus rotundus,5103754925,EC,,2003,CC_BY_NC_4_0,1825.0
Desmodus rotundus,2863950333,GT,301.0,1999,CC_BY_NC_4_0,512.5
Desmodus rotundus,3032605330,GT,,2011,CC_BY_NC_4_0,201.5
Desmodus rotundus,3032605334,GT,,1993,CC_BY_NC_4_0,677.0
Desmodus rotundus,3053573306,GT,,1995,CC_BY_NC_4_0,143.5
Desmodus rotundus,3126865317,GT,3036.0,2013,CC_BY_NC_4_0,2085.0
Desmodus rotundus,1656007027,CO,210.0,2010,CC_BY_NC_4_0,0.0
Desmodus rotundus,1656007031,CO,946.0,2006,CC_BY_NC_4_0,742.5
Desmodus rotundus,1893355459,MX,90.0,1991,CC_BY_4_0,9.5
Desmodus rotundus,1893355529,MX,100.0,1978,CC_BY_4_0,184.0
Desmodus rotundus,1835169577,TT,,2000,CC_BY_4_0,46.0
Desmodus rotundus,1322665067,PE,,1992,CC0_1_0,420.5
Desmodus rotundus,1317799865,EC,,1990,CC0_1_0,258.0
Desmodus rotundus,1321778311,EC,,1974,CC0_1_0,197.0
Desmodus rotundus,1319193425,GY,,1993,CC0_1_0,150.5
Desmodus rotundus,1319036292,PA,,1984,CC0_1_0,911.0
Desmodus rotundus,1319250597,BZ,,1995,CC0_1_0,265.5
Desmodus rotundus,5101575355,MX,,2012,CC_BY_4_0,1014.0
Desmodus rotundus,5101575540,MX,,2015,CC_BY_4_0,443.5
Desmodus rotundus,5101574455,MX,,2011,CC_BY_4_0,1745.5
Desmodus rotundus,5101575682,MX,,2011,CC_BY_4_0,1285.0
Desmodus rotundus,5101575958,MX,,2012,CC_BY_4_0,1058.5
Desmodus rotundus,1317510524,EC,,1979,CC0_1_0,139.5
Desmodus rotundus,1894240349,MX,80.0,1994,CC_BY_4_0,261.5
Desmodus rotundus,5174687237,PY,1041.0,1996,CC_BY_NC_4_0,84.0
Desmodus rotundus,1894747586,MX,60.0,1998,CC_BY_4_0,1041.5
Desmodus rotundus,5098796406,CO,,2022,CC_BY_4_0,132.0
Desmodus rotundus,1039523013,SR,1851.0,2007,CC0_1_0,338.5
Desmodus rotundus,1039524347,MX,1850.0,1975,CC0_1_0,22.0
Desmodus rotundus,1893787408,MX,70.0,1999,CC_BY_4_0,773.5
Desmodus rotundus,1893787411,MX,,1999,CC_BY_4_0,297.5
Desmodus rotundus,5283683356,CO,,2022,CC_BY_4_0,917.5
Desmodus rotundus,5283683392,CO,,2024,CC_BY_4_0,1264.0
Desmodus rotundus,5283683406,CO,,2012,CC_BY_4_0,1166.0
Desmodus rotundus,5283683517,CO,,2017,CC_BY_4_0,1876.0
Desmodus rotundus,5283683565,CO,,2022,CC_BY_4_0,1126.0
Desmodus rotundus,2884006301,CO,,2004,CC_BY_NC_4_0,1729.5
Desmodus rotundus,2884006310,CO,,2004,CC_BY_NC_4_0,587.0
Desmodus rotundus,2884006462,CO,,1999,CC_BY_NC_4_0,1592.0
Desmodus rotundus,2804483252,MX,5000.0,1984,CC0_1_0,26.5
Desmodus rotundus,2804489703,EC,500.0,2006,CC0_1_0,980.5
Desmodus rotundus,2804493955,MX,2000.0,1984,CC0_1_0,50.5
Desmodus rotundus,2804494913,EC,100.0,2006,CC0_1_0,923.0
Desmodus rotundus,2804489206,MX,5000.0,1987,CC0_1_0,73.0
Desmodus rotundus,2804493291,MX,1250.0,1987,CC0_1_0,43.0
Desmodus rotundus,2804494042,MX,500.0,1990,CC0_1_0,65.0
Desmodus rotundus,1894830723,MX,2500.0,1977,CC_BY_4_0,3.0
Desmodus rotundus,1894830689,MX,70.0,1970,CC_BY_4_0,91.0
Desmodus rotundus,1894830720,MX,90.0,1974,CC_BY_4_0,19.5
Desmodus rotundus,1894830824,MX,90.0,1974,CC_BY_4_0,319.0
Desmodus rotundus,2629090094,MX,80.0,1976,CC_BY_4_0,2168.5
Desmodus rotundus,2629097905,MX,90.0,1978,CC_BY_4_0,1193.0
Desmodus rotundus,2629081870,MX,70.0,2002,CC_BY_4_0,5.0
Desmodus rotundus,2629097745,MX,,1986,CC_BY_4_0,183.0
Desmodus rotundus,2629097972,MX,,2000,CC_BY_4_0,63.0
Desmodus rotundus,2629104049,MX,90.0,1995,CC_BY_4_0,42.0
Desmodus rotundus,2629110699,MX,90.0,1986,CC_BY_4_0,1246.5
Desmodus rotundus,2629086557,MX,90.0,1998,CC_BY_4_0,1503.0
Desmodus rotundus,2629098502,MX,70.0,1989,CC_BY_4_0,5.0
Desmodus rotundus,2629088646,MX,80.0,1998,CC_BY_4_0,516.5
Desmodus rotundus,2629099098,MX,80.0,1982,CC_BY_4_0,1261.0
Desmodus rotundus,2629102511,MX,80.0,1988,CC_BY_4_0,1332.0
Desmodus rotundus,2629105892,MX,,2010,CC_BY_4_0,6.0
Desmodus rotundus,2629108954,MX,,1970,CC_BY_4_0,227.0
Desmodus rotundus,2629114716,MX,100.0,1991,CC_BY_4_0,150.5
Desmodus rotundus,2629116367,MX,90.0,1986,CC_BY_4_0,431.0
Desmodus rotundus,2629082639,MX,,2003,CC_BY_4_0,1811.5
Desmodus rotundus,2629086050,MX,70.0,1989,CC_BY_4_0,6.5
Desmodus rotundus,2629096550,MX,80.0,1990,CC_BY_4_0,1529.0
Desmodus rotundus,2629097990,MX,90.0,1973,CC_BY_4_0,1117.0
Desmodus rotundus,2629104165,MX,80.0,1983,CC_BY_4_0,2406.5
Desmodus rotundus,2629082449,MX,90.0,1976,CC_BY_4_0,399.5
Desmodus rotundus,2629090239,MX,,2003,CC_BY_4_0,1397.5
Desmodus rotundus,2629091589,MX,,2004,CC_BY_4_0,0.0
Desmodus rotundus,2629096424,MX,,1978,CC_BY_4_0,27.0
Desmodus rotundus,2629106564,MX,70.0,1989,CC_BY_4_0,8.0
Desmodus rotundus,2629107506,MX,90.0,1988,CC_BY_4_0,2031.5
Desmodus rotundus,2629111878,MX,,1995,CC_BY_4_0,1525.0
Desmodus rotundus,2629080006,MX,70.0,1989,CC_BY_4_0,5.0
Desmodus rotundus,2629082258,MX,,1996,CC_BY_4_0,1928.0
Desmodus rotundus,2629089056,MX,80.0,1998,CC_BY_4_0,1567.5
Desmodus rotundus,2629090885,MX,,2003,CC_BY_4_0,2056.5
Desmodus rotundus,2629092645,MX,80.0,1996,CC_BY_4_0,1534.5
Desmodus rotundus,2629099266,MX,90.0,1988,CC_BY_4_0,1048.5
Desmodus rotundus,2629103043,MX,90.0,1989,CC_BY_4_0,1742.0
Desmodus rotundus,2629104234,MX,100.0,1972,CC_BY_4_0,530.0
Desmodus rotundus,2629110460,MX,80.0,1985,CC_BY_4_0,1609.0
Desmodus rotundus,2629110727,MX,80.0,1987,CC_BY_4_0,313.0
Desmodus rotundus,2629113238,MX,80.0,1990,CC_BY_4_0,1377.5
Desmodus rotundus,2629079670,MX,90.0,1980,CC_BY_4_0,464.0
Desmodus rotundus,2629082179,MX,100.0,1973,CC_BY_4_0,582.0
Desmodus rotundus,2629085219,MX,80.0,1991,CC_BY_4_0,1727.0
Desmodus rotundus,2629085624,MX,80.0,1972,CC_BY_4_0,10.0
Desmodus rotundus,2629086406,MX,100.0,1998,CC_BY_4_0,254.0
Desmodus rotundus,2629088947,MX,80.0,1987,CC_BY_4_0,1429.0
Desmodus rotundus,2629089175,MX,90.0,1986,CC_BY_4_0,1878.5
Desmodus rotundus,2629092420,MX,80.0,1986,CC_BY_4_0,1570.0
Desmodus rotundus,2629093519,MX,100.0,1991,CC_BY_4_0,563.0
Desmodus rotundus,2629096923,MX,90.0,1985,CC_BY_4_0,1122.5
Desmodus rotundus,2629097810,MX,90.0,1979,CC_BY_4_0,1183.0
Desmodus rotundus,2629099075,MX,80.0,1980,CC_BY_4_0,2345.5
Desmodus rotundus,2629101858,MX,90.0,1986,CC_BY_4_0,642.5
Desmodus rotundus,2629102452,MX,90.0,1987,CC_BY_4_0,1936.5
Desmodus rotundus,2629109301,MX,,2000,CC_BY_4_0,21.0
Desmodus rotundus,2629110518,MX,80.0,1982,CC_BY_4_0,639.5
Desmodus rotundus,2629110779,MX,,2005,CC_BY_4_0,150.0
Desmodus rotundus,2629115593,MX,,2003,CC_BY_4_0,1744.5
Desmodus rotundus,1638731708,CO,,2015,CC_BY_NC_4_0,336.0
Desmodus rotundus,4168651514,MX,100.0,2002,CC_BY_4_0,1735.5
Desmodus rotundus,4168650890,MX,100.0,2001,CC_BY_4_0,1726.0
Desmodus rotundus,4168650911,MX,100.0,2001,CC_BY_4_0,1391.0
Desmodus rotundus,4168651670,MX,100.0,2001,CC_BY_4_0,461.0
Desmodus rotundus,3013405361,BR,,1977,CC_BY_4_0,852.5
Desmodus rotundus,3013405658,BR,,1993,CC_BY_4_0,765.5
Desmodus rotundus,3013405755,BR,,1975,CC_BY_4_0,201.5
Desmodus rotundus,3013405768,BR,,2011,CC_BY_4_0,634.5
Desmodus rotundus,3013406554,BR,,1978,CC_BY_4_0,34.0
Desmodus rotundus,3013406679,BR,,1978,CC_BY_4_0,616.5
Desmodus rotundus,3013406805,BR,,1979,CC_BY_4_0,198.0
Desmodus rotundus,3013407327,BR,,1981,CC_BY_4_0,760.0
Desmodus rotundus,3013407343,BR,,1974,CC_BY_4_0,756.0
Desmodus rotundus,3013407465,BR,,1986,CC_BY_4_0,347.0
Desmodus rotundus,2824258336,BR,,2014,CC_BY_NC_4_0,287.5
Desmodus rotundus,2824258604,BR,,2013,CC_BY_NC_4_0,77.5
Desmodus rotundus,1676080046,CO,6.0,2015,CC_BY_NC_4_0,106.0
Desmodus rotundus,1676080320,CO,8.0,2015,CC_BY_NC_4_0,1480.0
Desmodus rotundus,1020746797,CO,34310.0,1998,CC_BY_NC_4_0,113.0
Desmodus rotundus,1020746894,CO,600.0,2009,CC_BY_NC_4_0,837.0
Desmodus rotundus,1020747186,CO,600.0,2009,CC_BY_NC_4_0,1511.0
Desmodus rotundus,1020747192,CO,600.0,2009,CC_BY_NC_4_0,1412.5
Desmodus rotundus,45862800,PE,,1981,CC0_1_0,49.0
Desmodus rotundus,45862988,CR,,1988,CC0_1_0,1517.0
Desmodus rotundus,45862114,PE,,1971,CC0_1_0,281.5
Desmodus rotundus,45862482,PE,,1974,CC0_1_0,1023.0
Desmodus rotundus,45862647,PE,,1978,CC0_1_0,108.0
Desmodus rotundus,45862669,PE,,1977,CC0_1_0,2752.0
Desmodus rotundus,45862109,PE,,1971,CC0_1_0,777.0
Desmodus rotundus,45862650,PE,,1978,CC0_1_0,2408.0
Desmodus rotundus,1700657764,PY,,2008,CC0_1_0,195.5
Desmodus rotundus,45862658,PE,,1978,CC0_1_0,425.0
Desmodus rotundus,45862840,CR,,1984,CC0_1_0,13.5
Desmodus rotundus,45862433,PE,,1973,CC0_1_0,2364.5
Desmodus rotundus,45862757,PE,,1975,CC0_1_0,342.5
Desmodus rotundus,45862476,PE,,1974,CC0_1_0,2036.5
Desmodus rotundus,45862715,BO,,1981,CC0_1_0,589.0
Desmodus rotundus,45862754,PE,,1975,CC0_1_0,2503.0
Desmodus rotundus,45862808,PE,,1981,CC0_1_0,3290.0
Desmodus rotundus,45862812,PE,,1981,CC0_1_0,133.5
Desmodus rotundus,45862987,CR,,1988,CC0_1_0,2040.0
Desmodus rotundus,45862783,PE,,1980,CC0_1_0,2736.5
Desmodus rotundus,2564825846,PY,,1972,CC0_1_0,192.0
Desmodus rotundus,3068259642,CO,,2003,CC0_1_0,77.5
Desmodus rotundus,3068259666,CO,,2003,CC0_1_0,102.5
Desmodus rotundus,3068259760,CO,,2010,CC0_1_0,87.0
Desmodus rotundus,3068259765,CO,,2004,CC0_1_0,107.0
Desmodus rotundus,3068259768,CO,,2003,CC0_1_0,5.0
Desmodus rotundus,3068259771,CO,,2005,CC0_1_0,165.0
Desmodus rotundus,3068259818,CO,,2010,CC0_1_0,42.0
Desmodus rotundus,3068260154,CO,,2012,CC0_1_0,16.0
Desmodus rotundus,3068260292,CO,,1999,CC0_1_0,107.5
Desmodus rotundus,3068260296,CO,,2000,CC0_1_0,159.0
Desmodus rotundus,1078916811,CO,3952.0,1999,CC0_1_0,991.5
Desmodus rotundus,1609371392,CO,200.0,2013,CC0_1_0,547.0
Desmodus rotundus,919142744,CO,1233.0,2012,CC0_1_0,1610.0
Desmodus rotundus,1609371538,CO,,2014,CC0_1_0,201.0
Desmodus rotundus,919142877,CO,1071.0,2011,CC0_1_0,2462.5
Desmodus rotundus,919143116,CO,1002.0,1989,CC0_1_0,926.5
Desmodus rotundus,1897327592,MX,70.0,1970,CC_BY_4_0,334.5
Desmodus rotundus,1897325767,MX,60.0,1984,CC_BY_4_0,145.0
Desmodus rotundus,1897325785,MX,70.0,1983,CC_BY_4_0,1125.0
Desmodus rotundus,1897327663,MX,60.0,1981,CC_BY_4_0,1953.5
Desmodus rotundus,1897327684,MX,70.0,1975,CC_BY_4_0,1735.5
Desmodus rotundus,1897327714,MX,50.0,1981,CC_BY_4_0,1704.5
Desmodus rotundus,3901047662,MX,,2010,CC_BY_4_0,29.5
Desmodus rotundus,3901050207,MX,,2019,CC_BY_4_0,502.0
Desmodus rotundus,3901046272,MX,,2009,CC_BY_4_0,241.0
Desmodus rotundus,3901045689,MX,,2009,CC_BY_4_0,732.0
Desmodus rotundus,3901046132,MX,,2009,CC_BY_4_0,1844.5
Desmodus rotundus,3901047622,MX,,2010,CC_BY_4_0,60.5
Desmodus rotundus,3901048265,MX,,2009,CC_BY_4_0,1573.5
Desmodus rotundus,3901048270,MX,,2009,CC_BY_4_0,199.5
Desmodus rotundus,3901053932,MX,,2009,CC_BY_4_0,1595.5
Desmodus rotundus,3901054333,MX,,2020,CC_BY_4_0,369.5
Desmodus rotundus,1893505976,MX,929.0,1974,CC_BY_4_0,2361.5
Desmodus rotundus,1893505977,MX,840.0,1975,CC_BY_4_0,1393.5
Desmodus rotundus,1893506134,MX,3300.0,1975,CC_BY_4_0,122.5
Desmodus rotundus,1893506264,MX,15050.0,1977,CC_BY_4_0,228.0
Desmodus rotundus,1893478823,MX,9360.0,1973,CC_BY_4_0,932.5
Desmodus rotundus,1893506252,MX,20300.0,1975,CC_BY_4_0,122.5
Desmodus rotundus,1893506531,MX,3688.0,1970,CC_BY_4_0,89.0
Desmodus rotundus,1893506184,MX,1051.0,1974,CC_BY_4_0,2418.0
Desmodus rotundus,1893506502,MX,1390.02,1977,CC_BY_4_0,436.0
Desmodus rotundus,1893505926,MX,242.0,1978,CC_BY_4_0,560.0
Desmodus rotundus,1893505948,MX,1650.02,1987,CC_BY_4_0,36.5
Desmodus rotundus,1893506144,MX,1525.0,1979,CC_BY_4_0,178.5
Desmodus rotundus,1893506326,MX,550.0,1983,CC_BY_4_0,1278.0
Desmodus rotundus,1893506021,MX,2578.0,1977,CC_BY_4_0,386.0
Desmodus rotundus,1893506070,MX,379.02,1975,CC_BY_4_0,1377.5
Desmodus rotundus,1893506210,MX,512.02,1975,CC_BY_4_0,0.0
Desmodus rotundus,1315008257,CO,1626.0,1985,CC_BY_NC_4_0,590.0
Desmodus rotundus,1806452910,CO,766.0,1995,CC_BY_NC_4_0,772.0
Desmodus rotundus,3113745377,CO,,2011,CC_BY_NC_4_0,242.0
Desmodus rotundus,3113745679,CO,,2017,CC_BY_NC_4_0,280.0
Desmodus rotundus,1315008215,CO,120.0,1980,CC_BY_NC_4_0,283.5
Desmodus rotundus,1315008243,CO,1380.0,1984,CC_BY_NC_4_0,1689.0
Desmodus rotundus,1315008256,CO,690.0,2001,CC_BY_NC_4_0,1619.0
Desmodus rotundus,1806452432,CO,1950.0,1994,CC_BY_NC_4_0,452.5
Desmodus rotundus,3113745305,CO,,2015,CC_BY_NC_4_0,254.0
Desmodus rotundus,3113745323,CO,,2017,CC_BY_NC_4_0,104.5
Desmodus rotundus,3113745689,CO,,2017,CC_BY_NC_4_0,98.5
Desmodus rotundus,1315008183,CO,230.0,2003,CC_BY_NC_4_0,1399.5
Desmodus rotundus,1315008216,CO,2195.0,1979,CC_BY_NC_4_0,31.5
Desmodus rotundus,1315008227,CO,224.0,1998,CC_BY_NC_4_0,1560.5
Desmodus rotundus,1315008232,CO,800.0,1974,CC_BY_NC_4_0,1332.5
Desmodus rotundus,1315008268,CO,1587.0,1983,CC_BY_NC_4_0,240.0
Desmodus rotundus,1315008271,CO,750.0,1984,CC_BY_NC_4_0,187.0
Desmodus rotundus,1315008297,CO,4916.0,1971,CC_BY_NC_4_0,716.0
Desmodus rotundus,1315008238,CO,624.0,1981,CC_BY_NC_4_0,1808.5
Desmodus rotundus,1806449861,CO,3410.0,1988,CC_BY_NC_4_0,484.5
Desmodus rotundus,1806451593,CO,88.0,1992,CC_BY_NC_4_0,1666.5
Desmodus rotundus,1806452568,CO,18682.0,1993,CC_BY_NC_4_0,755.5
Desmodus rotundus,1806453081,CO,1001.6,1995,CC_BY_NC_4_0,82.0
Desmodus rotundus,1806453864,CO,237246.0,1997,CC_BY_NC_4_0,283.0
Desmodus rotundus,3113745308,CO,,2010,CC_BY_NC_4_0,842.5
Desmodus rotundus,3113745342,CO,,2013,CC_BY_NC_4_0,147.0
Desmodus rotundus,3113745669,CO,,2017,CC_BY_NC_4_0,1811.0
Desmodus rotundus,3113745695,CO,,2016,CC_BY_NC_4_0,1642.0
Desmodus rotundus,3113745696,CO,,2009,CC_BY_NC_4_0,950.5
Desmodus rotundus,3463354323,CO,,2021,CC_BY_NC_4_0,174.5
Desmodus rotundus,382061537,AR,,1990,CC_BY_4_0,170.0
Desmodus rotundus,382061493,AR,,1978,CC_BY_4_0,115.5
Desmodus rotundus,4979149111,CO,,1979,CC_BY_NC_4_0,15.0
Desmodus rotundus,4979139126,CO,,2016,CC_BY_NC_4_0,96.0
Desmodus rotundus,4979111169,CO,,2014,CC_BY_NC_4_0,1166.5
Desmodus rotundus,4979125398,CO,,2006,CC_BY_NC_4_0,2992.0
Desmodus rotundus,4979133198,CO,,2015,CC_BY_NC_4_0,503.5
Desmodus rotundus,4979138850,CO,,2018,CC_BY_NC_4_0,252.5
Desmodus rotundus,3107833309,CO,,2016,CC0_1_0,2214.5
Desmodus rotundus,3107833315,CO,,2013,CC0_1_0,589.5
Desmodus rotundus,3107833317,CO,,2006,CC0_1_0,1203.0
Desmodus rotundus,3107833318,CO,,2011,CC0_1_0,1433.5
Desmodus rotundus,1821670584,BR,,2009,CC_BY_NC_4_0,526.5
Desmodus rotundus,1821670722,BR,,2003,CC_BY_NC_4_0,620.5
Desmodus rotundus,3008955326,CO,,2018,CC_BY_4_0,322.0
Desmodus rotundus,3008955436,CO,,2004,CC_BY_4_0,239.0
Desmodus rotundus,3008955533,CO,,2008,CC_BY_4_0,244.0
Desmodus rotundus,3008956348,CO,,2004,CC_BY_4_0,697.5
Desmodus rotundus,3008956458,CO,,2018,CC_BY_4_0,238.0
Desmodus rotundus,3008956547,CO,,2015,CC_BY_4_0,302.5
Desmodus rotundus,1896009988,MX,100.0,1971,CC_BY_4_0,429.0
Desmodus rotundus,665903074,CR,5.35,1974,CC0_1_0,5.0
Desmodus rotundus,665741740,PE,,1974,CC0_1_0,709.5
Desmodus rotundus,665732720,PE,,1987,CC0_1_0,2801.0
Desmodus rotundus,665924103,BO,1.01,1997,CC0_1_0,1455.0
Desmodus rotundus,665877815,BZ,6.8,1974,CC0_1_0,775.0
Desmodus rotundus,665751268,PE,,1981,CC0_1_0,1598.0
Desmodus rotundus,665887930,PA,36.1,1985,CC0_1_0,431.5
Desmodus rotundus,1805727867,BR,,1993,CC0_1_0,867.5
Desmodus rotundus,665895356,MX,0.17,1989,CC0_1_0,1387.0
Desmodus rotundus,665743180,BZ,4.59,1974,CC0_1_0,141.5
Desmodus rotundus,665889643,BZ,1.25,1978,CC0_1_0,192.0
Desmodus rotundus,1805727841,EC,,2011,CC0_1_0,1373.5
Desmodus rotundus,665883164,PE,6.6,1977,CC0_1_0,3177.0
Desmodus rotundus,665885738,PE,,1980,CC0_1_0,119.5
Desmodus rotundus,665822783,BZ,1.32,1976,CC0_1_0,3.5
Desmodus rotundus,665908695,PE,,1987,CC0_1_0,2773.0
Desmodus rotundus,665900314,GT,16.75,1977,CC0_1_0,277.0
Desmodus rotundus,665908688,PE,4.44,1987,CC0_1_0,3299.0
Desmodus rotundus,665735146,TT,76.09,1990,CC0_1_0,168.5
Desmodus rotundus,665898898,EC,,1983,CC0_1_0,195.5
Desmodus rotundus,1805743030,PE,,2007,CC0_1_0,1062.0
Desmodus rotundus,665731620,BO,2.52,1973,CC0_1_0,1266.5
Desmodus rotundus,665880379,PE,,1983,CC0_1_0,900.0
Desmodus rotundus,665883724,BZ,0.28,1975,CC0_1_0,301.5
Desmodus rotundus,665908702,PE,79.11,1987,CC0_1_0,1878.5
Desmodus rotundus,1805743226,PE,,2007,CC0_1_0,815.5
Desmodus rotundus,665822918,BZ,2.51,1976,CC0_1_0,9.0
Desmodus rotundus,665903107,BZ,0.92,1978,CC0_1_0,589.0
Desmodus rotundus,665923725,PY,16.19,1991,CC0_1_0,83.0
Desmodus rotundus,665822803,BZ,0.56,1976,CC0_1_0,37.5
Desmodus rotundus,665868945,EC,,1983,CC0_1_0,233.0
Desmodus rotundus,665908681,PE,,1987,CC0_1_0,3485.5
Desmodus rotundus,665822712,BZ,2.28,1976,CC0_1_0,469.0
Desmodus rotundus,665822890,BZ,1.15,1976,CC0_1_0,7.0
Desmodus rotundus,665822756,BZ,1.84,1976,CC0_1_0,34.5
Desmodus rotundus,665822823,BZ,2.01,1976,CC0_1_0,70.0
Desmodus rotundus,665908704,PE,,1987,CC0_1_0,2203.5
Desmodus rotundus,665753180,VE,5.59,1976,CC0_1_0,13.0
Desmodus rotundus,1805743197,PE,,2007,CC0_1_0,1034.5
Desmodus rotundus,665822738,BZ,1.32,1975,CC0_1_0,11.5
Desmodus rotundus,665822870,BZ,1.08,1976,CC0_1_0,29.0
Desmodus rotundus,665881573,PE,9.11,1987,CC0_1_0,2751.0
Desmodus rotundus,665733875,BZ,0.81,1978,CC0_1_0,79.5
Desmodus rotundus,665887057,BZ,2.35,1977,CC0_1_0,51.0
Desmodus rotundus,3890564595,CO,,2020,CC_BY_NC_4_0,2156.5
Desmodus rotundus,3890565827,CO,,2016,CC_BY_NC_4_0,342.5
Desmodus rotundus,1895600399,MX,80.0,1974,CC_BY_4_0,1451.0
Desmodus rotundus,2422214461,CO,,2005,CC_BY_NC_4_0,992.5
Desmodus rotundus,2422215196,CO,,2015,CC_BY_NC_4_0,1922.5
Desmodus rotundus,5904950483,CO,,2022,CC_BY_NC_4_0,13.0
Desmodus rotundus,5904951428,CO,,2025,CC_BY_NC_4_0,395.5
Desmodus rotundus,2422214196,CO,,2003,CC_BY_NC_4_0,1261.5
Desmodus rotundus,2422215324,CO,,2012,CC_BY_NC_4_0,2834.0
Desmodus rotundus,1609371070,CO,,2001,CC_BY_NC_4_0,646.5
Desmodus rotundus,2422214074,CO,,2004,CC_BY_NC_4_0,1918.0
Desmodus rotundus,3710474092,CO,,2013,CC_BY_NC_4_0,137.0
Desmodus rotundus,5904951404,CO,,2022,CC_BY_NC_4_0,943.5
Desmodus rotundus,1609370972,CO,,2001,CC_BY_NC_4_0,219.0
Desmodus rotundus,1609371173,CO,,2003,CC_BY_NC_4_0,852.0
Desmodus rotundus,2422214031,CO,,2003,CC_BY_NC_4_0,1773.0
Desmodus rotundus,2422214312,CO,,2009,CC_BY_NC_4_0,883.0
Desmodus rotundus,2422214878,CO,,2012,CC_BY_NC_4_0,1650.5
Desmodus rotundus,3710473546,CO,,2021,CC_BY_NC_4_0,122.5
Desmodus rotundus,3710473997,CO,,2019,CC_BY_NC_4_0,268.0
Desmodus rotundus,3710474950,CO,,2019,CC_BY_NC_4_0,631.0
Desmodus rotundus,2871446859,CO,,2017,CC_BY_NC_4_0,88.5
Desmodus rotundus,2871448738,CO,,2013,CC_BY_NC_4_0,171.5
Desmodus rotundus,3821076302,CO,,2018,CC_BY_NC_4_0,96.0
Desmodus rotundus,3821076530,CO,,2020,CC_BY_NC_4_0,180.0
Desmodus rotundus,1417796695,MX,90.0,1980,CC_BY_4_0,82.0
Desmodus rotundus,1417806262,MX,100.0,1990,CC_BY_4_0,2095.5
Desmodus rotundus,1417815341,MX,90.0,1979,CC_BY_4_0,414.5
Desmodus rotundus,1417799046,MX,60.0,1979,CC_BY_4_0,480.0
Desmodus rotundus,1417796397,MX,80.0,1982,CC_BY_4_0,40.0
Desmodus rotundus,1417803007,MX,90.0,1990,CC_BY_4_0,619.0
Desmodus rotundus,1417813531,MX,70.0,1992,CC_BY_4_0,779.5
Desmodus rotundus,1417788608,MX,100.0,1984,CC_BY_4_0,655.0
Desmodus rotundus,1417795695,MX,90.0,1984,CC_BY_4_0,1678.0
Desmodus rotundus,1417797351,MX,90.0,1990,CC_BY_4_0,1011.0
Desmodus rotundus,3350140310,GY,,1996,CC_BY_4_0,251.0
Desmodus rotundus,3346841152,GY,,1997,CC_BY_4_0,632.5
Desmodus rotundus,3346890571,GY,,2007,CC_BY_4_0,177.5
Desmodus rotundus,3350067834,CR,,1997,CC_BY_4_0,11.0
Desmodus rotundus,3346821375,PA,,1995,CC_BY_4_0,813.5
Desmodus rotundus,3346826365,GY,,2005,CC_BY_4_0,451.0
Desmodus rotundus,3349993318,SV,,1993,CC_BY_4_0,1847.0
Desmodus rotundus,3346831357,SR,,2005,CC_BY_4_0,189.5
Desmodus rotundus,3346883315,GY,,2002,CC_BY_4_0,702.0
Desmodus rotundus,3346888303,GY,,2001,CC_BY_4_0,116.0
Desmodus rotundus,3350084407,GY,,1995,CC_BY_4_0,88.0
Desmodus rotundus,3346873524,BR,,1998,CC_BY_4_0,681.0
Desmodus rotundus,3348751776,PA,,2012,CC_BY_4_0,34.0
Desmodus rotundus,3349733092,GY,,2001,CC_BY_4_0,21.5
Desmodus rotundus,3346871422,GY,,2007,CC_BY_4_0,113.0
Desmodus rotundus,3346798183,EC,,1995,CC_BY_4_0,284.5
Desmodus rotundus,3348860116,PA,,2013,CC_BY_4_0,16.0
Desmodus rotundus,3350077420,GT,,1991,CC_BY_4_0,176.5
Desmodus rotundus,3346441334,SR,,2006,CC_BY_4_0,111.0
Desmodus rotundus,3346869558,GY,,1996,CC_BY_4_0,239.0
Desmodus rotundus,3346837531,GY,,1994,CC_BY_4_0,144.0
Desmodus rotundus,3349799986,GY,,2002,CC_BY_4_0,27.0
Desmodus rotundus,3436805586,VE,,1971,CC_BY_4_0,5.0
Desmodus rotundus,865724172,BO,1000.0,1993,CC_BY_4_0,1050.0
Desmodus rotundus,865724194,PY,1000.0,1985,CC_BY_4_0,80.5
Desmodus rotundus,865724100,PY,10000.0,1981,CC_BY_4_0,252.0
Desmodus rotundus,865724167,PY,10000.0,1988,CC_BY_4_0,68.5
Desmodus rotundus,865724181,PY,1000.0,1989,CC_BY_4_0,127.0
Desmodus rotundus,865724211,PE,1000.0,1980,CC_BY_4_0,113.5
Desmodus rotundus,865724235,MX,10000.0,1978,CC_BY_4_0,1259.5
Desmodus rotundus,865724082,PY,1000.0,1986,CC_BY_4_0,245.0
Desmodus rotundus,865724179,BO,10000.0,1993,CC_BY_4_0,399.0
Desmodus rotundus,865724183,PY,1000.0,1989,CC_BY_4_0,214.5
Desmodus rotundus,865724192,PY,1000.0,1985,CC_BY_4_0,62.5
Desmodus rotundus,865724076,PY,1000.0,1983,CC_BY_4_0,87.0
Desmodus rotundus,865724171,EC,10000.0,1986,CC_BY_4_0,1963.5
Desmodus rotundus,865724173,EC,10000.0,1982,CC_BY_4_0,735.5
Desmodus rotundus,865724174,BO,10000.0,1993,CC_BY_4_0,2036.0
Desmodus rotundus,865724188,PY,10000.0,1991,CC_BY_4_0,194.5
Desmodus rotundus,865724210,PY,1000.0,1985,CC_BY_4_0,134.5
Desmodus rotundus,865724222,MX,10000.0,1972,CC_BY_4_0,557.0
Desmodus rotundus,6120801817,BR,,1986,CC_BY_4_0,125.0
Desmodus rotundus,6120806736,BR,,1970,CC_BY_4_0,97.0
Desmodus rotundus,6120807033,BR,,2006,CC_BY_4_0,45.5
Desmodus rotundus,6120814689,BR,,2015,CC_BY_4_0,737.0
Desmodus rotundus,6120815930,BR,,2000,CC_BY_4_0,564.5
Desmodus rotundus,6120825960,BR,,2000,CC_BY_4_0,1060.0
Desmodus rotundus,6120808798,BR,,1986,CC_BY_4_0,118.0
Desmodus rotundus,6120817368,BR,,1979,CC_BY_4_0,547.0
Desmodus rotundus,6120822654,BR,,2006,CC_BY_4_0,6.0
Desmodus rotundus,1418520887,MX,,1979,CC_BY_4_0,2760.5
Desmodus rotundus,1418522211,MX,,1979,CC_BY_4_0,91.0
Desmodus rotundus,1418522361,MX,,1982,CC_BY_4_0,1186.0
Desmodus rotundus,1418524454,MX,,1982,CC_BY_4_0,386.5
Desmodus rotundus,1418528242,MX,,1988,CC_BY_4_0,926.0
Desmodus rotundus,1418520439,MX,,1978,CC_BY_4_0,2058.5
Desmodus rotundus,1418529449,MX,,1978,CC_BY_4_0,902.0
Desmodus rotundus,1418532223,MX,,1988,CC_BY_4_0,1319.5
Desmodus rotundus,1418521072,MX,,1988,CC_BY_4_0,1858.5
Desmodus rotundus,1418526645,MX,,1980,CC_BY_4_0,1012.0
Desmodus rotundus,1418531726,MX,,1977,CC_BY_4_0,1830.0
Desmodus rotundus,1418519485,MX,,1982,CC_BY_4_0,1005.0
Desmodus rotundus,1418522536,MX,,1978,CC_BY_4_0,1628.5
Desmodus rotundus,1418529579,MX,,1977,CC_BY_4_0,1212.0
Desmodus rotundus,1418531436,MX,,1977,CC_BY_4_0,1357.0
Desmodus rotundus,1418532316,MX,,1985,CC_BY_4_0,348.0
Desmodus rotundus,1418525264,MX,,1984,CC_BY_4_0,1686.0
Desmodus rotundus,1418526621,MX,,1978,CC_BY_4_0,2318.0
Desmodus rotundus,1418528005,MX,,1980,CC_BY_4_0,1353.5
Desmodus rotundus,3024405676,PY,1000.0,1984,CC_BY_NC_4_0,135.0
Desmodus rotundus,1893580897,MX,100.0,1998,CC_BY_4_0,654.5
Desmodus rotundus,1893580952,MX,100.0,1995,CC_BY_4_0,1516.5
Desmodus rotundus,5898728148,GT,,2009,CC_BY_NC_4_0,1024.5
Desmodus rotundus,5898728537,GT,,2005,CC_BY_NC_4_0,189.0
Desmodus rotundus,5898728581,GT,,2008,CC_BY_NC_4_0,479.5
Desmodus rotundus,4026677292,CO,,2021,CC_BY_NC_4_0,557.0
Desmodus rotundus,4026688839,CO,,2021,CC_BY_NC_4_0,157.5
Desmodus rotundus,4026665084,CO,,2021,CC_BY_NC_4_0,198.5
Desmodus rotundus,4026674561,CO,,2021,CC_BY_NC_4_0,73.5
Desmodus rotundus,4026678181,CO,,2017,CC_BY_NC_4_0,109.5
Desmodus rotundus,4026678987,CO,,2014,CC_BY_NC_4_0,94.0
Desmodus rotundus,4026679122,CO,,2015,CC_BY_NC_4_0,887.0
Desmodus rotundus,4026685719,CO,,2021,CC_BY_NC_4_0,147.0
Desmodus rotundus,4026689186,CO,,2021,CC_BY_NC_4_0,344.0
Desmodus rotundus,4026655299,CO,,2018,CC_BY_NC_4_0,106.0
Desmodus rotundus,4026657726,CO,,2013,CC_BY_NC_4_0,822.0
Desmodus rotundus,4026684055,CO,,2015,CC_BY_NC_4_0,266.0
Desmodus rotundus,4026684120,CO,,2015,CC_BY_NC_4_0,451.0
Desmodus rotundus,4026684692,CO,,2015,CC_BY_NC_4_0,45.0
Desmodus rotundus,3356339298,BR,5500.0,1993,CC0_1_0,443.0
Desmodus rotundus,1676065375,CO,,2016,CC0_1_0,557.0
Desmodus rotundus,1676065483,CO,,2014,CC0_1_0,1584.0
Desmodus rotundus,1676065507,CO,,2016,CC0_1_0,1292.5
Desmodus rotundus,1676065514,CO,,2014,CC0_1_0,327.0
Desmodus rotundus,3113740354,CO,,2011,CC0_1_0,546.0
Desmodus rotundus,3113740471,CO,,2004,CC0_1_0,977.5
Desmodus rotundus,3113740524,CO,,2004,CC0_1_0,572.5
Desmodus rotundus,3113740577,CO,,2019,CC0_1_0,227.5
Desmodus rotundus,3113740586,CO,,2019,CC0_1_0,2546.0
Desmodus rotundus,3113740652,CO,,2004,CC0_1_0,2417.0
Desmodus rotundus,3113740663,CO,,1999,CC0_1_0,1414.0
Desmodus rotundus,3113740682,CO,,2001,CC0_1_0,1184.0
Desmodus rotundus,3113740684,CO,,2009,CC0_1_0,808.0
Desmodus rotundus,5886776828,BR,,2010,CC_BY_NC_4_0,28.0
Desmodus rotundus,5886784358,BR,,2011,CC_BY_NC_4_0,10.0
Desmodus rotundus,5886784820,BR,,2008,CC_BY_NC_4_0,104.5
Desmodus rotundus,5886784825,BR,,2010,CC_BY_NC_4_0,31.5
Desmodus rotundus,5886784827,BR,,2007,CC_BY_NC_4_0,17.0
Desmodus rotundus,5886784829,BR,,2006,CC_BY_NC_4_0,165.5
Desmodus rotundus,5886786730,BR,,2005,CC_BY_NC_4_0,112.0
Desmodus rotundus,5886786758,BR,,2010,CC_BY_NC_4_0,97.0
Desmodus rotundus,5886788855,BR,,2006,CC_BY_NC_4_0,166.5
Desmodus rotundus,5886789000,BR,,2003,CC_BY_NC_4_0,17.0
Desmodus rotundus,5886789007,BR,,2005,CC_BY_NC_4_0,515.5
Desmodus rotundus,1895934570,MX,90.0,1999,CC_BY_4_0,2320.0
Desmodus rotundus,1895934587,MX,90.0,1999,CC_BY_4_0,1402.5
Desmodus rotundus,1895934559,MX,90.0,1991,CC_BY_4_0,1708.0
Desmodus rotundus,1895934602,MX,90.0,1998,CC_BY_4_0,2831.5
Desmodus rotundus,1895934606,MX,90.0,1997,CC_BY_4_0,1656.5
Desmodus rotundus,859263329,GT,,1989,CC0_1_0,13.5
Desmodus rotundus,859264005,GT,,1991,CC0_1_0,2568.0
Desmodus rotundus,859264820,GT,,1995,CC0_1_0,271.0
Desmodus rotundus,859266856,GT,,2005,CC0_1_0,1471.5
Desmodus rotundus,859263368,GT,,1980,CC0_1_0,947.5
Desmodus rotundus,859263423,GT,,2003,CC0_1_0,1132.0
Desmodus rotundus,859263883,GT,,1991,CC0_1_0,963.5
Desmodus rotundus,859263394,GT,,1978,CC0_1_0,1564.5
Desmodus rotundus,859263460,GT,,2003,CC0_1_0,831.5
Desmodus rotundus,859263959,GT,,1993,CC0_1_0,111.0
Desmodus rotundus,859264320,GT,,2003,CC0_1_0,339.0
Desmodus rotundus,859264648,GT,,1992,CC0_1_0,231.0
Desmodus rotundus,859264838,GT,,2000,CC0_1_0,2065.0
Desmodus rotundus,3306339522,MX,,2013,CC_BY_4_0,2326.0
Desmodus rotundus,3306340369,MX,,2011,CC_BY_4_0,745.0
Desmodus rotundus,3306342563,MX,,2014,CC_BY_4_0,314.0
Desmodus rotundus,3306339980,MX,,1997,CC_BY_4_0,1911.0
Desmodus rotundus,3306341472,MX,,2011,CC_BY_4_0,140.5
Desmodus rotundus,3306339705,MX,,2010,CC_BY_4_0,304.0
Desmodus rotundus,3306340350,MX,,2010,CC_BY_4_0,1767.0
Desmodus rotundus,3306342097,MX,,1993,CC_BY_4_0,948.0
Desmodus rotundus,3306339394,MX,,2009,CC_BY_4_0,462.5
Desmodus rotundus,3306339604,MX,,2010,CC_BY_4_0,469.5
Desmodus rotundus,3306340705,MX,,2005,CC_BY_4_0,2041.5
Desmodus rotundus,3306341100,MX,,2012,CC_BY_4_0,2001.5
Desmodus rotundus,3306341476,MX,,2009,CC_BY_4_0,192.0
Desmodus rotundus,3306341791,MX,,2017,CC_BY_4_0,1382.0
Desmodus rotundus,3306342110,MX,,2011,CC_BY_4_0,499.0
Desmodus rotundus,3306342238,MX,,2013,CC_BY_4_0,1962.0
Desmodus rotundus,3306342483,MX,,2012,CC_BY_4_0,1354.0
Desmodus rotundus,1418740009,MX,,2000,CC_BY_4_0,991.0
Desmodus rotundus,3046439556,CO,,1997,CC_BY_4_0,1354.0
Desmodus rotundus,919418425,MX,3340.0,1975,CC0_1_0,1134.5
Desmodus rotundus,919420878,MX,2620.0,1970,CC0_1_0,163.5
Desmodus rotundus,919434450,MX,1532.0,1977,CC0_1_0,1141.0
Desmodus rotundus,919435614,MX,11210.0,1972,CC0_1_0,173.0
Desmodus rotundus,919438446,MX,672.0,1977,CC0_1_0,995.0
Desmodus rotundus,919446727,AR,3968.0,1970,CC0_1_0,968.5
Desmodus rotundus,919419660,BO,14336.0,1979,CC0_1_0,447.0
Desmodus rotundus,919430542,GT,1609.0,1977,CC0_1_0,1406.0
Desmodus rotundus,919446714,BZ,4204.0,1979,CC0_1_0,29.0
Desmodus rotundus,919450139,BZ,2203.0,1979,CC0_1_0,19.0
Desmodus rotundus,919450826,CR,3894.0,1978,CC0_1_0,87.5
Desmodus rotundus,202062947,AR,,1984,CC0_1_0,931.0
Desmodus rotundus,894742717,MX,,2009,CC0_1_0,849.0
Desmodus rotundus,202063396,AR,,2004,CC0_1_0,606.0
Desmodus rotundus,202063403,AR,,1991,CC0_1_0,1342.5
Desmodus rotundus,202062889,BR,4046.0,1984,CC0_1_0,1057.0
Desmodus rotundus,202062935,BR,,1977,CC0_1_0,516.5
Desmodus rotundus,255678204,BZ,8991.0,1981,CC0_1_0,55.0
Desmodus rotundus,894742456,MX,,2004,CC0_1_0,64.0
Desmodus rotundus,894742591,MX,,2002,CC0_1_0,509.0
Desmodus rotundus,894742611,MX,,2002,CC0_1_0,106.5
Desmodus rotundus,202062561,SR,,1971,CC0_1_0,43.5
Desmodus rotundus,202062859,MX,19851.0,1973,CC0_1_0,2636.5
Desmodus rotundus,202062946,AR,,1985,CC0_1_0,547.5
Desmodus rotundus,202063165,MX,,1998,CC0_1_0,1605.5
Desmodus rotundus,202063232,MX,,1997,CC0_1_0,66.5
Desmodus rotundus,202063268,MX,,1999,CC0_1_0,31.0
Desmodus rotundus,202063402,AR,,1998,CC0_1_0,1129.5
Desmodus rotundus,202063839,TT,301.0,1970,CC0_1_0,40.0
Desmodus rotundus,894743188,MX,,2002,CC0_1_0,222.0
Desmodus rotundus,894780866,AR,1000.0,1990,CC0_1_0,66.0
Desmodus rotundus,894787448,AR,,2006,CC0_1_0,1449.5
Desmodus rotundus,894780978,AR,,1990,CC0_1_0,1298.0
Desmodus rotundus,894783302,AR,,2003,CC0_1_0,706.0
Desmodus rotundus,894783541,AR,,2004,CC0_1_0,976.0
Desmodus rotundus,4097141355,BR,,2002,CC_BY_NC_4_0,924.5
Desmodus rotundus,4097141367,BR,,1991,CC_BY_NC_4_0,574.5
Desmodus rotundus,4097141640,BR,,1992,CC_BY_NC_4_0,407.0
Desmodus rotundus,1262412115,MX,,1971,CC0_1_0,1025.0
Desmodus rotundus,1262412256,MX,,1971,CC0_1_0,360.0
Desmodus rotundus,1323972599,BR,,1987,CC_BY_4_0,244.0
Desmodus rotundus,1323972871,BR,,1991,CC_BY_4_0,66.5
Desmodus rotundus,1323973998,BR,,2007,CC_BY_4_0,698.5
Desmodus rotundus,1323974106,BR,,2007,CC_BY_4_0,195.5
Desmodus rotundus,1323974171,BR,,2008,CC_BY_4_0,132.5
Desmodus rotundus,1323974186,BR,,2008,CC_BY_4_0,756.0
Desmodus rotundus,1323974204,BR,,2009,CC_BY_4_0,450.0
Desmodus rotundus,1323974320,BR,,2010,CC_BY_4_0,1174.5
Desmodus rotundus,1323974384,BR,,2011,CC_BY_4_0,808.5
Desmodus rotundus,5099452950,BO,3567.0,1992,CC0_1_0,998.0
Desmodus rotundus,5099725090,EC,,2017,CC0_1_0,247.0
Desmodus rotundus,5099723101,EC,,2017,CC0_1_0,876.5
Desmodus rotundus,5099712156,PA,,2018,CC0_1_0,26.5
Desmodus rotundus,5099438152,CO,3091.0,1983,CC0_1_0,16.5
Desmodus rotundus,5099448971,BO,17044.0,1990,CC0_1_0,2232.0
Desmodus rotundus,5099440460,BO,,1985,CC0_1_0,188.0
Desmodus rotundus,5099439524,BO,14581.0,1985,CC0_1_0,235.0
Desmodus rotundus,5099593832,BO,1000.0,1986,CC0_1_0,196.0
Desmodus rotundus,5099587765,BO,1.0,1985,CC0_1_0,195.0
Desmodus rotundus,5099439467,BO,196078.0,1985,CC0_1_0,181.5
Desmodus rotundus,5099618689,BO,,1993,CC0_1_0,2618.5
Desmodus rotundus,5099611444,BO,,1991,CC0_1_0,1300.0
Desmodus rotundus,5099483420,PA,61.0,2000,CC0_1_0,40.5
Desmodus rotundus,5099712161,PA,,2018,CC0_1_0,66.0
Desmodus rotundus,5099440739,BO,3590.0,1986,CC0_1_0,216.5
Desmodus rotundus,5099594641,BO,1000.0,1984,CC0_1_0,343.0
Desmodus rotundus,5099441308,BO,11464.0,1984,CC0_1_0,278.5
Desmodus rotundus,5099587734,BO,1000.0,1985,CC0_1_0,236.0
Desmodus rotundus,5099620475,BO,1000.0,1992,CC0_1_0,1417.0
Desmodus rotundus,5099636871,PA,1000.0,2011,CC0_1_0,1803.0
Desmodus rotundus,5099607869,BO,,1995,CC0_1_0,1568.5
Desmodus rotundus,5099611841,BO,,1990,CC0_1_0,2443.0
Desmodus rotundus,5099448651,CR,4880.0,1989,CC0_1_0,1490.0
Desmodus rotundus,5099729752,PA,5.0,2023,CC0_1_0,63.5
Desmodus rotundus,5099434280,PE,7597.0,1982,CC0_1_0,2745.0
Desmodus rotundus,5099423735,MX,3060.0,1973,CC0_1_0,117.0
Desmodus rotundus,5099447929,BO,23052.0,1990,CC0_1_0,2859.5
Desmodus rotundus,5099732709,PA,5.0,2023,CC0_1_0,49.5
Desmodus rotundus,5099441454,BO,35109.0,1985,CC0_1_0,184.0
Desmodus rotundus,5099587805,BO,1000.0,1985,CC0_1_0,186.5
Desmodus rotundus,2630339928,MX,100.0,1991,CC_BY_4_0,679.5
Desmodus rotundus,2630398932,MX,90.0,1991,CC_BY_4_0,115.0
Desmodus rotundus,2630399881,MX,100.0,1991,CC_BY_4_0,840.0
Desmodus rotundus,4168620671,MX,90.0,1988,CC_BY_4_0,1360.5
Desmodus rotundus,4168622747,MX,90.0,1996,CC_BY_4_0,1930.5
Desmodus rotundus,2630346927,MX,100.0,1991,CC_BY_4_0,1067.5
Desmodus rotundus,2630391918,MX,100.0,1991,CC_BY_4_0,644.0
Desmodus rotundus,2630399882,MX,100.0,1991,CC_BY_4_0,559.5
Desmodus rotundus,2630346925,MX,110.0,1991,CC_BY_4_0,10.0
Desmodus rotundus,2630394846,MX,90.0,1991,CC_BY_4_0,413.5
Desmodus rotundus,2630389079,MX,100.0,1984,CC_BY_4_0,768.0
Desmodus rotundus,2630392936,MX,100.0,1991,CC_BY_4_0,552.5
Desmodus rotundus,2630395914,MX,100.0,1991,CC_BY_4_0,549.5
Desmodus rotundus,4168614582,MX,110.0,1994,CC_BY_4_0,9.0
Desmodus rotundus,4168618343,MX,90.0,1986,CC_BY_4_0,259.0
Desmodus rotundus,2630321543,MX,90.0,1982,CC_BY_4_0,529.0
Desmodus rotundus,2630342894,MX,100.0,1991,CC_BY_4_0,530.5
Desmodus rotundus,2630401023,MX,90.0,1991,CC_BY_4_0,848.5
Desmodus rotundus,4168616919,MX,90.0,1983,CC_BY_4_0,188.5
Desmodus rotundus,2630394861,MX,100.0,1991,CC_BY_4_0,525.0
Desmodus rotundus,2630377520,MX,100.0,1982,CC_BY_4_0,7.5
Desmodus rotundus,4168608745,MX,90.0,1993,CC_BY_4_0,1219.0
Desmodus rotundus,4168619884,MX,90.0,1984,CC_BY_4_0,989.5
Desmodus rotundus,4168624612,MX,100.0,1994,CC_BY_4_0,1441.0
Desmodus rotundus,1325916509,MX,276.0,1973,CC0_1_0,12.0
Desmodus rotundus,1639432026,CO,,2016,CC_BY_NC_4_0,2565.0
Desmodus rotundus,3463351308,CO,,2014,CC_BY_NC_4_0,1269.5
Desmodus rotundus,3863929302,CO,,2019,CC_BY_NC_4_0,678.0
Desmodus rotundus,1417864498,MX,100.0,2002,CC_BY_4_0,228.0
Desmodus rotundus,3962335102,EC,,2021,CC_BY_NC_4_0,291.5
Desmodus rotundus,1065423876,BR,6025.0,1978,CC0_1_0,846.0
Desmodus rotundus,1065419894,MX,4548.0,1985,CC0_1_0,513.5
Desmodus rotundus,1065397544,CR,7137.0,1971,CC0_1_0,19.0
Desmodus rotundus,1065400246,EC,27615.0,1970,CC0_1_0,34.0
Desmodus rotundus,1065331216,MX,3956.0,1970,CC0_1_0,52.0
Desmodus rotundus,1065415548,MX,6750.0,1970,CC0_1_0,2124.0
Desmodus rotundus,1065406710,MX,1404.0,1970,CC0_1_0,2195.5
Desmodus rotundus,1065400285,CR,3537.0,1971,CC0_1_0,272.5
Desmodus rotundus,1065410632,MX,8472.0,1970,CC0_1_0,1062.0
Desmodus rotundus,1065353406,MX,6060.0,1970,CC0_1_0,1534.5
Desmodus rotundus,1065346763,MX,3080.0,1970,CC0_1_0,8.0
Desmodus rotundus,1422070102,MX,50.0,1997,CC_BY_4_0,628.0
Desmodus rotundus,1422072863,MX,70.0,2004,CC_BY_4_0,1395.5
Desmodus rotundus,1422069039,MX,60.0,2003,CC_BY_4_0,1780.0
Desmodus rotundus,1422071722,MX,60.0,2004,CC_BY_4_0,571.5
Desmodus rotundus,675934673,MX,,1987,CC0_1_0,682.0
Desmodus rotundus,675852053,MX,,1977,CC0_1_0,44.0
Desmodus rotundus,675876282,MX,,1979,CC0_1_0,0.0
Desmodus rotundus,675837326,MX,,1974,CC0_1_0,2357.5
Desmodus rotundus,675830003,MX,,1970,CC0_1_0,196.5
Desmodus rotundus,1894602597,MX,90.0,1985,CC_BY_4_0,120.5
Desmodus rotundus,1894602645,MX,100.0,1997,CC_BY_4_0,17.0
Desmodus rotundus,1894602848,MX,80.0,1981,CC_BY_4_0,696.0
Desmodus rotundus,1894603030,MX,100.0,1982,CC_BY_4_0,3277.0
Desmodus rotundus,1894602735,MX,90.0,1980,CC_BY_4_0,29.0
Desmodus rotundus,1894603033,MX,100.0,1999,CC_BY_4_0,2334.0
Desmodus rotundus,1894603046,MX,90.0,1992,CC_BY_4_0,522.5
Desmodus rotundus,1894602680,MX,80.0,1988,CC_BY_4_0,2328.5
Desmodus rotundus,1894602702,MX,90.0,1998,CC_BY_4_0,1956.0
Desmodus rotundus,1894602718,MX,80.0,1981,CC_BY_4_0,1417.0
Desmodus rotundus,1894602766,MX,90.0,1978,CC_BY_4_0,67.0
Desmodus rotundus,1894602799,MX,100.0,1975,CC_BY_4_0,0.0
Desmodus rotundus,1894602819,MX,100.0,1983,CC_BY_4_0,593.0
Desmodus rotundus,1894602953,MX,100.0,1999,CC_BY_4_0,1604.0
Desmodus rotundus,1894602993,MX,80.0,1984,CC_BY_4_0,1523.5
Desmodus rotundus,1894603010,MX,70.0,1981,CC_BY_4_0,2102.5
Desmodus rotundus,1894603128,MX,100.0,1972,CC_BY_4_0,554.5
Desmodus rotundus,675775124,HN,,1990,CC0_1_0,446.0
Desmodus rotundus,675832863,VE,,1974,CC0_1_0,278.0
Desmodus rotundus,675838859,MX,,1974,CC0_1_0,103.5
Desmodus rotundus,675909059,HN,,1983,CC0_1_0,22.0
Desmodus rotundus,675934670,MX,,1986,CC0_1_0,1764.0
Desmodus rotundus,675910144,HN,,1983,CC0_1_0,0.0
Desmodus rotundus,675844322,MX,,1977,CC0_1_0,438.5
Desmodus rotundus,675861812,MX,,1978,CC0_1_0,9.0
Desmodus rotundus,675861100,MX,,1979,CC0_1_0,729.5
Desmodus rotundus,675834280,MX,,1973,CC0_1_0,1617.5
Desmodus rotundus,675878914,MX,,1972,CC0_1_0,2518.0
Desmodus rotundus,675885048,MX,,1981,CC0_1_0,306.0
Desmodus rotundus,675846152,MX,,1975,CC0_1_0,234.0
Desmodus rotundus,675741725,PE,,1983,CC0_1_0,666.5
Desmodus rotundus,675842673,MX,,1975,CC0_1_0,151.0
Desmodus rotundus,675880457,MX,,1979,CC0_1_0,13.0
Desmodus rotundus,675832189,MX,,1973,CC0_1_0,2070.5
Desmodus rotundus,675851240,MX,,1977,CC0_1_0,120.0
Desmodus rotundus,675904002,CR,,1982,CC0_1_0,1179.5
Desmodus rotundus,1913336153,MX,,1993,CC0_1_0,7.0
Desmodus rotundus,675830028,MX,,1970,CC0_1_0,1353.5
Desmodus rotundus,675847214,MX,,1975,CC0_1_0,191.0
Desmodus rotundus,675874213,MX,,1980,CC0_1_0,175.0
Desmodus rotundus,675878073,MX,,1980,CC0_1_0,47.0
Desmodus rotundus,675832442,MX,,1971,CC0_1_0,205.0
Desmodus rotundus,1422086859,MX,,2000,CC_BY_4_0,2520.5
Desmodus rotundus,1422087049,MX,,1999,CC_BY_4_0,1860.0
Desmodus rotundus,1422087152,MX,,2003,CC_BY_4_0,841.0
Desmodus rotundus,85168952,BO,,1986,CC_BY_NC_4_0,239.0
Desmodus rotundus,85168852,BO,,1983,CC_BY_NC_4_0,177.0
Desmodus rotundus,85168969,BO,,1986,CC_BY_NC_4_0,469.0
Desmodus rotundus,85168964,BO,,1986,CC_BY_NC_4_0,589.5
Desmodus rotundus,85168401,VE,,1976,CC_BY_NC_4_0,71.0
Desmodus rotundus,85168887,BO,,1983,CC_BY_NC_4_0,256.5
Desmodus rotundus,85168986,BO,,1986,CC_BY_NC_4_0,399.5
Desmodus rotundus,2432134730,CO,,2018,CC_BY_4_0,463.5
Desmodus rotundus,2579428120,MX,,1979,CC_BY_NC_4_0,7.0
Desmodus rotundus,1122694534,VE,,1974,CC_BY_NC_4_0,229.5
Desmodus rotundus,1122691484,PA,,1973,CC_BY_NC_4_0,460.5
Desmodus rotundus,1122697493,VE,,1981,CC_BY_NC_4_0,102.0
Desmodus rotundus,476874091,CR,500.0,2002,CC_BY_NC_4_0,278.5
Desmodus rotundus,4169091597,MX,90.0,2000,CC_BY_4_0,319.0
Desmodus rotundus,4169102493,MX,,1991,CC_BY_4_0,216.0
Desmodus rotundus,4169276472,MX,90.0,1989,CC_BY_4_0,1264.5
Desmodus rotundus,4169255344,MX,,1971,CC_BY_4_0,571.5
Desmodus rotundus,4169241420,MX,,1975,CC_BY_4_0,892.5
Desmodus rotundus,4169024741,MX,,1970,CC_BY_4_0,1367.5
Desmodus rotundus,4168865928,MX,100.0,1981,CC_BY_4_0,21.0
Desmodus rotundus,4169214313,MX,90.0,1994,CC_BY_4_0,254.5
Desmodus rotundus,4169227242,MX,100.0,2008,CC_BY_4_0,32.0
Desmodus rotundus,4169271221,MX,,1983,CC_BY_4_0,1730.5
Desmodus rotundus,4169188730,MX,70.0,1990,CC_BY_4_0,16.0
Desmodus rotundus,4169147036,MX,90.0,2001,CC_BY_4_0,903.0
Desmodus rotundus,4169247072,MX,80.0,1971,CC_BY_4_0,1912.5
Desmodus rotundus,4169266673,MX,100.0,1971,CC_BY_4_0,22.0
Desmodus rotundus,4169276714,MX,90.0,1984,CC_BY_4_0,1837.5
Desmodus rotundus,4169192829,MX,70.0,1975,CC_BY_4_0,8.5
Desmodus rotundus,4169278808,MX,100.0,1984,CC_BY_4_0,784.5
Desmodus rotundus,4169146531,MX,90.0,2012,CC_BY_4_0,33.5
Desmodus rotundus,4169189174,MX,80.0,1980,CC_BY_4_0,1273.5
Desmodus rotundus,4169268616,MX,70.0,1994,CC_BY_4_0,878.5
Desmodus rotundus,4169220478,MX,,1980,CC_BY_4_0,1328.0
Desmodus rotundus,4169261616,MX,80.0,1988,CC_BY_4_0,125.5
Desmodus rotundus,4169237532,MX,90.0,1985,CC_BY_4_0,1276.0
Desmodus rotundus,4169012618,MX,60.0,1983,CC_BY_4_0,1110.0
Desmodus rotundus,4169173257,MX,100.0,1984,CC_BY_4_0,586.5
Desmodus rotundus,4168986364,MX,90.0,2002,CC_BY_4_0,5.0
Desmodus rotundus,4169125312,MX,80.0,2003,CC_BY_4_0,1766.5
Desmodus rotundus,4169257209,MX,90.0,1973,CC_BY_4_0,55.0
Desmodus rotundus,4169193109,MX,,1970,CC_BY_4_0,9.5
Desmodus rotundus,4169231544,MX,,2001,CC_BY_4_0,403.5
Desmodus rotundus,4169277309,MX,70.0,1981,CC_BY_4_0,65.5
Desmodus rotundus,4169237019,MX,,1998,CC_BY_4_0,983.0
Desmodus rotundus,4168878117,MX,70.0,1982,CC_BY_4_0,88.5
Desmodus rotundus,4169253343,MX,100.0,1970,CC_BY_4_0,222.5
Desmodus rotundus,4169233895,MX,70.0,1981,CC_BY_4_0,127.0
Desmodus rotundus,4169247146,MX,100.0,2006,CC_BY_4_0,40.0
Desmodus rotundus,4169228985,MX,70.0,1984,CC_BY_4_0,1807.0
Desmodus rotundus,4169239498,MX,90.0,1972,CC_BY_4_0,1383.5
Desmodus rotundus,4169259926,MX,90.0,1981,CC_BY_4_0,848.5
Desmodus rotundus,4168899510,MX,100.0,1991,CC_BY_4_0,888.5
Desmodus rotundus,4169076997,MX,90.0,2000,CC_BY_4_0,9.0
Desmodus rotundus,4169162681,MX,70.0,1990,CC_BY_4_0,19.0
Desmodus rotundus,4169214571,MX,100.0,1978,CC_BY_4_0,96.0
Desmodus rotundus,4169219223,MX,90.0,1999,CC_BY_4_0,305.0
Desmodus rotundus,4169076354,MX,,1992,CC_BY_4_0,216.0
Desmodus rotundus,4169146513,MX,90.0,1984,CC_BY_4_0,894.5
Desmodus rotundus,4169218815,MX,90.0,1973,CC_BY_4_0,1075.5
Desmodus rotundus,4169222853,MX,100.0,1973,CC_BY_4_0,62.0
Desmodus rotundus,4169252460,MX,90.0,1984,CC_BY_4_0,1539.0
Desmodus rotundus,4169262455,MX,100.0,1984,CC_BY_4_0,1926.0
Desmodus rotundus,4169229666,MX,90.0,1977,CC_BY_4_0,662.0
Desmodus rotundus,4169260470,MX,80.0,1993,CC_BY_4_0,2064.5
Desmodus rotundus,4169248173,MX,,1976,CC_BY_4_0,261.0
Desmodus rotundus,4169278611,MX,80.0,1982,CC_BY_4_0,80.5
Desmodus rotundus,4169244067,MX,100.0,1972,CC_BY_4_0,273.5
Desmodus rotundus,4169050243,MX,90.0,2005,CC_BY_4_0,461.5
Desmodus rotundus,4169271840,MX,90.0,1973,CC_BY_4_0,1989.0
Desmodus rotundus,4169273864,MX,80.0,1982,CC_BY_4_0,331.0
Desmodus rotundus,4169209039,MX,70.0,1994,CC_BY_4_0,1784.0
Desmodus rotundus,4169270291,MX,90.0,1970,CC_BY_4_0,1213.5
Desmodus rotundus,4169201024,MX,90.0,1973,CC_BY_4_0,2152.5
Desmodus rotundus,4169242755,MX,90.0,1985,CC_BY_4_0,18.5
Desmodus rotundus,4169267653,MX,90.0,1984,CC_BY_4_0,1696.0
Desmodus rotundus,4169268619,MX,90.0,1987,CC_BY_4_0,144.5
Desmodus rotundus,4169198388,MX,80.0,2000,CC_BY_4_0,1482.0
Desmodus rotundus,4169251756,MX,,2001,CC_BY_4_0,966.0
Desmodus rotundus,4169024749,MX,90.0,2009,CC_BY_4_0,589.5
Desmodus rotundus,4169190368,MX,90.0,1979,CC_BY_4_0,9.0
Desmodus rotundus,4169222431,MX,90.0,2007,CC_BY_4_0,119.5
Desmodus rotundus,4169251060,MX,90.0,1992,CC_BY_4_0,86.5
Desmodus rotundus,4169126138,MX,,1980,CC_BY_4_0,17.5
Desmodus rotundus,4169255429,MX,70.0,1982,CC_BY_4_0,33.5
Desmodus rotundus,4169266325,MX,90.0,1973,CC_BY_4_0,1442.5
Desmodus rotundus,4169273782,MX,60.0,1988,CC_BY_4_0,382.0
Desmodus rotundus,4169222481,MX,90.0,2004,CC_BY_4_0,155.5
Desmodus rotundus,4168865622,MX,80.0,1978,CC_BY_4_0,283.0
Desmodus rotundus,4168975270,MX,80.0,1985,CC_BY_4_0,1710.0
Desmodus rotundus,4169239731,MX,,1979,CC_BY_4_0,0.0
Desmodus rotundus,4169247293,MX,90.0,1979,CC_BY_4_0,1212.0
Desmodus rotundus,3390875748,CO,12.0,2015,CC_BY_NC_4_0,1918.5
Desmodus rotundus,3390876348,CO,,2015,CC_BY_NC_4_0,1402.0
Desmodus rotundus,2650654529,CO,220.0,2008,CC_BY_NC_4_0,1569.0
Desmodus rotundus,2650654592,CO,544.0,2008,CC_BY_NC_4_0,1662.5
Desmodus rotundus,2650655116,CO,1030.0,2004,CC_BY_NC_4_0,490.5
Desmodus rotundus,2650655351,CO,125000.0,1994,CC_BY_NC_4_0,2544.0
Desmodus rotundus,2650655399,CO,516.0,2010,CC_BY_NC_4_0,29.0
Desmodus rotundus,2650655453,CO,544.0,1994,CC_BY_NC_4_0,2699.5
Desmodus rotundus,2650655848,CO,501.0,2009,CC_BY_NC_4_0,85.0
Desmodus rotundus,2650656050,CO,,2011,CC_BY_NC_4_0,62.0
Desmodus rotundus,2650656079,CO,1530.0,2006,CC_BY_NC_4_0,1104.5
Desmodus rotundus,2650656287,CO,13989.0,2009,CC_BY_NC_4_0,684.0
Desmodus rotundus,2650656295,CO,,2011,CC_BY_NC_4_0,68.5
Desmodus rotundus,2650656336,CO,,2011,CC_BY_NC_4_0,96.5
Desmodus rotundus,1898049407,MX,70.0,1994,CC_BY_4_0,8.0
Desmodus rotundus,1898053417,MX,,1999,CC_BY_4_0,226.5
Desmodus rotundus,1898053442,MX,,2005,CC_BY_4_0,902.0
Desmodus rotundus,1898053431,MX,,2011,CC_BY_4_0,164.0
Desmodus rotundus,1898053446,MX,,2003,CC_BY_4_0,137.0
Desmodus rotundus,1898049405,MX,80.0,1995,CC_BY_4_0,11.0
Desmodus rotundus,1898053429,MX,,2001,CC_BY_4_0,8.5
Desmodus rotundus,1898053432,MX,,2003,CC_BY_4_0,21.5
Desmodus rotundus,1898053457,MX,,2010,CC_BY_4_0,272.0
Desmodus rotundus,1898049395,MX,90.0,1995,CC_BY_4_0,582.0
Desmodus rotundus,1898053421,MX,,2005,CC_BY_4_0,1073.5
Desmodus rotundus,1898053444,MX,,2004,CC_BY_4_0,1487.5
Desmodus rotundus,1898049436,MX,100.0,2001,CC_BY_4_0,782.0
Desmodus rotundus,1898053395,MX,90.0,1993,CC_BY_4_0,347.0
Desmodus rotundus,1898053470,MX,100.0,1994,CC_BY_4_0,444.5
Desmodus rotundus,1898053486,MX,,2009,CC_BY_4_0,37.0
Desmodus rotundus,1898049425,MX,80.0,1996,CC_BY_4_0,6.5
Desmodus rotundus,1898053413,MX,,2008,CC_BY_4_0,2173.0
Desmodus rotundus,1898053426,MX,90.0,2010,CC_BY_4_0,72.0
Desmodus rotundus,1898053437,MX,,2001,CC_BY_4_0,8.0
Desmodus rotundus,1898053463,MX,,2011,CC_BY_4_0,119.0
Desmodus rotundus,859433771,BO,,1988,CC0_1_0,169.5
Desmodus rotundus,859458215,BO,,1990,CC0_1_0,2039.5
Desmodus rotundus,859492925,BO,,1985,CC0_1_0,172.0
Desmodus rotundus,859409379,BO,,1987,CC0_1_0,885.0
Desmodus rotundus,859466977,BO,,1986,CC0_1_0,203.0
Desmodus rotundus,859430844,BO,,1985,CC0_1_0,181.5
Desmodus rotundus,859452565,BO,,1986,CC0_1_0,172.0
Desmodus rotundus,859474048,BO,,1985,CC0_1_0,391.5
Desmodus rotundus,859399514,BO,,1992,CC0_1_0,1946.0
Desmodus rotundus,859483764,BO,,1984,CC0_1_0,309.5
Desmodus rotundus,859409647,BO,,1990,CC0_1_0,1952.5
Desmodus rotundus,859410392,BO,,1986,CC0_1_0,124.5
Desmodus rotundus,859411420,BO,,1986,CC0_1_0,160.5
Desmodus rotundus,859425801,BO,,1985,CC0_1_0,186.5
Desmodus rotundus,2985623566,CO,,2016,CC_BY_NC_4_0,147.5
Desmodus rotundus,2985623714,CO,,2015,CC_BY_NC_4_0,272.0
Desmodus rotundus,6393267307,CO,4.0,2023,CC_BY_NC_4_0,392.0
Desmodus rotundus,1894146358,MX,90.0,1976,CC_BY_4_0,18.0
Desmodus rotundus,1894146385,MX,90.0,1976,CC_BY_4_0,11.0
Desmodus rotundus,1894146490,MX,90.0,1976,CC_BY_4_0,834.0
Desmodus rotundus,1894146508,MX,90.0,1986,CC_BY_4_0,399.0
Desmodus rotundus,1894146356,MX,90.0,1976,CC_BY_4_0,651.5
Desmodus rotundus,1894146363,MX,90.0,1986,CC_BY_4_0,460.5
Desmodus rotundus,1894146364,MX,90.0,1976,CC_BY_4_0,2349.5
Desmodus rotundus,1894146404,MX,90.0,1976,CC_BY_4_0,12.5
Desmodus rotundus,1894146420,MX,90.0,1986,CC_BY_4_0,1212.5
Desmodus rotundus,1894146429,MX,90.0,1976,CC_BY_4_0,1154.5
Desmodus rotundus,1894146452,MX,90.0,1976,CC_BY_4_0,24.5
Desmodus rotundus,1894146331,MX,80.0,1982,CC_BY_4_0,1905.0
Desmodus rotundus,1894146366,MX,90.0,1986,CC_BY_4_0,1033.0
Desmodus rotundus,1894146390,MX,90.0,1976,CC_BY_4_0,24.5
Desmodus rotundus,1894146450,MX,90.0,1976,CC_BY_4_0,8.5
Desmodus rotundus,5147311747,GT,2000.0,1978,CC0_1_0,361.5
Desmodus rotundus,5147077319,PY,10122.0,1973,CC0_1_0,59.5
Desmodus rotundus,5146971759,PE,1424.0,1978,CC0_1_0,131.0
Desmodus rotundus,5146967311,PY,11512.0,1973,CC0_1_0,105.0
Desmodus rotundus,5147107615,GT,,2009,CC0_1_0,1979.0
Desmodus rotundus,5147192777,GT,3000.0,1978,CC0_1_0,1923.0
Desmodus rotundus,5147079570,VE,11096.0,1984,CC0_1_0,317.5
Desmodus rotundus,5147234666,GT,30.0,2009,CC0_1_0,1502.5
Desmodus rotundus,5147066205,MX,7772.0,1971,CC0_1_0,2429.5
Desmodus rotundus,5147185203,MX,12947.0,1971,CC0_1_0,858.5
Desmodus rotundus,5147191319,PY,11521.0,1973,CC0_1_0,146.0
Desmodus rotundus,5146990757,GT,100.0,2011,CC0_1_0,2474.0
Desmodus rotundus,5147437034,BR,4522.0,1993,CC0_1_0,426.5
Desmodus rotundus,5147206574,VE,203600.0,1984,CC0_1_0,163.5
Desmodus rotundus,5147424167,CR,7287.0,1982,CC0_1_0,5.5
Desmodus rotundus,5146971783,GT,4000.0,1978,CC0_1_0,48.0
Desmodus rotundus,5147087043,BR,33527.0,1993,CC0_1_0,1105.0
Desmodus rotundus,5147346757,GT,100.0,2011,CC0_1_0,2164.0
Desmodus rotundus,5147191318,PY,11510.0,1973,CC0_1_0,102.0
Desmodus rotundus,1211802557,GY,,1990,CC_BY_4_0,126.5
Desmodus rotundus,1211815554,GY,,1992,CC_BY_4_0,130.0
Desmodus rotundus,1211815962,GY,,1971,CC_BY_4_0,14.0
Desmodus rotundus,1211830149,MX,,1971,CC_BY_4_0,78.0
Desmodus rotundus,1211808360,GY,,1990,CC_BY_4_0,87.0
Desmodus rotundus,1211812495,GY,,1970,CC_BY_4_0,18.0
Desmodus rotundus,1211814874,GY,,1971,CC_BY_4_0,0.0
Desmodus rotundus,1211815243,GY,,1972,CC_BY_4_0,3.0
Desmodus rotundus,1323927635,GY,,2014,CC_BY_4_0,97.5
Desmodus rotundus,1323930593,SR,,2012,CC_BY_4_0,287.5
Desmodus rotundus,1211813568,VE,,1997,CC_BY_4_0,51.5
Desmodus rotundus,1323929781,GY,,2012,CC_BY_4_0,93.0
Desmodus rotundus,1837224048,GY,,2014,CC_BY_4_0,111.5
Desmodus rotundus,1211817063,PA,,1975,CC_BY_4_0,1875.0
Desmodus rotundus,1211825865,MX,,1989,CC_BY_4_0,178.0
Desmodus rotundus,1323929743,PE,,2012,CC_BY_4_0,432.0
Desmodus rotundus,1211796256,GY,,1972,CC_BY_4_0,157.0
Desmodus rotundus,1211802929,CO,,1973,CC_BY_4_0,1732.5
Desmodus rotundus,1211813174,GY,,1972,CC_BY_4_0,26.5
Desmodus rotundus,1211821825,GT,,1991,CC_BY_4_0,291.5
Desmodus rotundus,1323926074,SR,,2009,CC_BY_4_0,289.0
Desmodus rotundus,1323929538,GY,,2013,CC_BY_4_0,144.0
Desmodus rotundus,1323929645,GY,,2012,CC_BY_4_0,104.0
Desmodus rotundus,1211794108,GY,,1970,CC_BY_4_0,112.0
Desmodus rotundus,1211801492,CO,,1973,CC_BY_4_0,1070.5
Desmodus rotundus,1211805187,GY,,1990,CC_BY_4_0,77.0
Desmodus rotundus,1211810826,GY,,1992,CC_BY_4_0,3.0
Desmodus rotundus,1211811778,GY,,1970,CC_BY_4_0,74.5
Desmodus rotundus,1211812485,GY,,1973,CC_BY_4_0,69.0
Desmodus rotundus,1211813931,CO,,1983,CC_BY_4_0,1284.5
Desmodus rotundus,1211829962,BR,,1973,CC_BY_4_0,409.0
Desmodus rotundus,1211830139,MX,,1972,CC_BY_4_0,25.0
Desmodus rotundus,1323929872,SR,,2010,CC_BY_4_0,223.0
Desmodus rotundus,1323930080,SR,,2010,CC_BY_4_0,234.0
Desmodus rotundus,1211792724,GY,,1972,CC_BY_4_0,119.0
Desmodus rotundus,1211792801,CO,,1973,CC_BY_4_0,1902.5
Desmodus rotundus,1211793323,GY,,1974,CC_BY_4_0,177.0
Desmodus rotundus,1211795267,GY,,1970,CC_BY_4_0,113.0
Desmodus rotundus,1211807718,CO,,1973,CC_BY_4_0,284.0
Desmodus rotundus,1211821278,SV,,1977,CC_BY_4_0,1007.5
Desmodus rotundus,1211828500,MX,,1990,CC_BY_4_0,1.0
Desmodus rotundus,1323925614,SR,,2009,CC_BY_4_0,206.5
Desmodus rotundus,1323927627,GY,,2013,CC_BY_4_0,80.5
Desmodus rotundus,1323928689,PE,,2012,CC_BY_4_0,122.0
Desmodus rotundus,1837224435,PE,,2014,CC_BY_4_0,107.0
Desmodus rotundus,1837224765,SR,,2017,CC_BY_4_0,61.0
Desmodus rotundus,5147441038,BR,4075.0,1993,CC0_1_0,1291.0
Desmodus rotundus,5147312240,PE,850.0,1984,CC0_1_0,650.5
Desmodus rotundus,5147208385,PE,1461.0,1984,CC0_1_0,498.5
Desmodus rotundus,5147083551,CR,3795.0,1983,CC0_1_0,29.5
Desmodus rotundus,5147323573,CR,1370.0,1986,CC0_1_0,1611.5
Desmodus rotundus,5147079547,CR,3043.0,1983,CC0_1_0,109.0
Desmodus rotundus,5147202549,CR,13015.0,1983,CC0_1_0,160.0
Desmodus rotundus,5146975039,BR,,1993,CC0_1_0,228.5
Desmodus rotundus,5147077320,PY,5490.0,1972,CC0_1_0,100.0
Desmodus rotundus,5147209044,BR,4581.0,1993,CC0_1_0,5.5
Desmodus rotundus,5147071704,PE,220.0,1977,CC0_1_0,249.5
Desmodus rotundus,1211794416,GY,,1974,CC_BY_4_0,132.0
Desmodus rotundus,1211798024,GY,,1971,CC_BY_4_0,213.0
Desmodus rotundus,1211798138,GY,,1974,CC_BY_4_0,193.5
Desmodus rotundus,1211802050,GY,,1971,CC_BY_4_0,106.0
Desmodus rotundus,1211825296,MX,,1989,CC_BY_4_0,4.0
Desmodus rotundus,686470731,MX,10.0,1990,CC_BY_4_0,761.0
Desmodus rotundus,686485167,PE,6.5,1993,CC_BY_4_0,240.5
Desmodus rotundus,686465812,BZ,0.46,1980,CC_BY_4_0,34.5
Desmodus rotundus,686471351,PE,15.37,1989,CC_BY_4_0,186.5
Desmodus rotundus,686462655,GF,1.5,1977,CC_BY_4_0,233.0
Desmodus rotundus,686482240,GY,5.0,1997,CC_BY_4_0,94.0
Desmodus rotundus,686482242,GY,5.0,1997,CC_BY_4_0,81.0
Desmodus rotundus,686484836,NI,3.6,1998,CC_BY_4_0,1246.0
Desmodus rotundus,686486423,MX,0.8,1972,CC_BY_4_0,2070.0
Desmodus rotundus,48042498,MX,,1973,CC0_1_0,529.5
Desmodus rotundus,48042359,MX,,1970,CC0_1_0,441.5
Desmodus rotundus,48042371,MX,,1971,CC0_1_0,1151.0
Desmodus rotundus,48042373,MX,,1971,CC0_1_0,59.5
Desmodus rotundus,48042418,MX,,1972,CC0_1_0,1783.0
Desmodus rotundus,48042463,MX,,1973,CC0_1_0,1601.0
Desmodus rotundus,48042495,MX,,1973,CC0_1_0,1100.5
Desmodus rotundus,48043560,MX,,1974,CC0_1_0,5.0
Desmodus rotundus,1418242653,MX,80.0,1984,CC_BY_4_0,1888.0
Desmodus rotundus,1418245740,MX,80.0,1990,CC_BY_4_0,1012.5
Desmodus rotundus,1418247266,MX,90.0,1985,CC_BY_4_0,8.0
Desmodus rotundus,1418244937,MX,80.0,1984,CC_BY_4_0,435.0
Desmodus rotundus,1418241950,MX,80.0,1983,CC_BY_4_0,1477.0
Desmodus rotundus,1418249127,MX,80.0,1976,CC_BY_4_0,442.0
Desmodus rotundus,1418249515,MX,80.0,1996,CC_BY_4_0,566.0
Desmodus rotundus,1418250311,MX,90.0,1983,CC_BY_4_0,1539.0
Desmodus rotundus,1418243585,MX,80.0,1996,CC_BY_4_0,1479.0
Desmodus rotundus,1418246079,MX,90.0,1987,CC_BY_4_0,1318.5
Desmodus rotundus,1418250583,MX,100.0,1983,CC_BY_4_0,15.5
Desmodus rotundus,1418251036,MX,80.0,1983,CC_BY_4_0,742.5
Desmodus rotundus,1418241839,MX,90.0,1991,CC_BY_4_0,2379.0
Desmodus rotundus,1418242517,MX,90.0,1984,CC_BY_4_0,122.0
Desmodus rotundus,1418248916,MX,100.0,2002,CC_BY_4_0,74.5
Desmodus rotundus,1418249190,MX,191.0,2007,CC_BY_4_0,60.5
Desmodus rotundus,1418242530,MX,80.0,1985,CC_BY_4_0,31.0
Desmodus rotundus,1418246275,MX,90.0,1983,CC_BY_4_0,1283.0
Desmodus rotundus,1418248490,MX,100.0,1985,CC_BY_4_0,771.0
Desmodus rotundus,1418248616,MX,90.0,1984,CC_BY_4_0,101.5
Desmodus rotundus,1418241857,MX,90.0,1988,CC_BY_4_0,42.0
Desmodus rotundus,1418244232,MX,100.0,1980,CC_BY_4_0,297.0
Desmodus rotundus,1418244590,MX,80.0,1975,CC_BY_4_0,31.0
Desmodus rotundus,1418247290,MX,80.0,1984,CC_BY_4_0,1990.0
Desmodus rotundus,1418243395,MX,90.0,1977,CC_BY_4_0,2393.0
Desmodus rotundus,1418243732,MX,80.0,1985,CC_BY_4_0,1210.0
Desmodus rotundus,1418244136,MX,80.0,1985,CC_BY_4_0,30.0
Desmodus rotundus,1418244170,MX,90.0,1986,CC_BY_4_0,1502.0
Desmodus rotundus,1418244372,MX,90.0,1984,CC_BY_4_0,740.0
Desmodus rotundus,1418245573,MX,90.0,1995,CC_BY_4_0,81.0
Desmodus rotundus,1418247281,MX,90.0,1980,CC_BY_4_0,1125.5
Desmodus rotundus,1418248056,MX,80.0,1996,CC_BY_4_0,1596.5
Desmodus rotundus,1418248148,MX,90.0,1984,CC_BY_4_0,2064.5
Desmodus rotundus,1418250094,MX,80.0,1982,CC_BY_4_0,1748.0
Desmodus rotundus,1418251448,MX,90.0,2003,CC_BY_4_0,1957.5
Desmodus rotundus,2013414705,MX,,2008,CC_BY_4_0,1492.0
Desmodus rotundus,2027481261,CO,,2018,CC_BY_NC_4_0,740.5
Diclidurus albus,2629107331,MX,,2008,CC_BY_4_0,5.0
Diclidurus albus,665822557,BZ,0.71,1975,CC0_1_0,67.5
Diclidurus albus,2422214814,CO,,2012,CC_BY_NC_4_0,39.0
Diclidurus albus,1417792203,MX,90.0,1980,CC_BY_4_0,15.0
Diclidurus albus,1417810790,MX,838.0,1977,CC_BY_4_0,8.5
Diclidurus albus,1417797263,MX,100.0,1985,CC_BY_4_0,42.0
Diclidurus albus,6333560310,NI,,2017,CC_BY_NC_4_0,50.5
Diclidurus albus,5886779837,BR,,2009,CC_BY_NC_4_0,97.0
Diclidurus albus,919433724,MX,11210.0,1976,CC0_1_0,12.5
Diclidurus albus,202063149,MX,,2000,CC0_1_0,0.0
Diclidurus albus,4168614429,MX,100.0,1994,CC_BY_4_0,141.0
Diclidurus albus,1122694571,VE,,1974,CC_BY_NC_4_0,131.0
Diclidurus albus,4169254007,MX,90.0,1993,CC_BY_4_0,152.5
Diclidurus albus,4168878108,MX,,1985,CC_BY_4_0,0.0
Diclidurus albus,4169214544,MX,,1979,CC_BY_4_0,0.0
Diclidurus albus,5147183291,PE,8710.0,1973,CC0_1_0,143.0
Diphylla ecaudata,1987275826,PE,5583.0,1984,CC_BY_NC_4_0,711.5
Diphylla ecaudata,2863950537,GT,8274.0,2000,CC_BY_NC_4_0,536.5
Diphylla ecaudata,2804483222,MX,5000.0,1987,CC0_1_0,169.5
Diphylla ecaudata,5189238013,CR,,2014,CC0_1_0,16.5
Diphylla ecaudata,2629081679,MX,,2004,CC_BY_4_0,459.0
Diphylla ecaudata,2629091034,MX,,1978,CC_BY_4_0,27.0
Diphylla ecaudata,2629093862,MX,90.0,1983,CC_BY_4_0,464.0
Diphylla ecaudata,2629081149,MX,80.0,1999,CC_BY_4_0,1774.0
Diphylla ecaudata,2629090399,MX,80.0,1979,CC_BY_4_0,708.0
Diphylla ecaudata,2629107350,MX,70.0,1998,CC_BY_4_0,108.5
Diphylla ecaudata,4168651123,MX,100.0,2002,CC_BY_4_0,1405.5
Diphylla ecaudata,4168650755,MX,100.0,2002,CC_BY_4_0,1735.5
Diphylla ecaudata,3013407166,BR,,1998,CC_BY_4_0,3.0
Diphylla ecaudata,3013407335,BR,,1981,CC_BY_4_0,760.0
Diphylla ecaudata,2824258519,BR,,2018,CC_BY_NC_4_0,51.0
Diphylla ecaudata,1676079968,CO,7.0,2015,CC_BY_NC_4_0,1560.0
Diphylla ecaudata,45862117,PE,,1971,CC0_1_0,1129.5
Diphylla ecaudata,5061132335,CO,,2016,CC0_1_0,302.0
Diphylla ecaudata,1897325441,MX,50.0,1981,CC_BY_4_0,1704.5
Diphylla ecaudata,1315007024,CO,1084.0,1976,CC_BY_NC_4_0,280.0
Diphylla ecaudata,665908707,PE,,1987,CC0_1_0,1213.0
Diphylla ecaudata,1805728014,BR,,1993,CC0_1_0,867.5
Diphylla ecaudata,1805727911,EC,,2011,CC0_1_0,1467.5
Diphylla ecaudata,665925036,PE,,1980,CC0_1_0,495.5
Diphylla ecaudata,665889644,BZ,1.25,1978,CC0_1_0,192.0
Diphylla ecaudata,1805743203,PE,,2007,CC0_1_0,1034.5
Diphylla ecaudata,665729117,PE,,1975,CC0_1_0,709.5
Diphylla ecaudata,665722972,BZ,0.82,1977,CC0_1_0,95.5
Diphylla ecaudata,1417798148,MX,70.0,1992,CC_BY_4_0,172.5
Diphylla ecaudata,3350074628,EC,,1995,CC_BY_4_0,308.0
Diphylla ecaudata,865724289,EC,10000.0,1986,CC_BY_4_0,590.5
Diphylla ecaudata,865724297,BZ,10000.0,1997,CC_BY_4_0,3.0
Diphylla ecaudata,2266108536,MX,2.0,1973,CC0_1_0,17.0
Diphylla ecaudata,6120806820,BR,,2015,CC_BY_4_0,737.0
Diphylla ecaudata,6120802068,BR,,2002,CC_BY_4_0,547.0
Diphylla ecaudata,6120824530,BR,,1978,CC_BY_4_0,481.0
Diphylla ecaudata,4168467221,MX,,1998,CC_BY_4_0,158.5
Diphylla ecaudata,1418522237,MX,,1983,CC_BY_4_0,1764.0
Diphylla ecaudata,1418526318,MX,,1987,CC_BY_4_0,830.5
Diphylla ecaudata,1418522983,MX,,1985,CC_BY_4_0,327.5
Diphylla ecaudata,1418527170,MX,,1985,CC_BY_4_0,1336.5
Diphylla ecaudata,1418526519,MX,,1989,CC_BY_4_0,643.0
Diphylla ecaudata,1418526843,MX,,1984,CC_BY_4_0,789.5
Diphylla ecaudata,1418528463,MX,,1980,CC_BY_4_0,178.0
Diphylla ecaudata,1418530759,MX,,1985,CC_BY_4_0,1585.0
Diphylla ecaudata,1893580279,MX,90.0,1984,CC_BY_4_0,632.5
Diphylla ecaudata,5898729082,GT,,2005,CC_BY_NC_4_0,572.5
Diphylla ecaudata,3356348390,PA,324483.0,1973,CC0_1_0,87.0
Diphylla ecaudata,5886777189,BR,,2006,CC_BY_NC_4_0,165.5
Diphylla ecaudata,5886777192,BR,,2009,CC_BY_NC_4_0,22.0
Diphylla ecaudata,5886779303,BR,,2006,CC_BY_NC_4_0,405.5
Diphylla ecaudata,5886779509,BR,,2005,CC_BY_NC_4_0,515.5
Diphylla ecaudata,859263336,GT,,1997,CC0_1_0,331.0
Diphylla ecaudata,859263339,GT,,1991,CC0_1_0,1633.5
Diphylla ecaudata,3306339742,MX,,2011,CC_BY_4_0,1103.0
Diphylla ecaudata,3306342506,MX,,1997,CC_BY_4_0,896.5
Diphylla ecaudata,3306342884,MX,,2011,CC_BY_4_0,745.0
Diphylla ecaudata,919437575,MX,672.0,1977,CC0_1_0,995.0
Diphylla ecaudata,1323972292,BR,,1972,CC_BY_4_0,20.5
Diphylla ecaudata,1323974153,BR,,2008,CC_BY_4_0,173.5
Diphylla ecaudata,5099594778,BO,1000.0,1985,CC0_1_0,186.5
Diphylla ecaudata,5099426608,HN,3576.0,1979,CC0_1_0,1180.0
Diphylla ecaudata,2630376370,MX,70.0,1981,CC_BY_4_0,24.0
Diphylla ecaudata,4168621759,MX,90.0,1984,CC_BY_4_0,188.5
Diphylla ecaudata,1325916500,MX,795.0,1978,CC0_1_0,7.5
Diphylla ecaudata,1417864419,MX,100.0,2002,CC_BY_4_0,260.5
Diphylla ecaudata,1065343936,CR,1202.0,1970,CC0_1_0,165.5
Diphylla ecaudata,1894592807,MX,100.0,1999,CC_BY_4_0,1604.0
Diphylla ecaudata,675834284,MX,,1973,CC0_1_0,1617.5
Diphylla ecaudata,675884524,HN,,1982,CC0_1_0,367.5
Diphylla ecaudata,675874237,MX,,1980,CC0_1_0,45.0
Diphylla ecaudata,1122705844,VE,,1986,CC_BY_NC_4_0,218.5
Diphylla ecaudata,4168911174,MX,70.0,2009,CC_BY_4_0,718.0
Diphylla ecaudata,4168961652,MX,70.0,1982,CC_BY_4_0,33.5
Diphylla ecaudata,4169188983,MX,80.0,1999,CC_BY_4_0,199.0
Diphylla ecaudata,4169253481,MX,70.0,1991,CC_BY_4_0,0.0
Diphylla ecaudata,4169172942,MX,80.0,1994,CC_BY_4_0,268.0
Diphylla ecaudata,4169063633,MX,100.0,1981,CC_BY_4_0,155.5
Diphylla ecaudata,4168937777,MX,90.0,1986,CC_BY_4_0,92.0
Diphylla ecaudata,4169251769,MX,80.0,2008,CC_BY_4_0,1213.5
Diphylla ecaudata,4168924275,MX,80.0,1983,CC_BY_4_0,1407.0
Diphylla ecaudata,4169172581,MX,80.0,1985,CC_BY_4_0,1710.0
Diphylla ecaudata,4169271884,MX,70.0,1989,CC_BY_4_0,17.0
Diphylla ecaudata,1898049032,MX,,2009,CC_BY_4_0,37.0
Diphylla ecaudata,1898049011,MX,,2003,CC_BY_4_0,11.0
Diphylla ecaudata,1898049027,MX,,2003,CC_BY_4_0,154.0
Diphylla ecaudata,1898049006,MX,,2014,CC_BY_4_0,1704.0
Diphylla ecaudata,1898049028,MX,100.0,2000,CC_BY_4_0,1538.0
Diphylla ecaudata,1898049069,MX,,1999,CC_BY_4_0,30.5
Diphylla ecaudata,1898049012,MX,90.0,1987,CC_BY_4_0,371.5
Diphylla ecaudata,859425689,BO,,1985,CC0_1_0,186.5
Diphylla ecaudata,5146981337,PE,1461.0,1984,CC0_1_0,498.5
Diphylla ecaudata,1211826041,MX,,1989,CC_BY_4_0,178.0
Diphylla ecaudata,1211822257,GT,,1971,CC_BY_4_0,1253.0
Diphylla ecaudata,1211829904,MX,,1990,CC_BY_4_0,5.0
Diphylla ecaudata,686485168,PE,6.5,1993,CC_BY_4_0,240.5
Diphylla ecaudata,1418243034,MX,80.0,1983,CC_BY_4_0,898.0
Diphylla ecaudata,1418243774,MX,80.0,1985,CC_BY_4_0,1210.0
Enchisthenes hartii,1571716265,CO,2072.0,2003,CC_BY_4_0,1836.5
Enchisthenes hartii,1571716622,CO,544.0,2005,CC_BY_4_0,817.5
Enchisthenes hartii,1571717096,CO,1848.0,2008,CC_BY_4_0,1361.5
Enchisthenes hartii,1571717354,CO,505.0,2012,CC_BY_4_0,768.5
Enchisthenes hartii,5082839459,EC,,2023,CC_BY_NC_4_0,1061.0
Enchisthenes hartii,5082839638,EC,,2023,CC_BY_NC_4_0,2498.0
Enchisthenes hartii,5082839778,EC,,2024,CC_BY_NC_4_0,2235.0
Enchisthenes hartii,3043788376,GT,1204.0,1998,CC_BY_NC_4_0,505.0
Enchisthenes hartii,1893347909,MX,90.0,1988,CC_BY_4_0,1629.5
Enchisthenes hartii,5283683724,CO,,2013,CC_BY_4_0,2239.5
Enchisthenes hartii,2884006531,CO,,1999,CC_BY_NC_4_0,1592.0
Enchisthenes hartii,2629116152,MX,90.0,1993,CC_BY_4_0,1764.5
Enchisthenes hartii,2629083282,MX,100.0,1998,CC_BY_4_0,17.0
Enchisthenes hartii,4168651602,MX,100.0,2002,CC_BY_4_0,1735.5
Enchisthenes hartii,4168651634,MX,100.0,2000,CC_BY_4_0,1468.0
Enchisthenes hartii,4168650594,MX,100.0,2001,CC_BY_4_0,1927.5
Enchisthenes hartii,1676080297,CO,7.0,2015,CC_BY_NC_4_0,1480.0
Enchisthenes hartii,1020746906,CO,600.0,2009,CC_BY_NC_4_0,1528.0
Enchisthenes hartii,1020747030,CO,600.0,2013,CC_BY_NC_4_0,1645.5
Enchisthenes hartii,45864265,PE,,1976,CC0_1_0,167.0
Enchisthenes hartii,45864028,PE,,1974,CC0_1_0,2036.5
Enchisthenes hartii,45864029,PE,,1974,CC0_1_0,415.0
Enchisthenes hartii,45864348,PE,,1981,CC0_1_0,349.5
Enchisthenes hartii,45864224,PE,,1978,CC0_1_0,425.0
Enchisthenes hartii,45864230,PE,,1978,CC0_1_0,2521.0
Enchisthenes hartii,45864312,PE,,1982,CC0_1_0,2595.0
Enchisthenes hartii,45864261,PE,,1976,CC0_1_0,1477.0
Enchisthenes hartii,45864330,PE,,1980,CC0_1_0,2287.0
Enchisthenes hartii,3068259809,CO,,2003,CC0_1_0,165.0
Enchisthenes hartii,3068260020,CO,,2003,CC0_1_0,104.0
Enchisthenes hartii,919142545,CO,1200.0,2012,CC0_1_0,841.5
Enchisthenes hartii,919142738,CO,1039.0,2013,CC0_1_0,1336.0
Enchisthenes hartii,919143699,CO,1360.0,1985,CC0_1_0,2085.5
Enchisthenes hartii,1949916682,CO,8.0,2017,CC_BY_NC_4_0,1261.5
Enchisthenes hartii,1893499299,MX,713.0,1982,CC_BY_4_0,1911.5
Enchisthenes hartii,1314994471,CO,285.0,2001,CC_BY_NC_4_0,1826.0
Enchisthenes hartii,1314994461,CO,1626.0,1985,CC_BY_NC_4_0,590.0
Enchisthenes hartii,1806451998,CO,3000.0,1991,CC_BY_NC_4_0,1092.0
Enchisthenes hartii,1314994479,CO,750.0,2001,CC_BY_NC_4_0,2449.0
Enchisthenes hartii,1806449679,CO,7865.6,1988,CC_BY_NC_4_0,484.5
Enchisthenes hartii,4979157175,CO,,2008,CC_BY_NC_4_0,1498.0
Enchisthenes hartii,4979138518,CO,,2015,CC_BY_NC_4_0,753.5
Enchisthenes hartii,4979111189,CO,,2015,CC_BY_NC_4_0,1207.5
Enchisthenes hartii,3008955668,CO,,2004,CC_BY_4_0,944.5
Enchisthenes hartii,3008956166,CO,,2018,CC_BY_4_0,423.5
Enchisthenes hartii,3008956403,CO,,2004,CC_BY_4_0,803.0
Enchisthenes hartii,3008956500,CO,,2004,CC_BY_4_0,460.0
Enchisthenes hartii,665728588,PE,,1996,CC0_1_0,2497.5
Enchisthenes hartii,665855638,CR,16.54,1989,CC0_1_0,1020.0
Enchisthenes hartii,665925203,PE,,1983,CC0_1_0,900.0
Enchisthenes hartii,665914142,PE,,2001,CC0_1_0,472.5
Enchisthenes hartii,665865569,CO,,1970,CC0_1_0,1780.5
Enchisthenes hartii,665873366,CO,,1970,CC0_1_0,971.5
Enchisthenes hartii,665900229,CO,,1970,CC0_1_0,2877.0
Enchisthenes hartii,665903904,CO,,1971,CC0_1_0,320.0
Enchisthenes hartii,665916208,PE,,2001,CC0_1_0,1121.0
Enchisthenes hartii,665925472,PE,,1985,CC0_1_0,1713.0
Enchisthenes hartii,665897551,PE,,1985,CC0_1_0,603.5
Enchisthenes hartii,3890565071,CO,,2017,CC_BY_NC_4_0,967.5
Enchisthenes hartii,5089381365,CO,,2024,CC_BY_NC_4_0,1361.5
Enchisthenes hartii,2422214619,CO,,2012,CC_BY_NC_4_0,1047.5
Enchisthenes hartii,2422214888,CO,,2014,CC_BY_NC_4_0,1992.5
Enchisthenes hartii,2422214048,CO,,2003,CC_BY_NC_4_0,1918.0
Enchisthenes hartii,3710474457,CO,,2019,CC_BY_NC_4_0,2185.5
Enchisthenes hartii,5904951032,CO,,2025,CC_BY_NC_4_0,687.5
Enchisthenes hartii,1609371079,CO,,2001,CC_BY_NC_4_0,1641.0
Enchisthenes hartii,3710474045,CO,,2019,CC_BY_NC_4_0,1012.5
Enchisthenes hartii,3436805745,VE,,1971,CC_BY_4_0,2011.0
Enchisthenes hartii,2629043564,PA,,1979,CC_BY_4_0,151.0
Enchisthenes hartii,2629043586,CR,,1989,CC_BY_4_0,456.0
Enchisthenes hartii,2629043620,PA,,1975,CC_BY_4_0,1858.0
Enchisthenes hartii,4174649304,CO,,1988,CC_BY_4_0,893.0
Enchisthenes hartii,4174649305,CO,,1991,CC_BY_4_0,1038.0
Enchisthenes hartii,4174649342,CO,,1993,CC_BY_4_0,996.5
Enchisthenes hartii,4174649363,CO,,1991,CC_BY_4_0,1756.0
Enchisthenes hartii,1418527929,MX,,1983,CC_BY_4_0,1573.0
Enchisthenes hartii,1418525491,MX,,1983,CC_BY_4_0,875.5
Enchisthenes hartii,1418529490,MX,,1978,CC_BY_4_0,902.0
Enchisthenes hartii,1418528229,MX,,1988,CC_BY_4_0,926.0
Enchisthenes hartii,1418526399,MX,,1986,CC_BY_4_0,1099.5
Enchisthenes hartii,1418532397,MX,,1984,CC_BY_4_0,2712.0
Enchisthenes hartii,1893580721,MX,100.0,1998,CC_BY_4_0,1355.0
Enchisthenes hartii,1893580735,MX,100.0,1998,CC_BY_4_0,1543.0
Enchisthenes hartii,1893580780,MX,100.0,1999,CC_BY_4_0,2018.0
Enchisthenes hartii,5898727654,GT,,2019,CC_BY_NC_4_0,896.5
Enchisthenes hartii,5898727928,GT,,2012,CC_BY_NC_4_0,1252.5
Enchisthenes hartii,1676065387,CO,,2014,CC0_1_0,1657.0
Enchisthenes hartii,1895936912,MX,90.0,1999,CC_BY_4_0,1575.5
Enchisthenes hartii,859264824,GT,,2000,CC0_1_0,2065.0
Enchisthenes hartii,859263319,GT,,1980,CC0_1_0,1564.5
Enchisthenes hartii,1418741705,MX,,2007,CC_BY_4_0,1519.5
Enchisthenes hartii,255678300,MX,3508.0,1975,CC0_1_0,2483.5
Enchisthenes hartii,5099442460,BO,25183.0,1985,CC0_1_0,448.0
Enchisthenes hartii,4168618660,MX,90.0,1995,CC_BY_4_0,2199.0
Enchisthenes hartii,4168621491,MX,90.0,1995,CC_BY_4_0,1219.0
Enchisthenes hartii,2630379502,MX,90.0,1982,CC_BY_4_0,1022.5
Enchisthenes hartii,3463351493,CO,,2016,CC_BY_NC_4_0,1995.0
Enchisthenes hartii,1417863837,MX,100.0,2002,CC_BY_4_0,339.5
Enchisthenes hartii,1065420759,EC,27615.0,1970,CC0_1_0,34.0
Enchisthenes hartii,1065417855,CR,4616.0,1973,CC0_1_0,563.5
Enchisthenes hartii,1065346745,MX,530.0,1975,CC0_1_0,872.0
Enchisthenes hartii,1894601794,MX,100.0,1982,CC_BY_4_0,3277.0
Enchisthenes hartii,675741520,VE,,1980,CC0_1_0,1478.5
Enchisthenes hartii,675907667,PE,,1983,CC0_1_0,649.0
Enchisthenes hartii,5180144351,EC,,2022,CC_BY_NC_4_0,1061.0
Enchisthenes hartii,1122690579,PE,,1971,CC_BY_NC_4_0,305.0
Enchisthenes hartii,4169102804,MX,80.0,2000,CC_BY_4_0,1482.0
Enchisthenes hartii,4169266508,MX,474.02,1976,CC_BY_4_0,542.5
Enchisthenes hartii,4169036507,MX,100.0,1972,CC_BY_4_0,273.5
Enchisthenes hartii,3390875760,CO,12.0,2015,CC_BY_NC_4_0,1918.5
Enchisthenes hartii,3390876148,CO,,1982,CC_BY_NC_4_0,2210.5
Enchisthenes hartii,3390876150,CO,,1983,CC_BY_NC_4_0,1803.5
Enchisthenes hartii,3390876151,CO,,1983,CC_BY_NC_4_0,2484.5
Enchisthenes hartii,2650654478,CO,530.0,1999,CC_BY_NC_4_0,2688.5
Enchisthenes hartii,2650654527,CO,220.0,2008,CC_BY_NC_4_0,1569.0
Enchisthenes hartii,2650654548,CO,610.0,2003,CC_BY_NC_4_0,2555.0
Enchisthenes hartii,2650655048,CO,890.0,1998,CC_BY_NC_4_0,2639.0
Enchisthenes hartii,2650655408,CO,6679.0,2008,CC_BY_NC_4_0,609.0
Enchisthenes hartii,2650656144,CO,425.0,2005,CC_BY_NC_4_0,2150.5
Enchisthenes hartii,1898052198,MX,100.0,1983,CC_BY_4_0,1941.5
Enchisthenes hartii,5147230666,GT,30.0,2009,CC0_1_0,1502.5
Enchisthenes hartii,5147070242,PE,1097.0,1984,CC0_1_0,410.5
Enchisthenes hartii,5147229120,GT,100.0,2013,CC0_1_0,1727.5
Enchisthenes hartii,1211821006,SV,,1979,CC_BY_4_0,764.0
Enchisthenes hartii,1211806224,CO,,1975,CC_BY_4_0,474.5
Enchisthenes hartii,686466778,EC,4.95,1971,CC_BY_4_0,320.5
Enchisthenes hartii,686485669,CR,16.54,1990,CC_BY_4_0,1415.0
Enchisthenes hartii,1418249770,MX,100.0,1984,CC_BY_4_0,1420.5
Enchisthenes hartii,1418248736,MX,90.0,2001,CC_BY_4_0,2317.0
Eptesicus brasiliensis,1571716167,CO,544.0,2003,CC_BY_4_0,911.0
Eptesicus brasiliensis,1571716483,CO,4280.0,2002,CC_BY_4_0,1959.5
Eptesicus brasiliensis,1571716891,CO,6110.0,2007,CC_BY_4_0,2844.0
Eptesicus brasiliensis,1571717462,CO,2162.0,2013,CC_BY_4_0,304.0
Eptesicus brasiliensis,1571717478,CO,505.0,2013,CC_BY_4_0,316.0
Eptesicus brasiliensis,1571717498,CO,505.0,2013,CC_BY_4_0,263.0
Eptesicus brasiliensis,1571717697,CO,505.0,2014,CC_BY_4_0,294.5
Eptesicus brasiliensis,1571717911,CO,505.0,2016,CC_BY_4_0,1641.0
Eptesicus brasiliensis,1656007039,CO,210.0,2012,CC_BY_NC_4_0,0.0
Eptesicus brasiliensis,1656007173,CO,273903.0,2015,CC_BY_NC_4_0,206.0
Eptesicus brasiliensis,1317430604,EC,,1990,CC0_1_0,258.0
Eptesicus brasiliensis,3013405587,BR,,1998,CC_BY_4_0,765.5
Eptesicus brasiliensis,3013407514,BR,,1973,CC_BY_4_0,831.5
Eptesicus brasiliensis,45863906,PE,,1971,CC0_1_0,1109.0
Eptesicus brasiliensis,45864018,PE,,1972,CC0_1_0,833.5
Eptesicus brasiliensis,1977887911,CO,,2005,CC0_1_0,104.0
Eptesicus brasiliensis,3068259753,CO,,2005,CC0_1_0,165.0
Eptesicus brasiliensis,919142656,CO,1002.0,2012,CC0_1_0,986.0
Eptesicus brasiliensis,919142950,CO,3569.0,1992,CC0_1_0,2414.5
Eptesicus brasiliensis,919143731,CO,1270.0,2003,CC0_1_0,1750.5
Eptesicus brasiliensis,1078916861,CO,1143.0,1999,CC0_1_0,2294.0
Eptesicus brasiliensis,919142799,CO,1002.0,1989,CC0_1_0,926.5
Eptesicus brasiliensis,1314995416,CO,1626.0,1985,CC_BY_NC_4_0,590.0
Eptesicus brasiliensis,1806450665,CO,3656.0,1988,CC_BY_NC_4_0,458.0
Eptesicus brasiliensis,1314995399,CO,230.0,2003,CC_BY_NC_4_0,1399.5
Eptesicus brasiliensis,1314995404,CO,360.0,1987,CC_BY_NC_4_0,1178.5
Eptesicus brasiliensis,1806449832,CO,3410.0,1988,CC_BY_NC_4_0,484.5
Eptesicus brasiliensis,1806450575,CO,2100.0,1991,CC_BY_NC_4_0,1519.0
Eptesicus brasiliensis,1806451488,CO,1546.79,1991,CC_BY_NC_4_0,2872.5
Eptesicus brasiliensis,1806451521,CO,732.5,1990,CC_BY_NC_4_0,1926.0
Eptesicus brasiliensis,1806452826,CO,766.0,1995,CC_BY_NC_4_0,772.0
Eptesicus brasiliensis,1806453381,CO,511.6,1995,CC_BY_NC_4_0,473.0
Eptesicus brasiliensis,382061444,AR,,1977,CC_BY_4_0,486.0
Eptesicus brasiliensis,382061449,AR,,1977,CC_BY_4_0,160.5
Eptesicus brasiliensis,382061469,AR,,1978,CC_BY_4_0,529.5
Eptesicus brasiliensis,382061495,AR,,1978,CC_BY_4_0,103.0
Eptesicus brasiliensis,382061860,AR,,2003,CC_BY_4_0,19.5
Eptesicus brasiliensis,1821670718,BR,,2003,CC_BY_NC_4_0,823.0
Eptesicus brasiliensis,3008956115,CO,,2004,CC_BY_4_0,1077.0
Eptesicus brasiliensis,3008956262,CO,,2004,CC_BY_4_0,239.0
Eptesicus brasiliensis,665726237,CO,9.61,1978,CC0_1_0,415.0
Eptesicus brasiliensis,665898147,PE,,1999,CC0_1_0,2085.0
Eptesicus brasiliensis,665905621,PE,,1981,CC0_1_0,1738.5
Eptesicus brasiliensis,665863463,CO,,1970,CC0_1_0,963.5
Eptesicus brasiliensis,665862142,EC,7.06,1983,CC0_1_0,328.0
Eptesicus brasiliensis,3890564540,CO,,2017,CC_BY_NC_4_0,967.5
Eptesicus brasiliensis,3890565280,CO,,2016,CC_BY_NC_4_0,2079.5
Eptesicus brasiliensis,1417804757,MX,90.0,1991,CC_BY_4_0,1509.0
Eptesicus brasiliensis,6333563302,NI,,2017,CC_BY_NC_4_0,1235.0
Eptesicus brasiliensis,4026663118,CO,,2015,CC_BY_NC_4_0,388.0
Eptesicus brasiliensis,4026686774,CO,,2021,CC_BY_NC_4_0,86.0
Eptesicus brasiliensis,4026689173,CO,,2021,CC_BY_NC_4_0,1633.0
Eptesicus brasiliensis,4026686603,CO,,2022,CC_BY_NC_4_0,92.5
Eptesicus brasiliensis,4026688861,CO,,2021,CC_BY_NC_4_0,344.0
Eptesicus brasiliensis,5886788969,BR,,2007,CC_BY_NC_4_0,818.0
Eptesicus brasiliensis,859263375,GT,,1981,CC0_1_0,1564.5
Eptesicus brasiliensis,859264859,GT,,2000,CC0_1_0,2997.5
Eptesicus brasiliensis,3306339366,MX,,2006,CC_BY_4_0,1001.5
Eptesicus brasiliensis,919434735,TT,70505.0,1977,CC0_1_0,53.5
Eptesicus brasiliensis,202066309,BR,4046.0,1984,CC0_1_0,1057.0
Eptesicus brasiliensis,4097141334,BR,,2002,CC_BY_NC_4_0,924.5
Eptesicus brasiliensis,5099614663,BO,,1993,CC0_1_0,2618.5
Eptesicus brasiliensis,5099587611,BO,1000.0,1984,CC0_1_0,1227.5
Eptesicus brasiliensis,5099712199,PA,1000.0,2012,CC0_1_0,50.0
Eptesicus brasiliensis,5099727088,EC,,2017,CC0_1_0,139.5
Eptesicus brasiliensis,5099716153,EC,,2017,CC0_1_0,236.5
Eptesicus brasiliensis,5099725141,EC,,2017,CC0_1_0,876.5
Eptesicus brasiliensis,4168613186,MX,100.0,1986,CC_BY_4_0,164.5
Eptesicus brasiliensis,4168619523,MX,100.0,1987,CC_BY_4_0,2014.0
Eptesicus brasiliensis,1639432006,CO,,2016,CC_BY_NC_4_0,2603.0
Eptesicus brasiliensis,4983335343,EC,,2023,CC_BY_4_0,230.0
Eptesicus brasiliensis,675929225,TT,,1983,CC0_1_0,20.5
Eptesicus brasiliensis,675858296,BR,,1973,CC0_1_0,662.0
Eptesicus brasiliensis,5180144374,EC,,2022,CC_BY_NC_4_0,362.0
Eptesicus brasiliensis,1661822457,CO,,2016,CC_BY_NC_4_0,257.5
Eptesicus brasiliensis,2650654777,CO,,2005,CC_BY_NC_4_0,352.0
Eptesicus brasiliensis,2650655414,CO,6679.0,2008,CC_BY_NC_4_0,609.0
Eptesicus brasiliensis,2985623654,CO,,2015,CC_BY_NC_4_0,1513.5
Eptesicus brasiliensis,5147071787,GT,3000.0,1978,CC0_1_0,1923.0
Eptesicus brasiliensis,5147203334,PE,2205.0,1984,CC0_1_0,196.5
Eptesicus brasiliensis,5147077893,TT,6043.0,1977,CC0_1_0,494.5
Eptesicus brasiliensis,5147112666,GT,,2009,CC0_1_0,2568.0
Eptesicus brasiliensis,686485273,PE,6.5,1993,CC_BY_4_0,240.5
Eptesicus furinalis,1321398516,BO,,1994,CC0_1_0,260.5
Eptesicus furinalis,1317852124,GT,,1972,CC0_1_0,7.5
Eptesicus furinalis,1321497949,GY,,1999,CC0_1_0,18.5
Eptesicus furinalis,1894828424,MX,90.0,1970,CC_BY_4_0,1765.0
Eptesicus furinalis,1894828490,MX,90.0,1970,CC_BY_4_0,65.0
Eptesicus furinalis,1894828509,MX,90.0,1974,CC_BY_4_0,319.0
Eptesicus furinalis,2629113405,MX,90.0,1976,CC_BY_4_0,549.5
Eptesicus furinalis,2629091786,MX,90.0,1996,CC_BY_4_0,77.0
Eptesicus furinalis,2629092667,MX,90.0,1976,CC_BY_4_0,18.0
Eptesicus furinalis,2629093379,MX,80.0,1988,CC_BY_4_0,1332.0
Eptesicus furinalis,2629104157,MX,,2000,CC_BY_4_0,9.0
Eptesicus furinalis,2629096196,MX,70.0,1996,CC_BY_4_0,321.5
Eptesicus furinalis,2629103055,MX,100.0,1970,CC_BY_4_0,30.0
Eptesicus furinalis,3994975830,AR,,1972,CC_BY_4_0,217.0
Eptesicus furinalis,1894742761,MX,100.0,1983,CC_BY_4_0,755.0
Eptesicus furinalis,2824258354,BR,,2014,CC_BY_NC_4_0,56.0
Eptesicus furinalis,1676080421,CO,8.0,2015,CC_BY_NC_4_0,1296.0
Eptesicus furinalis,45864318,BO,,1981,CC0_1_0,133.0
Eptesicus furinalis,1897326222,MX,70.0,1970,CC_BY_4_0,334.5
Eptesicus furinalis,3901044581,MX,,2012,CC_BY_4_0,32.0
Eptesicus furinalis,1893481669,MX,705.0,1970,CC_BY_4_0,3.0
Eptesicus furinalis,1806452620,CO,18682.0,1993,CC_BY_NC_4_0,755.5
Eptesicus furinalis,1806452888,CO,511.6,1994,CC_BY_NC_4_0,473.0
Eptesicus furinalis,382061701,AR,,1994,CC_BY_4_0,19.5
Eptesicus furinalis,382061985,AR,,2007,CC_BY_4_0,15.5
Eptesicus furinalis,382061713,AR,,1994,CC_BY_4_0,28.0
Eptesicus furinalis,1821670587,BR,,2008,CC_BY_NC_4_0,164.0
Eptesicus furinalis,1821670674,BR,,2009,CC_BY_NC_4_0,103.0
Eptesicus furinalis,3008956565,CO,,2003,CC_BY_4_0,413.0
Eptesicus furinalis,665726242,CO,9.61,1978,CC0_1_0,415.0
Eptesicus furinalis,665731672,BZ,0.92,1977,CC0_1_0,80.5
Eptesicus furinalis,665890669,BZ,1.42,1977,CC0_1_0,22.0
Eptesicus furinalis,665822934,BZ,1.32,1976,CC0_1_0,3.5
Eptesicus furinalis,665738528,BZ,1.47,1978,CC0_1_0,0.0
Eptesicus furinalis,665822932,BZ,0.92,1976,CC0_1_0,37.5
Eptesicus furinalis,665720032,PE,,1985,CC0_1_0,1713.0
Eptesicus furinalis,665822938,BZ,1.32,1977,CC0_1_0,7.0
Eptesicus furinalis,665754003,BZ,2.35,1973,CC0_1_0,51.0
Eptesicus furinalis,665896792,BZ,0.92,1978,CC0_1_0,60.0
Eptesicus furinalis,3821076526,CO,,2020,CC_BY_NC_4_0,180.0
Eptesicus furinalis,1417794960,MX,80.0,1975,CC_BY_4_0,3.5
Eptesicus furinalis,2266108942,MX,1.0,1973,CC0_1_0,27.0
Eptesicus furinalis,1418529822,MX,,1986,CC_BY_4_0,734.0
Eptesicus furinalis,1418529497,MX,,1978,CC_BY_4_0,902.0
Eptesicus furinalis,1418526334,MX,,1986,CC_BY_4_0,1099.5
Eptesicus furinalis,3024364234,PY,1000.0,1984,CC_BY_NC_4_0,358.5
Eptesicus furinalis,5898728303,GT,,2006,CC_BY_NC_4_0,98.5
Eptesicus furinalis,5898728343,GT,,2011,CC_BY_NC_4_0,522.0
Eptesicus furinalis,5898728650,GT,,2016,CC_BY_NC_4_0,10.5
Eptesicus furinalis,5898728766,GT,,2010,CC_BY_NC_4_0,260.0
Eptesicus furinalis,4026657722,CO,,2013,CC_BY_NC_4_0,128.0
Eptesicus furinalis,4026662539,CO,,2015,CC_BY_NC_4_0,178.5
Eptesicus furinalis,4026670833,CO,,2020,CC_BY_NC_4_0,505.5
Eptesicus furinalis,3356354368,MX,175.0,1997,CC0_1_0,651.0
Eptesicus furinalis,5886787056,BR,,2007,CC_BY_NC_4_0,165.5
Eptesicus furinalis,5886788987,BR,,2011,CC_BY_NC_4_0,97.0
Eptesicus furinalis,1427573854,CO,,2014,CC_BY_NC_4_0,1276.5
Eptesicus furinalis,859263109,GT,,1995,CC0_1_0,271.0
Eptesicus furinalis,3306342282,MX,,2010,CC_BY_4_0,373.0
Eptesicus furinalis,919451132,BZ,1127.0,1979,CC0_1_0,0.0
Eptesicus furinalis,919432138,CR,2844.0,1978,CC0_1_0,531.0
Eptesicus furinalis,919446598,BO,14336.0,1980,CC0_1_0,447.0
Eptesicus furinalis,202066324,AR,,1985,CC0_1_0,806.0
Eptesicus furinalis,202066327,AR,,1985,CC0_1_0,169.0
Eptesicus furinalis,202066397,AR,,1990,CC0_1_0,307.5
Eptesicus furinalis,202066398,AR,1801.0,1991,CC0_1_0,656.0
Eptesicus furinalis,202066341,AR,,1985,CC0_1_0,570.0
Eptesicus furinalis,202066342,AR,301.0,1985,CC0_1_0,375.0
Eptesicus furinalis,202066326,AR,,1984,CC0_1_0,931.0
Eptesicus furinalis,202066328,AR,,1983,CC0_1_0,253.0
Eptesicus furinalis,202066431,AR,,1998,CC0_1_0,1426.5
Eptesicus furinalis,202067364,AR,,2002,CC0_1_0,680.0
Eptesicus furinalis,894783595,AR,,2004,CC0_1_0,951.5
Eptesicus furinalis,894781150,AR,100.0,1990,CC0_1_0,904.5
Eptesicus furinalis,894785161,AR,,1998,CC0_1_0,1129.5
Eptesicus furinalis,4097141301,BR,,1990,CC_BY_NC_4_0,483.0
Eptesicus furinalis,4097141379,BR,,1990,CC_BY_NC_4_0,521.5
Eptesicus furinalis,4097141388,BR,,1990,CC_BY_NC_4_0,574.5
Eptesicus furinalis,5099465681,MX,542.0,1992,CC0_1_0,16.0
Eptesicus furinalis,5099443857,HN,7414.0,1979,CC0_1_0,360.5
Eptesicus furinalis,5099587842,BO,,1986,CC0_1_0,181.5
Eptesicus furinalis,5099452276,CR,3346.0,1991,CC0_1_0,1255.5
Eptesicus furinalis,5099416839,AR,3474.0,1971,CC0_1_0,1296.0
Eptesicus furinalis,5099444211,BO,3553.0,1988,CC0_1_0,370.0
Eptesicus furinalis,5099621107,BO,,1995,CC0_1_0,1568.5
Eptesicus furinalis,5099439468,BO,7557.0,1985,CC0_1_0,307.0
Eptesicus furinalis,2630338023,MX,6440.0,1972,CC_BY_4_0,1598.5
Eptesicus furinalis,2630333979,MX,5270.0,1972,CC_BY_4_0,922.0
Eptesicus furinalis,2630388154,MX,100.0,1977,CC_BY_4_0,77.0
Eptesicus furinalis,4168604418,MX,90.0,1995,CC_BY_4_0,1778.0
Eptesicus furinalis,2630319552,MX,100.0,1977,CC_BY_4_0,399.0
Eptesicus furinalis,2630337102,MX,100.0,1986,CC_BY_4_0,149.5
Eptesicus furinalis,1325916502,MX,1334.0,1973,CC0_1_0,7.0
Eptesicus furinalis,1065383206,MX,606.0,1970,CC0_1_0,576.5
Eptesicus furinalis,1065332345,CR,5469.0,1971,CC0_1_0,8.0
Eptesicus furinalis,675878146,MX,,1980,CC0_1_0,175.0
Eptesicus furinalis,675742589,GF,,1987,CC0_1_0,21.0
Eptesicus furinalis,675851121,MX,,1977,CC0_1_0,120.0
Eptesicus furinalis,1894596434,MX,90.0,1998,CC_BY_4_0,59.0
Eptesicus furinalis,675904033,CR,,1982,CC0_1_0,1273.5
Eptesicus furinalis,675909167,HN,,1983,CC0_1_0,961.5
Eptesicus furinalis,675741564,VE,,1980,CC0_1_0,1478.5
Eptesicus furinalis,675851126,MX,,1977,CC0_1_0,44.0
Eptesicus furinalis,675849304,MX,,1976,CC0_1_0,0.0
Eptesicus furinalis,675909174,HN,,1983,CC0_1_0,526.0
Eptesicus furinalis,675853478,NI,,1978,CC0_1_0,18.5
Eptesicus furinalis,675909177,HN,,1983,CC0_1_0,5.0
Eptesicus furinalis,675880951,MX,,1979,CC0_1_0,884.5
Eptesicus furinalis,1122697545,VE,,1981,CC_BY_NC_4_0,102.0
Eptesicus furinalis,1122691175,BZ,,1973,CC_BY_NC_4_0,403.0
Eptesicus furinalis,1122708882,AR,,1995,CC_BY_NC_4_0,638.5
Eptesicus furinalis,2573304999,BZ,424.0,2014,CC_BY_NC_4_0,6.0
Eptesicus furinalis,476856076,NI,297465.0,1996,CC_BY_NC_4_0,119.5
Eptesicus furinalis,4169238969,MX,70.0,1994,CC_BY_4_0,424.0
Eptesicus furinalis,4169237721,MX,80.0,1985,CC_BY_4_0,82.0
Eptesicus furinalis,4169242336,MX,90.0,2005,CC_BY_4_0,6.0
Eptesicus furinalis,4168938090,MX,100.0,1982,CC_BY_4_0,5.0
Eptesicus furinalis,4169229635,MX,80.0,1992,CC_BY_4_0,3.0
Eptesicus furinalis,4169272141,MX,90.0,1988,CC_BY_4_0,44.0
Eptesicus furinalis,4169256378,MX,100.0,1980,CC_BY_4_0,123.5
Eptesicus furinalis,4169258410,MX,100.0,1986,CC_BY_4_0,19.0
Eptesicus furinalis,4169270199,MX,100.0,1980,CC_BY_4_0,232.0
Eptesicus furinalis,1898050287,MX,90.0,2004,CC_BY_4_0,72.0
Eptesicus furinalis,1898050330,MX,,2002,CC_BY_4_0,269.5
Eptesicus furinalis,1898050295,MX,,2000,CC_BY_4_0,34.5
Eptesicus furinalis,1898050377,MX,,2002,CC_BY_4_0,137.0
Eptesicus furinalis,1898050311,MX,,2012,CC_BY_4_0,147.5
Eptesicus furinalis,1898050329,MX,,2004,CC_BY_4_0,356.0
Eptesicus furinalis,1898050338,MX,80.0,1995,CC_BY_4_0,1.0
Eptesicus furinalis,859492442,BO,,1991,CC0_1_0,284.0
Eptesicus furinalis,859396254,BO,,1985,CC0_1_0,296.0
Eptesicus furinalis,5147312327,PY,11510.0,1973,CC0_1_0,102.0
Eptesicus furinalis,5146969339,PY,12171.0,1973,CC0_1_0,75.0
Eptesicus furinalis,5147423893,MX,1543.0,1977,CC0_1_0,47.5
Eptesicus furinalis,5146968340,PY,5490.0,1972,CC0_1_0,100.0
Eptesicus furinalis,5147315332,PY,12012.0,1972,CC0_1_0,106.5
Eptesicus furinalis,5147427333,PY,11512.0,1973,CC0_1_0,105.0
Eptesicus furinalis,5147071903,MX,1913.0,1977,CC0_1_0,40.5
Eptesicus furinalis,5147428338,PY,11514.0,1972,CC0_1_0,110.0
Eptesicus furinalis,5147077334,PY,12012.0,1972,CC0_1_0,58.0
Eptesicus furinalis,5146968341,PY,11509.0,1973,CC0_1_0,94.0
Eptesicus furinalis,1418250577,MX,100.0,1984,CC_BY_4_0,15.5
Eptesicus furinalis,1418250246,MX,70.0,1993,CC_BY_4_0,135.0
Eumops auripendulus,1571716854,CO,505.0,2007,CC_BY_4_0,763.0
Eumops auripendulus,5103755283,EC,,2008,CC_BY_NC_4_0,459.0
Eumops auripendulus,665822973,BZ,1.32,1974,CC0_1_0,7.0
Eumops auripendulus,5904951306,CO,,2022,CC_BY_NC_4_0,930.5
Eumops auripendulus,5904951574,CO,,2023,CC_BY_NC_4_0,72.0
Eumops auripendulus,3350077614,EC,,1996,CC_BY_4_0,249.0
Eumops auripendulus,3349616005,GY,,1997,CC_BY_4_0,72.0
Eumops auripendulus,865725839,PY,1000.0,1985,CC_BY_4_0,133.0
Eumops auripendulus,3024414988,PY,1000.0,1984,CC_BY_NC_4_0,217.0
Eumops auripendulus,5898728310,GT,,2006,CC_BY_NC_4_0,164.5
Eumops auripendulus,919448014,BO,14336.0,1979,CC0_1_0,447.0
Eumops auripendulus,4097141626,BR,,2002,CC_BY_NC_4_0,924.5
Eumops auripendulus,5099443466,BO,25183.0,1985,CC0_1_0,448.0
Eumops auripendulus,5099440315,BO,11464.0,1984,CC0_1_0,278.5
Eumops auripendulus,1894590525,MX,100.0,1971,CC_BY_4_0,176.5
Eumops auripendulus,1122694676,VE,,1974,CC_BY_NC_4_0,193.0
Eumops auripendulus,1122694704,VE,,1974,CC_BY_NC_4_0,229.5
Eumops auripendulus,3390875506,CO,,1981,CC_BY_NC_4_0,1473.5
Eumops auripendulus,859372036,BO,,1984,CC0_1_0,256.0
Eumops auripendulus,859500520,BO,,1985,CC0_1_0,302.0
Eumops auripendulus,3962880314,CO,30.0,2022,CC_BY_NC_4_0,168.5
Eumops auripendulus,5147074345,PY,12012.0,1972,CC0_1_0,106.5
Eumops auripendulus,5147071352,PY,10497.0,1972,CC0_1_0,61.0
Eumops auripendulus,1211792451,CO,,1971,CC_BY_4_0,747.0
Eumops auripendulus,1323932998,GY,,1994,CC_BY_4_0,79.5
Eumops glaucinus,3013406373,BR,,1976,CC_BY_4_0,35.0
Eumops glaucinus,919144020,CO,36142.0,1986,CC0_1_0,502.0
Eumops glaucinus,3463354308,CO,,2021,CC_BY_NC_4_0,177.0
Eumops glaucinus,1314994308,CO,74.0,1976,CC_BY_NC_4_0,465.0
Eumops glaucinus,3710473498,CO,,2021,CC_BY_NC_4_0,123.0
Eumops glaucinus,3710474718,CO,,2018,CC_BY_NC_4_0,113.0
Eumops glaucinus,865725838,PY,1000.0,1985,CC_BY_4_0,133.0
Eumops glaucinus,865725847,PY,1000.0,1979,CC_BY_4_0,91.0
Eumops glaucinus,865725824,PY,1000.0,1984,CC_BY_4_0,96.0
Eumops glaucinus,865725772,PY,10000.0,1987,CC_BY_4_0,94.0
Eumops glaucinus,865725777,PY,1000.0,1987,CC_BY_4_0,130.5
Eumops glaucinus,865725849,PY,1000.0,1979,CC_BY_4_0,209.0
Eumops glaucinus,4026657729,CO,,2013,CC_BY_NC_4_0,128.0
Eumops glaucinus,4026685681,CO,,2021,CC_BY_NC_4_0,147.0
Eumops glaucinus,919446477,BO,14336.0,1980,CC0_1_0,447.0
Eumops glaucinus,1323972821,BR,,1996,CC_BY_4_0,684.5
Eumops glaucinus,1323972959,BR,,1989,CC_BY_4_0,14.5
Eumops glaucinus,675858329,CO,,1973,CC0_1_0,235.5
Eumops glaucinus,3390875495,CO,,1990,CC_BY_NC_4_0,263.5
Eumops glaucinus,2985623495,CO,,2016,CC_BY_NC_4_0,147.5
Eumops glaucinus,1211796874,GY,,1974,CC_BY_4_0,193.5
Eumops glaucinus,1211805455,CO,,1970,CC_BY_4_0,184.0
Eumops glaucinus,1211807880,CO,,1970,CC_BY_4_0,474.5
Eumops glaucinus,5147191345,PY,11512.0,1973,CC0_1_0,105.0
Eumops glaucinus,1211795191,GY,,1970,CC_BY_4_0,113.0
Glossophaga commissarisi,1571716595,CO,1575.0,2005,CC_BY_4_0,975.0
Glossophaga commissarisi,1571716707,CO,544.0,2005,CC_BY_4_0,326.0
Glossophaga commissarisi,1571717133,CO,544.0,2008,CC_BY_4_0,802.0
Glossophaga commissarisi,1571717475,CO,505.0,2014,CC_BY_4_0,3.0
Glossophaga commissarisi,1571717505,CO,983.0,2014,CC_BY_4_0,1111.5
Glossophaga commissarisi,1571717636,CO,505.0,2014,CC_BY_4_0,242.5
Glossophaga commissarisi,2863950547,GT,301.0,1999,CC_BY_NC_4_0,512.5
Glossophaga commissarisi,2863950549,GT,110530.0,1989,CC_BY_NC_4_0,1529.5
Glossophaga commissarisi,3032605314,GT,,2011,CC_BY_NC_4_0,272.5
Glossophaga commissarisi,3032605315,GT,,2011,CC_BY_NC_4_0,201.5
Glossophaga commissarisi,3052458305,GT,210.0,2000,CC_BY_NC_4_0,13.5
Glossophaga commissarisi,1893358448,MX,90.0,1991,CC_BY_4_0,361.0
Glossophaga commissarisi,1893358532,MX,100.0,1991,CC_BY_4_0,563.0
Glossophaga commissarisi,1893358572,MX,90.0,1991,CC_BY_4_0,40.5
Glossophaga commissarisi,1321778259,GT,,1972,CC0_1_0,7.5
Glossophaga commissarisi,5101576066,MX,,2016,CC_BY_4_0,1105.0
Glossophaga commissarisi,1894908819,MX,100.0,1977,CC_BY_4_0,207.0
Glossophaga commissarisi,2629089402,MX,100.0,1972,CC_BY_4_0,530.0
Glossophaga commissarisi,2629100464,MX,100.0,1983,CC_BY_4_0,990.5
Glossophaga commissarisi,2629096352,MX,90.0,1991,CC_BY_4_0,1044.5
Glossophaga commissarisi,2629086249,MX,100.0,1973,CC_BY_4_0,552.5
Glossophaga commissarisi,2629091371,MX,110.0,1982,CC_BY_4_0,5.0
Glossophaga commissarisi,2629109565,MX,100.0,1972,CC_BY_4_0,592.5
Glossophaga commissarisi,2629100113,MX,100.0,1991,CC_BY_4_0,150.5
Glossophaga commissarisi,2629104995,MX,100.0,1991,CC_BY_4_0,981.0
Glossophaga commissarisi,2629111266,MX,100.0,1983,CC_BY_4_0,720.5
Glossophaga commissarisi,4168651739,MX,100.0,2003,CC_BY_4_0,758.0
Glossophaga commissarisi,4168651495,MX,100.0,2001,CC_BY_4_0,461.0
Glossophaga commissarisi,45866607,PE,,1984,CC0_1_0,79.5
Glossophaga commissarisi,45866516,PA,,1983,CC0_1_0,1365.0
Glossophaga commissarisi,45866611,CR,,1984,CC0_1_0,67.0
Glossophaga commissarisi,45866612,CR,,1984,CC0_1_0,719.5
Glossophaga commissarisi,45866968,CR,,1988,CC0_1_0,83.0
Glossophaga commissarisi,3901046256,MX,,2009,CC_BY_4_0,538.5
Glossophaga commissarisi,3901054301,MX,,2020,CC_BY_4_0,369.5
Glossophaga commissarisi,1893498660,MX,2578.0,1977,CC_BY_4_0,386.0
Glossophaga commissarisi,1893498676,MX,1390.02,1977,CC_BY_4_0,436.0
Glossophaga commissarisi,1893498825,MX,3300.0,1975,CC_BY_4_0,122.5
Glossophaga commissarisi,1893498627,MX,512.02,1975,CC_BY_4_0,0.0
Glossophaga commissarisi,1314989567,CO,2195.0,1979,CC_BY_NC_4_0,31.5
Glossophaga commissarisi,665889500,BZ,0.92,1976,CC0_1_0,35.0
Glossophaga commissarisi,665717423,BZ,0.57,1977,CC0_1_0,51.5
Glossophaga commissarisi,665903093,CR,5.35,1974,CC0_1_0,5.0
Glossophaga commissarisi,3821076538,CO,,2022,CC_BY_NC_4_0,196.0
Glossophaga commissarisi,1895767104,MX,50.0,1997,CC_BY_4_0,628.0
Glossophaga commissarisi,1417807456,MX,,1992,CC_BY_4_0,216.0
Glossophaga commissarisi,1417807304,MX,,1992,CC_BY_4_0,216.0
Glossophaga commissarisi,3349970542,PA,,1995,CC_BY_4_0,1182.5
Glossophaga commissarisi,3350000429,GT,,1991,CC_BY_4_0,59.5
Glossophaga commissarisi,3346873668,CR,,1997,CC_BY_4_0,16.0
Glossophaga commissarisi,3350001497,PA,,1995,CC_BY_4_0,813.5
Glossophaga commissarisi,3346826518,GT,,1991,CC_BY_4_0,204.0
Glossophaga commissarisi,1142102977,NI,10000.0,1983,CC_BY_4_0,491.5
Glossophaga commissarisi,1142102982,NI,1000.0,1983,CC_BY_4_0,88.5
Glossophaga commissarisi,2266096900,MX,1.0,1986,CC0_1_0,933.5
Glossophaga commissarisi,4168466713,MX,,1997,CC_BY_4_0,120.5
Glossophaga commissarisi,1893584498,MX,110.0,1994,CC_BY_4_0,21.5
Glossophaga commissarisi,1893584654,MX,100.0,1998,CC_BY_4_0,1424.0
Glossophaga commissarisi,5898727467,GT,,2012,CC_BY_NC_4_0,441.0
Glossophaga commissarisi,5898728491,GT,,2010,CC_BY_NC_4_0,1588.0
Glossophaga commissarisi,1895935037,MX,90.0,1998,CC_BY_4_0,1336.0
Glossophaga commissarisi,859262934,GT,,1998,CC0_1_0,1423.5
Glossophaga commissarisi,859262951,GT,,1998,CC0_1_0,700.0
Glossophaga commissarisi,859263886,GT,,1995,CC0_1_0,300.0
Glossophaga commissarisi,859267139,GT,,2005,CC0_1_0,1679.0
Glossophaga commissarisi,859265621,GT,,2004,CC0_1_0,1321.5
Glossophaga commissarisi,859265640,GT,,1999,CC0_1_0,157.0
Glossophaga commissarisi,859262931,GT,,1999,CC0_1_0,18.0
Glossophaga commissarisi,859262936,GT,,1990,CC0_1_0,135.0
Glossophaga commissarisi,859262963,GT,,1999,CC0_1_0,1415.0
Glossophaga commissarisi,859262988,GT,,1978,CC0_1_0,1564.5
Glossophaga commissarisi,859262992,GT,,1989,CC0_1_0,13.5
Glossophaga commissarisi,859263889,GT,,1991,CC0_1_0,963.5
Glossophaga commissarisi,3306341970,MX,,2015,CC_BY_4_0,1165.0
Glossophaga commissarisi,3306342709,MX,,2014,CC_BY_4_0,314.0
Glossophaga commissarisi,3306341651,MX,,2010,CC_BY_4_0,192.0
Glossophaga commissarisi,919436385,CR,2844.0,1978,CC0_1_0,531.0
Glossophaga commissarisi,202069267,MX,,1999,CC0_1_0,5.0
Glossophaga commissarisi,202069268,MX,,1997,CC0_1_0,44.5
Glossophaga commissarisi,202069272,MX,901.0,1998,CC0_1_0,983.0
Glossophaga commissarisi,202069519,MX,3036.0,1976,CC0_1_0,768.5
Glossophaga commissarisi,5099701196,PA,100.0,2015,CC0_1_0,14.5
Glossophaga commissarisi,5099431433,HN,6572.0,1981,CC0_1_0,0.0
Glossophaga commissarisi,5099710205,PA,100.0,2014,CC0_1_0,86.0
Glossophaga commissarisi,5099693603,PA,100.0,2015,CC0_1_0,111.0
Glossophaga commissarisi,5099654386,PA,,2012,CC0_1_0,19.5
Glossophaga commissarisi,5099417718,MX,7130.0,1971,CC0_1_0,5.0
Glossophaga commissarisi,5099720750,PA,100.0,2023,CC0_1_0,156.5
Glossophaga commissarisi,5099727149,EC,,2017,CC0_1_0,250.5
Glossophaga commissarisi,2630342893,MX,100.0,1991,CC_BY_4_0,696.0
Glossophaga commissarisi,2630374563,MX,100.0,1981,CC_BY_4_0,96.0
Glossophaga commissarisi,2630341862,MX,100.0,1991,CC_BY_4_0,635.5
Glossophaga commissarisi,2630348929,MX,90.0,1991,CC_BY_4_0,178.0
Glossophaga commissarisi,2630374555,MX,110.0,1970,CC_BY_4_0,502.0
Glossophaga commissarisi,2630391874,MX,100.0,1991,CC_BY_4_0,164.0
Glossophaga commissarisi,2630324316,MX,90.0,1991,CC_BY_4_0,610.5
Glossophaga commissarisi,2630340965,MX,100.0,1991,CC_BY_4_0,22.0
Glossophaga commissarisi,2630343801,MX,100.0,1991,CC_BY_4_0,701.0
Glossophaga commissarisi,4168612506,MX,100.0,1973,CC_BY_4_0,1271.0
Glossophaga commissarisi,2630378558,MX,110.0,1970,CC_BY_4_0,106.5
Glossophaga commissarisi,2630393844,MX,100.0,1991,CC_BY_4_0,121.5
Glossophaga commissarisi,2630401815,MX,100.0,1991,CC_BY_4_0,654.0
Glossophaga commissarisi,4168620936,MX,90.0,1994,CC_BY_4_0,298.5
Glossophaga commissarisi,4168610682,MX,100.0,1973,CC_BY_4_0,1719.5
Glossophaga commissarisi,2630374535,MX,100.0,1981,CC_BY_4_0,213.0
Glossophaga commissarisi,4168605015,MX,100.0,1973,CC_BY_4_0,618.5
Glossophaga commissarisi,4168621291,MX,100.0,1973,CC_BY_4_0,64.0
Glossophaga commissarisi,2630336191,MX,90.0,1989,CC_BY_4_0,672.5
Glossophaga commissarisi,2630344885,MX,100.0,1991,CC_BY_4_0,544.5
Glossophaga commissarisi,2630344899,MX,100.0,1991,CC_BY_4_0,1104.5
Glossophaga commissarisi,2630345924,MX,100.0,1991,CC_BY_4_0,1084.0
Glossophaga commissarisi,2630345928,MX,100.0,1991,CC_BY_4_0,525.0
Glossophaga commissarisi,2630392949,MX,100.0,1991,CC_BY_4_0,594.0
Glossophaga commissarisi,4168604315,MX,90.0,1973,CC_BY_4_0,298.5
Glossophaga commissarisi,2630333977,MX,100.0,1987,CC_BY_4_0,614.0
Glossophaga commissarisi,2630396831,MX,100.0,1991,CC_BY_4_0,890.5
Glossophaga commissarisi,4168618447,MX,100.0,1987,CC_BY_4_0,20.0
Glossophaga commissarisi,2630391929,MX,100.0,1991,CC_BY_4_0,284.5
Glossophaga commissarisi,2630396790,MX,100.0,1991,CC_BY_4_0,158.5
Glossophaga commissarisi,2630399844,MX,100.0,1991,CC_BY_4_0,901.0
Glossophaga commissarisi,1417864019,MX,100.0,2002,CC_BY_4_0,260.5
Glossophaga commissarisi,1065334993,MX,6752.0,1985,CC0_1_0,15.0
Glossophaga commissarisi,1065399801,CR,1202.0,1971,CC0_1_0,165.5
Glossophaga commissarisi,1065353966,MX,4548.0,1985,CC0_1_0,513.5
Glossophaga commissarisi,1065421259,CR,7137.0,1971,CC0_1_0,19.0
Glossophaga commissarisi,1894598380,MX,90.0,1995,CC_BY_4_0,1129.0
Glossophaga commissarisi,1894598414,MX,100.0,1982,CC_BY_4_0,603.0
Glossophaga commissarisi,1894598431,MX,100.0,1998,CC_BY_4_0,12.0
Glossophaga commissarisi,1894598450,MX,100.0,1972,CC_BY_4_0,554.5
Glossophaga commissarisi,1894598476,MX,100.0,1975,CC_BY_4_0,0.0
Glossophaga commissarisi,675941792,HN,,1983,CC0_1_0,794.0
Glossophaga commissarisi,675911302,HN,,1983,CC0_1_0,1238.5
Glossophaga commissarisi,675911352,HN,,1983,CC0_1_0,526.0
Glossophaga commissarisi,675911299,HN,,1983,CC0_1_0,961.5
Glossophaga commissarisi,675846302,MX,,1976,CC0_1_0,0.0
Glossophaga commissarisi,675844155,MX,,1976,CC0_1_0,0.0
Glossophaga commissarisi,675855888,MX,,1978,CC0_1_0,9.0
Glossophaga commissarisi,675911423,HN,,1983,CC0_1_0,22.0
Glossophaga commissarisi,675861664,NI,,1978,CC0_1_0,18.5
Glossophaga commissarisi,675911430,HN,,1983,CC0_1_0,0.0
Glossophaga commissarisi,1122701950,CR,,1984,CC_BY_NC_4_0,140.5
Glossophaga commissarisi,4169063940,MX,90.0,1999,CC_BY_4_0,48.5
Glossophaga commissarisi,4169237049,MX,600.0,1986,CC_BY_4_0,713.0
Glossophaga commissarisi,4169212749,MX,90.0,2001,CC_BY_4_0,642.5
Glossophaga commissarisi,4169254127,MX,,1976,CC_BY_4_0,1291.5
Glossophaga commissarisi,4169012687,MX,,1973,CC_BY_4_0,1291.5
Glossophaga commissarisi,4169256628,MX,,1999,CC_BY_4_0,7.0
Glossophaga commissarisi,4169220943,MX,90.0,1986,CC_BY_4_0,851.0
Glossophaga commissarisi,4169227401,MX,,1970,CC_BY_4_0,255.0
Glossophaga commissarisi,4168974488,MX,100.0,1980,CC_BY_4_0,210.0
Glossophaga commissarisi,4169274690,MX,,1976,CC_BY_4_0,715.5
Glossophaga commissarisi,4169151592,MX,100.0,2008,CC_BY_4_0,28.0
Glossophaga commissarisi,4169267199,MX,100.0,1985,CC_BY_4_0,57.0
Glossophaga commissarisi,4168962263,MX,90.0,1999,CC_BY_4_0,282.0
Glossophaga commissarisi,4169246360,MX,100.0,1982,CC_BY_4_0,1980.0
Glossophaga commissarisi,3390875331,CO,,1974,CC_BY_NC_4_0,18.0
Glossophaga commissarisi,3390875338,CO,,1980,CC_BY_NC_4_0,159.0
Glossophaga commissarisi,3390875342,CO,,1981,CC_BY_NC_4_0,16.5
Glossophaga commissarisi,3390875343,CO,,1980,CC_BY_NC_4_0,51.5
Glossophaga commissarisi,1898052504,MX,90.0,1993,CC_BY_4_0,397.5
Glossophaga commissarisi,1898051526,MX,,2011,CC_BY_4_0,273.5
Glossophaga commissarisi,1898051559,MX,,2011,CC_BY_4_0,119.0
Glossophaga commissarisi,1898051571,MX,,2010,CC_BY_4_0,1228.5
Glossophaga commissarisi,1898052487,MX,90.0,1991,CC_BY_4_0,430.0
Glossophaga commissarisi,1898052446,MX,100.0,1995,CC_BY_4_0,645.0
Glossophaga commissarisi,1898051560,MX,,2008,CC_BY_4_0,243.0
Glossophaga commissarisi,1898051570,MX,,2008,CC_BY_4_0,927.5
Glossophaga commissarisi,1898051573,MX,100.0,2005,CC_BY_4_0,1572.5
Glossophaga commissarisi,1898052450,MX,100.0,1995,CC_BY_4_0,1189.0
Glossophaga commissarisi,1894145939,MX,90.0,1986,CC_BY_4_0,460.5
Glossophaga commissarisi,1894146004,MX,90.0,1986,CC_BY_4_0,199.5
Glossophaga commissarisi,1894146031,MX,90.0,1986,CC_BY_4_0,654.5
Glossophaga commissarisi,1894145965,MX,90.0,1986,CC_BY_4_0,399.0
Glossophaga commissarisi,5147071785,GT,2000.0,1978,CC0_1_0,205.0
Glossophaga commissarisi,5146970891,MX,1513.0,1977,CC0_1_0,84.5
Glossophaga commissarisi,5146967493,GT,3000.0,1971,CC0_1_0,113.0
Glossophaga commissarisi,5147110766,GT,500.0,2011,CC0_1_0,522.0
Glossophaga commissarisi,1211821411,SV,,1980,CC_BY_4_0,1847.0
Glossophaga commissarisi,1211822283,MX,,1990,CC_BY_4_0,887.5
Glossophaga commissarisi,1211820965,SV,,1971,CC_BY_4_0,599.0
Glossophaga commissarisi,1211818158,CR,,1986,CC_BY_4_0,183.5
Glossophaga commissarisi,1211821126,SV,,1993,CC_BY_4_0,240.5
Glossophaga commissarisi,5146968783,GT,4000.0,1978,CC0_1_0,48.0
Glossophaga commissarisi,686469834,CR,3.79,1988,CC_BY_4_0,387.0
Glossophaga commissarisi,686490672,NI,1.3,2003,CC_BY_4_0,169.0
Glossophaga commissarisi,686462286,CR,16.54,1973,CC_BY_4_0,1415.0
Glossophaga commissarisi,686485740,CR,4.85,2000,CC_BY_4_0,59.5
Glossophaga commissarisi,686493698,CR,2.5,2006,CC_BY_4_0,51.0
Glossophaga commissarisi,48048816,MX,,1971,CC0_1_0,59.5
Glossophaga commissarisi,1418245330,MX,100.0,2003,CC_BY_4_0,1931.0
Glossophaga commissarisi,1418248881,MX,100.0,1980,CC_BY_4_0,274.5
Glossophaga commissarisi,1418242314,MX,90.0,1977,CC_BY_4_0,995.0
Glossophaga commissarisi,1418246285,MX,90.0,1994,CC_BY_4_0,994.0
Glossophaga commissarisi,1418242533,MX,100.0,1980,CC_BY_4_0,821.5
Glossophaga commissarisi,1418245172,MX,90.0,1989,CC_BY_4_0,119.0
Glossophaga commissarisi,1418248924,MX,100.0,2002,CC_BY_4_0,74.5
Glossophaga commissarisi,1418244281,MX,90.0,1980,CC_BY_4_0,1011.0
Glossophaga commissarisi,1418243759,MX,90.0,2009,CC_BY_4_0,458.0
Glossophaga commissarisi,1418249362,MX,90.0,1995,CC_BY_4_0,507.5
Glossophaga leachii,1987343084,GT,2123.0,1970,CC_BY_NC_4_0,876.0
Glossophaga leachii,2863950552,GT,3036.0,1980,CC_BY_NC_4_0,1625.5
Glossophaga leachii,1894826805,MX,90.0,1970,CC_BY_4_0,93.0
Glossophaga leachii,2629082950,MX,90.0,1985,CC_BY_4_0,2180.0
Glossophaga leachii,2629116335,MX,100.0,1973,CC_BY_4_0,637.5
Glossophaga leachii,2629114216,MX,100.0,1982,CC_BY_4_0,1107.0
Glossophaga leachii,2629085207,MX,90.0,1985,CC_BY_4_0,704.5
Glossophaga leachii,2629089606,MX,90.0,1976,CC_BY_4_0,1222.0
Glossophaga leachii,2629103211,MX,100.0,1973,CC_BY_4_0,532.5
Glossophaga leachii,2629084312,MX,90.0,1977,CC_BY_4_0,1440.5
Glossophaga leachii,2629091794,MX,90.0,1992,CC_BY_4_0,522.5
Glossophaga leachii,2629104898,MX,90.0,1985,CC_BY_4_0,1385.0
Glossophaga leachii,2629079572,MX,90.0,1985,CC_BY_4_0,1142.0
Glossophaga leachii,2629082831,MX,90.0,1998,CC_BY_4_0,1503.0
Glossophaga leachii,2629098530,MX,100.0,1991,CC_BY_4_0,981.0
Glossophaga leachii,2629088250,MX,100.0,1977,CC_BY_4_0,558.5
Glossophaga leachii,2629089185,MX,100.0,1997,CC_BY_4_0,17.0
Glossophaga leachii,2629104601,MX,100.0,1971,CC_BY_4_0,194.0
Glossophaga leachii,2629112866,MX,100.0,1973,CC_BY_4_0,552.5
Glossophaga leachii,2629114163,MX,100.0,1991,CC_BY_4_0,288.5
Glossophaga leachii,2629114345,MX,100.0,1998,CC_BY_4_0,254.0
Glossophaga leachii,1417796607,MX,100.0,1984,CC_BY_4_0,270.0
Glossophaga leachii,1417804471,MX,90.0,1990,CC_BY_4_0,609.0
Glossophaga leachii,3350140487,SV,,1993,CC_BY_4_0,240.5
Glossophaga leachii,3349954490,GT,,1992,CC_BY_4_0,291.5
Glossophaga leachii,1142102973,NI,1000.0,1983,CC_BY_4_0,42.5
Glossophaga leachii,1142102951,NI,10000.0,1983,CC_BY_4_0,491.5
Glossophaga leachii,1418521175,MX,,1984,CC_BY_4_0,1736.5
Glossophaga leachii,1418529540,MX,,1978,CC_BY_4_0,902.0
Glossophaga leachii,1418531274,MX,,1970,CC_BY_4_0,87.0
Glossophaga leachii,1418525002,MX,,1989,CC_BY_4_0,1501.5
Glossophaga leachii,1418527438,MX,,1980,CC_BY_4_0,751.5
Glossophaga leachii,1418530059,MX,,1980,CC_BY_4_0,935.0
Glossophaga leachii,1893575347,MX,100.0,1998,CC_BY_4_0,1355.0
Glossophaga leachii,1893575465,MX,90.0,1998,CC_BY_4_0,997.5
Glossophaga leachii,1895936560,MX,90.0,1974,CC_BY_4_0,1840.0
Glossophaga leachii,859263520,GT,,2003,CC0_1_0,831.5
Glossophaga leachii,859262941,GT,,1990,CC0_1_0,135.0
Glossophaga leachii,859263923,GT,,1995,CC0_1_0,1471.5
Glossophaga leachii,859267176,GT,,2008,CC0_1_0,355.0
Glossophaga leachii,3306339872,MX,,2014,CC_BY_4_0,314.0
Glossophaga leachii,3306342678,MX,,2011,CC_BY_4_0,140.5
Glossophaga leachii,3306342964,MX,,1997,CC_BY_4_0,1595.0
Glossophaga leachii,1418740247,MX,,2007,CC_BY_4_0,1009.5
Glossophaga leachii,919420927,BZ,2564.0,1971,CC0_1_0,135.5
Glossophaga leachii,2630349714,MX,100.0,1991,CC_BY_4_0,718.0
Glossophaga leachii,2630388892,MX,90.0,1985,CC_BY_4_0,931.0
Glossophaga leachii,2630401040,MX,100.0,1991,CC_BY_4_0,81.0
Glossophaga leachii,2630335897,MX,90.0,1985,CC_BY_4_0,229.5
Glossophaga leachii,2630331028,MX,100.0,1987,CC_BY_4_0,614.0
Glossophaga leachii,2630374564,MX,100.0,1981,CC_BY_4_0,187.0
Glossophaga leachii,2630336193,MX,90.0,1989,CC_BY_4_0,188.5
Glossophaga leachii,2630340930,MX,100.0,1991,CC_BY_4_0,479.5
Glossophaga leachii,4168615674,MX,90.0,1994,CC_BY_4_0,298.5
Glossophaga leachii,2630383126,MX,90.0,1988,CC_BY_4_0,672.5
Glossophaga leachii,2630401835,MX,100.0,1991,CC_BY_4_0,104.0
Glossophaga leachii,675911567,HN,,1983,CC0_1_0,1238.5
Glossophaga leachii,675911564,HN,,1983,CC0_1_0,961.5
Glossophaga leachii,675860848,MX,,1978,CC0_1_0,9.0
Glossophaga leachii,675911608,HN,,1983,CC0_1_0,22.0
Glossophaga leachii,675911575,HN,,1983,CC0_1_0,5.0
Glossophaga leachii,4169091554,MX,90.0,1978,CC_BY_4_0,897.0
Glossophaga leachii,4169268095,MX,90.0,1976,CC_BY_4_0,89.0
Glossophaga leachii,4169135840,MX,90.0,1984,CC_BY_4_0,1635.0
Glossophaga leachii,4169012714,MX,,1986,CC_BY_4_0,328.5
Glossophaga leachii,4168937747,MX,90.0,2003,CC_BY_4_0,1948.5
Glossophaga leachii,4169242795,MX,100.0,1973,CC_BY_4_0,57.0
Glossophaga leachii,4168900115,MX,100.0,2007,CC_BY_4_0,19.0
Glossophaga leachii,4169172962,MX,90.0,2001,CC_BY_4_0,993.0
Glossophaga leachii,4169248120,MX,100.0,1982,CC_BY_4_0,631.5
Glossophaga leachii,4169207044,MX,90.0,1988,CC_BY_4_0,62.0
Glossophaga leachii,4169211233,MX,100.0,2009,CC_BY_4_0,16.0
Glossophaga leachii,4169247248,MX,100.0,2000,CC_BY_4_0,831.0
Glossophaga leachii,4169271356,MX,90.0,1970,CC_BY_4_0,1213.5
Glossophaga leachii,1898053319,MX,90.0,1984,CC_BY_4_0,653.0
Glossophaga leachii,5147225780,GT,500.0,2011,CC0_1_0,522.0
Glossophaga leachii,1211821697,GT,,1990,CC_BY_4_0,360.0
Glossophaga leachii,5147311777,GT,6000.0,1978,CC0_1_0,1169.0
Glossophaga leachii,686485982,CR,8.19,1988,CC_BY_4_0,390.0
Glossophaga leachii,686485690,CR,1.5,1997,CC_BY_4_0,28.5
Glossophaga leachii,1418251444,MX,90.0,1989,CC_BY_4_0,848.0
Glossophaga leachii,1418242637,MX,100.0,1995,CC_BY_4_0,2100.0
Glossophaga leachii,1418245135,MX,90.0,1987,CC_BY_4_0,119.0
Glossophaga leachii,1418246552,MX,100.0,2009,CC_BY_4_0,104.5
Glossophaga leachii,1418248903,MX,100.0,2002,CC_BY_4_0,74.5
Glossophaga leachii,1418244327,MX,90.0,1980,CC_BY_4_0,1011.0
Glossophaga leachii,1418245528,MX,90.0,1995,CC_BY_4_0,81.0
Glossophaga mutica,1317712683,BZ,,1992,CC0_1_0,739.5
Glossophaga mutica,1322955843,GT,,1972,CC0_1_0,7.5
Glossophaga mutica,1319591208,BZ,,1995,CC0_1_0,265.5
Glossophaga mutica,5101574789,MX,,2012,CC_BY_4_0,1047.5
Glossophaga mutica,5101575814,MX,,2015,CC_BY_4_0,443.5
Glossophaga mutica,5101576022,MX,,2009,CC_BY_4_0,348.0
Glossophaga mutica,1894905333,MX,100.0,1977,CC_BY_4_0,245.0
Glossophaga mutica,1894905507,MX,100.0,1977,CC_BY_4_0,207.0
Glossophaga mutica,1894504924,MX,90.0,2005,CC_BY_4_0,1740.0
Glossophaga mutica,1894504905,MX,90.0,2004,CC_BY_4_0,1254.5
Glossophaga mutica,1894504945,MX,90.0,2005,CC_BY_4_0,1448.0
Glossophaga mutica,1894810332,MX,70.0,1985,CC_BY_4_0,1803.5
Glossophaga mutica,1894810341,MX,70.0,1977,CC_BY_4_0,1872.0
Glossophaga mutica,4168845790,PA,,1984,CC_BY_4_0,595.5
Glossophaga mutica,1894831050,MX,80.0,1975,CC_BY_4_0,93.5
Glossophaga mutica,1894831154,MX,90.0,1974,CC_BY_4_0,14.5
Glossophaga mutica,1894831051,MX,90.0,1970,CC_BY_4_0,65.0
Glossophaga mutica,1894831127,MX,90.0,1970,CC_BY_4_0,372.0
Glossophaga mutica,1895920188,MX,,2009,CC_BY_4_0,1222.0
Glossophaga mutica,1895920265,MX,,2009,CC_BY_4_0,98.5
Glossophaga mutica,1895920222,MX,,2009,CC_BY_4_0,80.0
Glossophaga mutica,1895920254,MX,,2010,CC_BY_4_0,986.0
Glossophaga mutica,1895920260,MX,,2009,CC_BY_4_0,42.0
Glossophaga mutica,1895920295,MX,,2010,CC_BY_4_0,1184.5
Glossophaga mutica,1895920315,MX,,2009,CC_BY_4_0,538.5
Glossophaga mutica,2629099856,MX,,2004,CC_BY_4_0,459.0
Glossophaga mutica,2629109337,MX,80.0,1990,CC_BY_4_0,1630.0
Glossophaga mutica,2629111693,MX,90.0,1980,CC_BY_4_0,2275.0
Glossophaga mutica,2629115433,MX,80.0,1988,CC_BY_4_0,1340.0
Glossophaga mutica,2629080877,MX,100.0,1998,CC_BY_4_0,13.0
Glossophaga mutica,2629088988,MX,70.0,1978,CC_BY_4_0,220.0
Glossophaga mutica,2629082420,MX,90.0,1991,CC_BY_4_0,340.0
Glossophaga mutica,2629087039,MX,90.0,1984,CC_BY_4_0,2474.0
Glossophaga mutica,2629082304,MX,70.0,1989,CC_BY_4_0,8.0
Glossophaga mutica,2629084149,MX,100.0,1972,CC_BY_4_0,592.5
Glossophaga mutica,2629094275,MX,80.0,1982,CC_BY_4_0,1905.0
Glossophaga mutica,2629105502,MX,80.0,1982,CC_BY_4_0,30.0
Glossophaga mutica,2629114786,MX,90.0,1991,CC_BY_4_0,1044.5
Glossophaga mutica,2629115719,MX,90.0,1986,CC_BY_4_0,248.5
Glossophaga mutica,2629089300,MX,70.0,1985,CC_BY_4_0,1035.0
Glossophaga mutica,2629091571,MX,100.0,1998,CC_BY_4_0,254.0
Glossophaga mutica,2629092434,MX,90.0,1980,CC_BY_4_0,1132.0
Glossophaga mutica,2629098618,MX,90.0,1985,CC_BY_4_0,1142.0
Glossophaga mutica,2629099735,MX,100.0,1973,CC_BY_4_0,552.5
Glossophaga mutica,2629102952,MX,,2006,CC_BY_4_0,21.0
Glossophaga mutica,2629114561,MX,100.0,1993,CC_BY_4_0,89.5
Glossophaga mutica,2629087534,MX,90.0,1986,CC_BY_4_0,199.5
Glossophaga mutica,2629089584,MX,90.0,1985,CC_BY_4_0,1325.0
Glossophaga mutica,2629091158,MX,,2005,CC_BY_4_0,1022.0
Glossophaga mutica,2629094784,MX,80.0,1982,CC_BY_4_0,316.0
Glossophaga mutica,2629100875,MX,90.0,1986,CC_BY_4_0,270.0
Glossophaga mutica,2629100919,MX,70.0,1994,CC_BY_4_0,6.0
Glossophaga mutica,2629104383,MX,80.0,1982,CC_BY_4_0,1464.0
Glossophaga mutica,2629116063,MX,80.0,1984,CC_BY_4_0,1747.5
Glossophaga mutica,2629116555,MX,,1970,CC_BY_4_0,227.0
Glossophaga mutica,2629082133,MX,70.0,1992,CC_BY_4_0,5.5
Glossophaga mutica,2629082824,MX,70.0,1989,CC_BY_4_0,7.0
Glossophaga mutica,2629083889,MX,100.0,1979,CC_BY_4_0,25.0
Glossophaga mutica,2629084618,MX,90.0,1986,CC_BY_4_0,406.0
Glossophaga mutica,2629085215,MX,80.0,1972,CC_BY_4_0,583.0
Glossophaga mutica,2629094148,MX,100.0,2004,CC_BY_4_0,9.0
Glossophaga mutica,2629100655,MX,,1992,CC_BY_4_0,52.0
Glossophaga mutica,2629106798,MX,90.0,1989,CC_BY_4_0,1742.0
Glossophaga mutica,2629110888,MX,,2003,CC_BY_4_0,1096.5
Glossophaga mutica,2629081413,MX,70.0,2002,CC_BY_4_0,22.5
Glossophaga mutica,2629084222,MX,,2000,CC_BY_4_0,1.0
Glossophaga mutica,2629086082,MX,100.0,1972,CC_BY_4_0,629.0
Glossophaga mutica,2629088030,MX,90.0,1994,CC_BY_4_0,220.5
Glossophaga mutica,2629095195,MX,100.0,1971,CC_BY_4_0,525.0
Glossophaga mutica,2629096464,MX,,1978,CC_BY_4_0,176.5
Glossophaga mutica,2629096548,MX,100.0,1971,CC_BY_4_0,539.0
Glossophaga mutica,2629097969,MX,100.0,1973,CC_BY_4_0,637.5
Glossophaga mutica,2629098033,MX,70.0,1982,CC_BY_4_0,187.5
Glossophaga mutica,2629100602,MX,80.0,1970,CC_BY_4_0,18.0
Glossophaga mutica,2629101432,MX,100.0,1971,CC_BY_4_0,446.0
Glossophaga mutica,2629101500,MX,90.0,1976,CC_BY_4_0,855.5
Glossophaga mutica,2629106011,MX,90.0,1986,CC_BY_4_0,431.0
Glossophaga mutica,2629107297,MX,70.0,1997,CC_BY_4_0,1.0
Glossophaga mutica,2629111316,MX,100.0,1983,CC_BY_4_0,843.0
Glossophaga mutica,2629115058,MX,80.0,1989,CC_BY_4_0,901.5
Glossophaga mutica,2629115840,MX,70.0,1971,CC_BY_4_0,61.0
Glossophaga mutica,2629081002,MX,80.0,1977,CC_BY_4_0,56.5
Glossophaga mutica,2629081128,MX,90.0,1976,CC_BY_4_0,549.5
Glossophaga mutica,2629082632,MX,90.0,1971,CC_BY_4_0,68.0
Glossophaga mutica,2629083675,MX,100.0,1970,CC_BY_4_0,225.0
Glossophaga mutica,2629083907,MX,80.0,1990,CC_BY_4_0,1529.0
Glossophaga mutica,2629084696,MX,80.0,1982,CC_BY_4_0,63.0
Glossophaga mutica,2629088247,MX,70.0,2000,CC_BY_4_0,108.5
Glossophaga mutica,2629088792,MX,100.0,1972,CC_BY_4_0,525.0
Glossophaga mutica,2629090570,MX,80.0,1981,CC_BY_4_0,1.0
Glossophaga mutica,2629091293,MX,70.0,1989,CC_BY_4_0,0.0
Glossophaga mutica,2629093249,MX,90.0,1976,CC_BY_4_0,651.5
Glossophaga mutica,2629095050,MX,90.0,1978,CC_BY_4_0,1022.0
Glossophaga mutica,2629095780,MX,100.0,1972,CC_BY_4_0,554.5
Glossophaga mutica,2629097251,MX,90.0,1980,CC_BY_4_0,26.0
Glossophaga mutica,2629097375,MX,90.0,1971,CC_BY_4_0,7.0
Glossophaga mutica,2629097661,MX,100.0,1997,CC_BY_4_0,17.0
Glossophaga mutica,2629098975,MX,80.0,2000,CC_BY_4_0,172.0
Glossophaga mutica,2629100540,MX,90.0,1986,CC_BY_4_0,1033.0
Glossophaga mutica,2629100981,MX,70.0,2002,CC_BY_4_0,5.0
Glossophaga mutica,2629101606,MX,100.0,1983,CC_BY_4_0,212.0
Glossophaga mutica,2629102714,MX,80.0,1972,CC_BY_4_0,103.0
Glossophaga mutica,2629102931,MX,90.0,1973,CC_BY_4_0,336.0
Glossophaga mutica,2629105088,MX,100.0,1973,CC_BY_4_0,532.5
Glossophaga mutica,2629105311,MX,100.0,1985,CC_BY_4_0,843.5
Glossophaga mutica,2629105545,MX,80.0,1972,CC_BY_4_0,10.0
Glossophaga mutica,2629106068,MX,80.0,1981,CC_BY_4_0,696.0
Glossophaga mutica,2629106517,MX,100.0,1983,CC_BY_4_0,423.0
Glossophaga mutica,2629106531,MX,90.0,1992,CC_BY_4_0,425.0
Glossophaga mutica,2629106704,MX,100.0,1991,CC_BY_4_0,150.5
Glossophaga mutica,2629107505,MX,100.0,1977,CC_BY_4_0,0.0
Glossophaga mutica,2629109724,MX,100.0,1970,CC_BY_4_0,29.5
Glossophaga mutica,2629110142,MX,,1978,CC_BY_4_0,24.0
Glossophaga mutica,2629110849,MX,70.0,1989,CC_BY_4_0,5.0
Glossophaga mutica,2629111497,MX,90.0,1991,CC_BY_4_0,9.5
Glossophaga mutica,2629112183,MX,90.0,1978,CC_BY_4_0,18.5
Glossophaga mutica,2629112791,MX,90.0,1978,CC_BY_4_0,1193.0
Glossophaga mutica,2629112953,MX,,2002,CC_BY_4_0,1900.5
Glossophaga mutica,2629113201,MX,,1978,CC_BY_4_0,27.0
Glossophaga mutica,2629113796,MX,90.0,1995,CC_BY_4_0,42.0
Glossophaga mutica,2629114052,MX,100.0,1970,CC_BY_4_0,60.0
Glossophaga mutica,2629114208,MX,100.0,1978,CC_BY_4_0,184.0
Glossophaga mutica,2629114251,MX,100.0,1991,CC_BY_4_0,981.0
Glossophaga mutica,2629114784,MX,90.0,1983,CC_BY_4_0,95.0
Glossophaga mutica,2629115067,MX,100.0,1983,CC_BY_4_0,990.5
Glossophaga mutica,2629115803,MX,100.0,1978,CC_BY_4_0,779.0
Glossophaga mutica,2629116248,MX,100.0,1991,CC_BY_4_0,563.0
Glossophaga mutica,2629116573,MX,90.0,1998,CC_BY_4_0,1503.0
Glossophaga mutica,2629116996,MX,90.0,1985,CC_BY_4_0,704.5
Glossophaga mutica,4168650377,MX,100.0,2000,CC_BY_4_0,543.0
Glossophaga mutica,4168650429,MX,100.0,2003,CC_BY_4_0,757.0
Glossophaga mutica,1897329039,MX,60.0,1984,CC_BY_4_0,145.0
Glossophaga mutica,1897329040,MX,70.0,1970,CC_BY_4_0,298.5
Glossophaga mutica,1897328955,MX,60.0,1974,CC_BY_4_0,270.0
Glossophaga mutica,1897329095,MX,60.0,2008,CC_BY_4_0,252.5
Glossophaga mutica,1897329159,MX,60.0,1984,CC_BY_4_0,308.0
Glossophaga mutica,1897329063,MX,60.0,1972,CC_BY_4_0,245.5
Glossophaga mutica,1897329072,MX,60.0,1981,CC_BY_4_0,1953.5
Glossophaga mutica,1897329083,MX,50.0,1981,CC_BY_4_0,1704.5
Glossophaga mutica,1897329111,MX,60.0,1974,CC_BY_4_0,625.0
Glossophaga mutica,1897329134,MX,60.0,1981,CC_BY_4_0,800.5
Glossophaga mutica,4168451171,MX,1562.0,1989,CC_BY_4_0,20.5
Glossophaga mutica,1893461640,MX,840.0,1975,CC_BY_4_0,1393.5
Glossophaga mutica,1893461202,MX,15050.0,1977,CC_BY_4_0,228.0
Glossophaga mutica,1893461783,MX,3688.0,1970,CC_BY_4_0,89.0
Glossophaga mutica,1893461969,MX,2177.0,1984,CC_BY_4_0,1837.0
Glossophaga mutica,1893461609,MX,713.0,1982,CC_BY_4_0,1911.5
Glossophaga mutica,1893461911,MX,20300.0,1975,CC_BY_4_0,122.5
Glossophaga mutica,1893461518,MX,3300.0,1975,CC_BY_4_0,122.5
Glossophaga mutica,1893461992,MX,242.0,1978,CC_BY_4_0,560.0
Glossophaga mutica,1896005917,MX,90.0,2000,CC_BY_4_0,38.5
Glossophaga mutica,1896005975,MX,90.0,2000,CC_BY_4_0,38.0
Glossophaga mutica,1896005982,MX,70.0,2000,CC_BY_4_0,26.0
Glossophaga mutica,665822596,BZ,1.47,1976,CC0_1_0,0.0
Glossophaga mutica,665822610,BZ,69.54,1976,CC0_1_0,676.0
Glossophaga mutica,665755224,MX,4.42,1975,CC0_1_0,1426.5
Glossophaga mutica,665883699,BZ,0.28,1975,CC0_1_0,301.5
Glossophaga mutica,665822605,BZ,0.92,1976,CC0_1_0,60.0
Glossophaga mutica,665822606,BZ,0.92,1976,CC0_1_0,37.5
Glossophaga mutica,665739986,BZ,2.35,1973,CC0_1_0,51.0
Glossophaga mutica,665823028,GT,16.75,1977,CC0_1_0,277.0
Glossophaga mutica,665732735,SV,3.33,1975,CC0_1_0,155.5
Glossophaga mutica,665737732,BZ,1.88,1974,CC0_1_0,159.5
Glossophaga mutica,665757273,BZ,2.28,1972,CC0_1_0,482.0
Glossophaga mutica,1895602953,MX,80.0,1979,CC_BY_4_0,1451.0
Glossophaga mutica,1895766366,MX,50.0,2000,CC_BY_4_0,1167.0
Glossophaga mutica,1417797712,MX,,1980,CC_BY_4_0,0.0
Glossophaga mutica,1417811696,MX,70.0,1984,CC_BY_4_0,27.0
Glossophaga mutica,1417792087,MX,80.0,1972,CC_BY_4_0,5.0
Glossophaga mutica,1417792823,MX,80.0,1988,CC_BY_4_0,88.5
Glossophaga mutica,1417788396,MX,,1980,CC_BY_4_0,47.5
Glossophaga mutica,1417792762,MX,80.0,1988,CC_BY_4_0,125.5
Glossophaga mutica,1417787258,MX,90.0,1982,CC_BY_4_0,1030.0
Glossophaga mutica,1417796867,MX,80.0,1984,CC_BY_4_0,20.5
Glossophaga mutica,1417805258,MX,90.0,1994,CC_BY_4_0,268.0
Glossophaga mutica,1417808927,MX,2284.0,1978,CC_BY_4_0,100.0
Glossophaga mutica,1417792113,MX,80.0,1988,CC_BY_4_0,3.0
Glossophaga mutica,1417813659,MX,,1973,CC_BY_4_0,763.5
Glossophaga mutica,1417787898,MX,90.0,1989,CC_BY_4_0,1425.0
Glossophaga mutica,1417789620,MX,80.0,1988,CC_BY_4_0,28.5
Glossophaga mutica,1417796966,MX,,1988,CC_BY_4_0,184.0
Glossophaga mutica,1417813505,MX,70.0,1992,CC_BY_4_0,779.5
Glossophaga mutica,1417788652,MX,100.0,1978,CC_BY_4_0,96.0
Glossophaga mutica,1417790540,MX,70.0,1991,CC_BY_4_0,1028.5
Glossophaga mutica,1417795810,MX,100.0,1984,CC_BY_4_0,703.0
Glossophaga mutica,1417796503,MX,80.0,1982,CC_BY_4_0,40.0
Glossophaga mutica,1417796802,MX,90.0,1984,CC_BY_4_0,7.0
Glossophaga mutica,1417805470,MX,80.0,1989,CC_BY_4_0,3.0
Glossophaga mutica,1417808666,MX,100.0,1971,CC_BY_4_0,22.0
Glossophaga mutica,1417811933,MX,70.0,1994,CC_BY_4_0,1307.5
Glossophaga mutica,1142102950,HN,10000.0,1998,CC_BY_4_0,705.5
Glossophaga mutica,1142102979,NI,10000.0,1983,CC_BY_4_0,491.5
Glossophaga mutica,2266109318,MX,2.0,1973,CC0_1_0,4.5
Glossophaga mutica,2266109672,MX,7.0,1973,CC0_1_0,68.0
Glossophaga mutica,2266112461,CR,4.0,1974,CC0_1_0,23.5
Glossophaga mutica,2266108967,MX,2.0,1970,CC0_1_0,334.5
Glossophaga mutica,2266111180,BZ,1.0,1983,CC0_1_0,6.0
Glossophaga mutica,1418525031,MX,,1989,CC_BY_4_0,3.0
Glossophaga mutica,1418522985,MX,,1985,CC_BY_4_0,327.5
Glossophaga mutica,1418526277,MX,,1988,CC_BY_4_0,1304.5
Glossophaga mutica,1418528504,MX,,1984,CC_BY_4_0,1805.0
Glossophaga mutica,1418529719,MX,,1988,CC_BY_4_0,1244.0
Glossophaga mutica,1418529890,MX,,1978,CC_BY_4_0,110.0
Glossophaga mutica,1418532214,MX,,1988,CC_BY_4_0,1319.5
Glossophaga mutica,1418529843,MX,,1986,CC_BY_4_0,734.0
Glossophaga mutica,1418530702,MX,,1993,CC_BY_4_0,1585.0
Glossophaga mutica,1418521975,MX,,1990,CC_BY_4_0,284.0
Glossophaga mutica,1418522328,MX,,1981,CC_BY_4_0,1309.5
Glossophaga mutica,1418526925,MX,,1978,CC_BY_4_0,7.5
Glossophaga mutica,1418528430,MX,,1991,CC_BY_4_0,443.0
Glossophaga mutica,1418521603,MX,,1983,CC_BY_4_0,900.5
Glossophaga mutica,1418521791,MX,,1988,CC_BY_4_0,1847.0
Glossophaga mutica,1418526565,MX,,1980,CC_BY_4_0,2315.5
Glossophaga mutica,1418529417,MX,,1978,CC_BY_4_0,902.0
Glossophaga mutica,1418532735,MX,,1984,CC_BY_4_0,204.0
Glossophaga mutica,1418519261,MX,,1984,CC_BY_4_0,500.0
Glossophaga mutica,1418519483,MX,,1989,CC_BY_4_0,5.0
Glossophaga mutica,1418522078,MX,,1994,CC_BY_4_0,733.5
Glossophaga mutica,1418524816,MX,,1983,CC_BY_4_0,127.5
Glossophaga mutica,1418525484,MX,,1983,CC_BY_4_0,875.5
Glossophaga mutica,1418525629,MX,,1994,CC_BY_4_0,191.5
Glossophaga mutica,1418529181,MX,,1990,CC_BY_4_0,919.5
Glossophaga mutica,1418531491,MX,,1973,CC_BY_4_0,241.0
Glossophaga mutica,1418532087,MX,,1993,CC_BY_4_0,424.0
Glossophaga mutica,1418532247,MX,,1985,CC_BY_4_0,348.0
Glossophaga mutica,1418532730,MX,,1987,CC_BY_4_0,323.0
Glossophaga mutica,1893581524,MX,100.0,1999,CC_BY_4_0,654.5
Glossophaga mutica,1893581559,MX,90.0,1985,CC_BY_4_0,632.5
Glossophaga mutica,1893581479,MX,100.0,1995,CC_BY_4_0,1591.5
Glossophaga mutica,1893581567,MX,100.0,1995,CC_BY_4_0,1509.5
Glossophaga mutica,1893581614,MX,100.0,1999,CC_BY_4_0,268.0
Glossophaga mutica,1893581637,MX,100.0,1999,CC_BY_4_0,1109.0
Glossophaga mutica,1895934049,MX,90.0,1999,CC_BY_4_0,1219.5
Glossophaga mutica,1895934011,MX,90.0,1981,CC_BY_4_0,58.5
Glossophaga mutica,3306339350,MX,,2009,CC_BY_4_0,153.0
Glossophaga mutica,3306339473,MX,,2014,CC_BY_4_0,123.0
Glossophaga mutica,3306340568,MX,,2012,CC_BY_4_0,173.0
Glossophaga mutica,3306341620,MX,,1990,CC_BY_4_0,1399.0
Glossophaga mutica,3306341865,MX,,2009,CC_BY_4_0,162.5
Glossophaga mutica,3306342367,MX,,2010,CC_BY_4_0,621.0
Glossophaga mutica,3306342729,MX,,2009,CC_BY_4_0,869.5
Glossophaga mutica,3306339421,MX,,2014,CC_BY_4_0,955.5
Glossophaga mutica,3306340647,MX,,2010,CC_BY_4_0,1605.5
Glossophaga mutica,3306341239,MX,,2013,CC_BY_4_0,206.0
Glossophaga mutica,3306341780,MX,,2010,CC_BY_4_0,392.0
Glossophaga mutica,3306342507,MX,,2015,CC_BY_4_0,652.5
Glossophaga mutica,3306342546,MX,,1988,CC_BY_4_0,20.0
Glossophaga mutica,3306342638,MX,,1999,CC_BY_4_0,29.5
Glossophaga mutica,3306339696,MX,,2011,CC_BY_4_0,1048.5
Glossophaga mutica,3306340624,MX,,2009,CC_BY_4_0,1000.5
Glossophaga mutica,3306341688,MX,,2014,CC_BY_4_0,314.0
Glossophaga mutica,3306342995,MX,,2011,CC_BY_4_0,192.0
Glossophaga mutica,1418740010,MX,,2000,CC_BY_4_0,991.0
Glossophaga mutica,919433388,BZ,4204.0,1979,CC0_1_0,29.0
Glossophaga mutica,919423829,BZ,1316.0,1979,CC0_1_0,11.5
Glossophaga mutica,919424354,BZ,916.0,1979,CC0_1_0,10.5
Glossophaga mutica,919431635,BZ,2968.0,1979,CC0_1_0,19.0
Glossophaga mutica,2630325552,MX,100.0,1977,CC_BY_4_0,1101.5
Glossophaga mutica,2630343849,MX,100.0,1991,CC_BY_4_0,679.5
Glossophaga mutica,2630369576,MX,100.0,1977,CC_BY_4_0,14.0
Glossophaga mutica,2630377555,MX,100.0,1977,CC_BY_4_0,47.5
Glossophaga mutica,2630398927,GT,,1991,CC_BY_4_0,79.0
Glossophaga mutica,2630327532,MX,90.0,1982,CC_BY_4_0,529.0
Glossophaga mutica,2630341871,MX,90.0,1991,CC_BY_4_0,120.5
Glossophaga mutica,2630398938,MX,100.0,1991,CC_BY_4_0,629.0
Glossophaga mutica,2630346556,MX,100.0,2000,CC_BY_4_0,1572.5
Glossophaga mutica,2630392939,MX,100.0,1991,CC_BY_4_0,639.0
Glossophaga mutica,4168616220,MX,90.0,1994,CC_BY_4_0,1421.0
Glossophaga mutica,2630345931,MX,100.0,1991,CC_BY_4_0,753.0
Glossophaga mutica,2630377562,MX,110.0,1970,CC_BY_4_0,502.0
Glossophaga mutica,2630378371,MX,70.0,1981,CC_BY_4_0,0.0
Glossophaga mutica,4168625117,MX,110.0,1987,CC_BY_4_0,113.5
Glossophaga mutica,2630340428,MX,90.0,1995,CC_BY_4_0,917.0
Glossophaga mutica,2630345929,MX,100.0,1991,CC_BY_4_0,601.5
Glossophaga mutica,2630396853,MX,100.0,1991,CC_BY_4_0,635.5
Glossophaga mutica,2630401030,MX,100.0,1991,CC_BY_4_0,284.5
Glossophaga mutica,4168613296,MX,100.0,1994,CC_BY_4_0,816.5
Glossophaga mutica,2630326579,MX,100.0,1977,CC_BY_4_0,832.0
Glossophaga mutica,4168612451,MX,90.0,1989,CC_BY_4_0,2126.0
Glossophaga mutica,4168621354,MX,90.0,1996,CC_BY_4_0,920.5
Glossophaga mutica,4168621912,MX,90.0,1995,CC_BY_4_0,972.5
Glossophaga mutica,4168624775,MX,90.0,1988,CC_BY_4_0,1360.5
Glossophaga mutica,1325916475,MX,164.0,1975,CC0_1_0,10.5
Glossophaga mutica,1417864189,MX,100.0,2002,CC_BY_4_0,260.5
Glossophaga mutica,1422068816,MX,100.0,1970,CC_BY_4_0,1112.0
Glossophaga mutica,1422070666,MX,,2006,CC_BY_4_0,1634.0
Glossophaga mutica,1422073968,MX,60.0,2003,CC_BY_4_0,841.0
Glossophaga mutica,675861387,MX,,1980,CC0_1_0,54.5
Glossophaga mutica,675851598,MX,,1977,CC0_1_0,30.5
Glossophaga mutica,675911701,HN,,1982,CC0_1_0,1238.5
Glossophaga mutica,675904013,CR,,1982,CC0_1_0,59.0
Glossophaga mutica,675911719,HN,,1983,CC0_1_0,526.0
Glossophaga mutica,675904016,CR,,1982,CC0_1_0,589.0
Glossophaga mutica,675890577,MX,,1981,CC0_1_0,4.0
Glossophaga mutica,675876205,MX,,1979,CC0_1_0,0.0
Glossophaga mutica,675851662,MX,,1977,CC0_1_0,59.5
Glossophaga mutica,675851596,MX,,1977,CC0_1_0,120.0
Glossophaga mutica,675911713,HN,,1983,CC0_1_0,324.5
Glossophaga mutica,675853342,NI,,1978,CC0_1_0,40.5
Glossophaga mutica,675911694,HN,,1983,CC0_1_0,814.0
Glossophaga mutica,675941795,HN,,1983,CC0_1_0,794.0
Glossophaga mutica,675875272,MX,,1979,CC0_1_0,2070.5
Glossophaga mutica,675911795,HN,,1983,CC0_1_0,22.0
Glossophaga mutica,675823612,MX,,1971,CC0_1_0,745.5
Glossophaga mutica,675934688,MX,,1987,CC0_1_0,790.0
Glossophaga mutica,675851621,MX,,1977,CC0_1_0,44.0
Glossophaga mutica,675873846,MX,,1980,CC0_1_0,175.0
Glossophaga mutica,675911736,HN,,1983,CC0_1_0,5.0
Glossophaga mutica,675829987,MX,,1970,CC0_1_0,1353.5
Glossophaga mutica,675934709,MX,,1986,CC0_1_0,6.0
Glossophaga mutica,675829977,MX,,1970,CC0_1_0,196.5
Glossophaga mutica,675861600,MX,,1980,CC0_1_0,45.0
Glossophaga mutica,675867788,MX,,1991,CC0_1_0,5.0
Glossophaga mutica,675851642,MX,,1977,CC0_1_0,6.0
Glossophaga mutica,675911645,HN,,1983,CC0_1_0,961.5
Glossophaga mutica,1422087063,MX,,2003,CC_BY_4_0,1515.0
Glossophaga mutica,1422087116,MX,,2003,CC_BY_4_0,714.5
Glossophaga mutica,1422086845,MX,,2006,CC_BY_4_0,216.0
Glossophaga mutica,1422086917,MX,,2007,CC_BY_4_0,80.0
Glossophaga mutica,1422088410,MX,,2007,CC_BY_4_0,7.0
Glossophaga mutica,1122706041,BZ,,1990,CC_BY_NC_4_0,151.5
Glossophaga mutica,4169214862,MX,70.0,1975,CC_BY_4_0,7.0
Glossophaga mutica,4169235552,MX,90.0,1973,CC_BY_4_0,1807.0
Glossophaga mutica,4169187282,MX,100.0,2008,CC_BY_4_0,1533.0
Glossophaga mutica,4169215218,MX,100.0,1979,CC_BY_4_0,108.5
Glossophaga mutica,4169154725,MX,,1976,CC_BY_4_0,715.5
Glossophaga mutica,4169154405,MX,80.0,1983,CC_BY_4_0,87.0
Glossophaga mutica,4169233059,MX,90.0,2000,CC_BY_4_0,173.5
Glossophaga mutica,4169277775,MX,90.0,2000,CC_BY_4_0,757.0
Glossophaga mutica,4169274326,MX,80.0,1999,CC_BY_4_0,795.0
Glossophaga mutica,4168923328,MX,,1992,CC_BY_4_0,404.0
Glossophaga mutica,4169091606,MX,90.0,1974,CC_BY_4_0,1134.5
Glossophaga mutica,4169235902,MX,,1973,CC_BY_4_0,7.5
Glossophaga mutica,4169213032,MX,100.0,1986,CC_BY_4_0,158.5
Glossophaga mutica,4169250673,MX,90.0,1987,CC_BY_4_0,144.5
Glossophaga mutica,4169274452,MX,100.0,1980,CC_BY_4_0,718.5
Glossophaga mutica,4169264995,MX,70.0,1982,CC_BY_4_0,271.5
Glossophaga mutica,4169282750,MX,,1982,CC_BY_4_0,96.0
Glossophaga mutica,4169146678,MX,80.0,1990,CC_BY_4_0,9.0
Glossophaga mutica,4169247801,MX,,1971,CC_BY_4_0,571.5
Glossophaga mutica,4169263866,MX,90.0,1987,CC_BY_4_0,269.0
Glossophaga mutica,4169258273,MX,90.0,1984,CC_BY_4_0,1952.0
Glossophaga mutica,4169259258,MX,90.0,1999,CC_BY_4_0,401.5
Glossophaga mutica,4169036840,MX,90.0,2007,CC_BY_4_0,39.0
Glossophaga mutica,4169282856,MX,,1970,CC_BY_4_0,1092.5
Glossophaga mutica,4169226883,MX,,1981,CC_BY_4_0,13.0
Glossophaga mutica,4169243800,MX,90.0,1984,CC_BY_4_0,730.5
Glossophaga mutica,4169238033,MX,90.0,1994,CC_BY_4_0,254.5
Glossophaga mutica,4169176714,MX,70.0,1982,CC_BY_4_0,114.5
Glossophaga mutica,4169227180,MX,90.0,2005,CC_BY_4_0,586.5
Glossophaga mutica,4169256095,MX,,1982,CC_BY_4_0,50.0
Glossophaga mutica,4169092264,MX,70.0,1989,CC_BY_4_0,17.0
Glossophaga mutica,4169162544,MX,70.0,1990,CC_BY_4_0,19.0
Glossophaga mutica,4169262939,MX,90.0,2012,CC_BY_4_0,36.0
Glossophaga mutica,4169283596,MX,,1998,CC_BY_4_0,983.0
Glossophaga mutica,4169178885,MX,100.0,2006,CC_BY_4_0,40.0
Glossophaga mutica,4169206360,MX,,1979,CC_BY_4_0,595.0
Glossophaga mutica,4169262475,MX,90.0,2001,CC_BY_4_0,892.5
Glossophaga mutica,4169186755,MX,80.0,1990,CC_BY_4_0,59.0
Glossophaga mutica,4169102330,MX,70.0,1989,CC_BY_4_0,17.0
Glossophaga mutica,4169269051,MX,,1970,CC_BY_4_0,734.0
Glossophaga mutica,4169273193,MX,,1974,CC_BY_4_0,865.5
Glossophaga mutica,4169234917,MX,,1999,CC_BY_4_0,390.0
Glossophaga mutica,4169279642,MX,70.0,1982,CC_BY_4_0,33.5
Glossophaga mutica,4169234823,MX,50.0,1983,CC_BY_4_0,239.0
Glossophaga mutica,4169251827,MX,80.0,1993,CC_BY_4_0,228.5
Glossophaga mutica,4169202875,MX,,1980,CC_BY_4_0,110.5
Glossophaga mutica,4169227701,MX,,1970,CC_BY_4_0,9.5
Glossophaga mutica,4169236811,MX,90.0,1991,CC_BY_4_0,264.5
Glossophaga mutica,4169212683,MX,70.0,1981,CC_BY_4_0,127.0
Glossophaga mutica,4169261289,MX,100.0,1972,CC_BY_4_0,16.0
Glossophaga mutica,4169076311,MX,90.0,1984,CC_BY_4_0,938.5
Glossophaga mutica,4169216769,MX,100.0,1972,CC_BY_4_0,481.5
Glossophaga mutica,4169115299,MX,90.0,1985,CC_BY_4_0,18.5
Glossophaga mutica,4169256831,MX,90.0,1986,CC_BY_4_0,92.0
Glossophaga mutica,4169050180,MX,,1976,CC_BY_4_0,438.5
Glossophaga mutica,4169151507,MX,,1973,CC_BY_4_0,12.0
Glossophaga mutica,4169208958,MX,90.0,2005,CC_BY_4_0,376.0
Glossophaga mutica,4169219218,MX,90.0,1979,CC_BY_4_0,9.0
Glossophaga mutica,4168949583,MX,100.0,2006,CC_BY_4_0,239.5
Glossophaga mutica,4169115125,MX,,1973,CC_BY_4_0,1343.0
Glossophaga mutica,4169235918,MX,100.0,2010,CC_BY_4_0,1550.0
Glossophaga mutica,4169260355,MX,,1991,CC_BY_4_0,216.0
Glossophaga mutica,4169076631,MX,90.0,1984,CC_BY_4_0,481.0
Glossophaga mutica,4169125548,MX,90.0,1999,CC_BY_4_0,14.0
Glossophaga mutica,4169184877,MX,80.0,1978,CC_BY_4_0,283.0
Glossophaga mutica,4169272392,MX,100.0,1984,CC_BY_4_0,586.5
Glossophaga mutica,4169188525,MX,,1986,CC_BY_4_0,328.5
Glossophaga mutica,4169049935,MX,90.0,1973,CC_BY_4_0,1075.5
Glossophaga mutica,4169207059,MX,90.0,1982,CC_BY_4_0,1160.5
Glossophaga mutica,4169227975,MX,,1980,CC_BY_4_0,8.0
Glossophaga mutica,4169283193,MX,70.0,1982,CC_BY_4_0,63.0
Glossophaga mutica,4169154908,MX,,2001,CC_BY_4_0,1061.0
Glossophaga mutica,4169230721,MX,100.0,1980,CC_BY_4_0,459.5
Glossophaga mutica,4169184861,MX,90.0,2012,CC_BY_4_0,26.0
Glossophaga mutica,4169253579,MX,100.0,1976,CC_BY_4_0,11.0
Glossophaga mutica,4168865796,MX,,1980,CC_BY_4_0,17.5
Glossophaga mutica,4168975031,MX,100.0,1984,CC_BY_4_0,784.5
Glossophaga mutica,4169184980,MX,90.0,2000,CC_BY_4_0,13.5
Glossophaga mutica,4169203054,MX,,1998,CC_BY_4_0,510.0
Glossophaga mutica,4169135743,MX,90.0,1973,CC_BY_4_0,55.0
Glossophaga mutica,4169235341,MX,,1976,CC_BY_4_0,261.0
Glossophaga mutica,4169252089,MX,100.0,1978,CC_BY_4_0,640.5
Glossophaga mutica,4169264417,MX,2050.15,1978,CC_BY_4_0,11.0
Glossophaga mutica,4169274302,MX,,2000,CC_BY_4_0,227.0
Glossophaga mutica,4169205287,MX,100.0,2008,CC_BY_4_0,25.5
Glossophaga mutica,4169235288,MX,,1980,CC_BY_4_0,0.0
Glossophaga mutica,4169240994,MX,90.0,1983,CC_BY_4_0,675.0
Glossophaga mutica,4169228200,MX,,1972,CC_BY_4_0,62.0
Glossophaga mutica,4169235465,MX,90.0,1970,CC_BY_4_0,1213.5
Glossophaga mutica,4169247866,MX,90.0,1999,CC_BY_4_0,48.5
Glossophaga mutica,4168752316,MX,,2018,CC_BY_4_0,143.5
Glossophaga mutica,1898050576,MX,,1998,CC_BY_4_0,258.0
Glossophaga mutica,1898050612,MX,70.0,1986,CC_BY_4_0,7.0
Glossophaga mutica,1898053525,MX,90.0,1992,CC_BY_4_0,831.5
Glossophaga mutica,1898053530,MX,70.0,1996,CC_BY_4_0,19.0
Glossophaga mutica,1898050557,MX,,2000,CC_BY_4_0,5.0
Glossophaga mutica,1898050621,MX,,2011,CC_BY_4_0,119.0
Glossophaga mutica,1898050636,MX,,2004,CC_BY_4_0,91.5
Glossophaga mutica,1898050442,MX,80.0,1988,CC_BY_4_0,26.5
Glossophaga mutica,1898050616,MX,,2003,CC_BY_4_0,21.5
Glossophaga mutica,1898050617,MX,70.0,2004,CC_BY_4_0,11.0
Glossophaga mutica,1898050619,MX,,2010,CC_BY_4_0,272.0
Glossophaga mutica,1898050558,MX,80.0,1993,CC_BY_4_0,16.0
Glossophaga mutica,1898050559,MX,,2004,CC_BY_4_0,356.0
Glossophaga mutica,1898050604,MX,,2000,CC_BY_4_0,47.0
Glossophaga mutica,1898050607,MX,,2004,CC_BY_4_0,1487.5
Glossophaga mutica,1898050610,MX,80.0,2009,CC_BY_4_0,6.0
Glossophaga mutica,1898050550,MX,,2012,CC_BY_4_0,6.5
Glossophaga mutica,1898050584,MX,70.0,1994,CC_BY_4_0,8.0
Glossophaga mutica,1898050618,MX,,2005,CC_BY_4_0,902.0
Glossophaga mutica,1898050625,MX,,2010,CC_BY_4_0,238.0
Glossophaga mutica,1898050654,MX,,2000,CC_BY_4_0,1.5
Glossophaga mutica,1898053514,MX,90.0,1995,CC_BY_4_0,853.0
Glossophaga mutica,1898050513,MX,,1998,CC_BY_4_0,9.0
Glossophaga mutica,1898050523,MX,,2001,CC_BY_4_0,10.0
Glossophaga mutica,1898050538,MX,80.0,1995,CC_BY_4_0,0.0
Glossophaga mutica,1898050562,MX,,2003,CC_BY_4_0,3.5
Glossophaga mutica,1898050566,MX,80.0,1989,CC_BY_4_0,13.5
Glossophaga mutica,1898050587,MX,,2013,CC_BY_4_0,63.5
Glossophaga mutica,1898050589,MX,,2003,CC_BY_4_0,128.5
Glossophaga mutica,1898050591,MX,80.0,1996,CC_BY_4_0,11.0
Glossophaga mutica,1898050603,MX,,2003,CC_BY_4_0,110.5
Glossophaga mutica,1898050628,MX,80.0,1992,CC_BY_4_0,37.0
Glossophaga mutica,1898053523,MX,80.0,2005,CC_BY_4_0,182.0
Glossophaga mutica,1898053558,MX,90.0,1993,CC_BY_4_0,347.0
Glossophaga mutica,1898050508,MX,,2006,CC_BY_4_0,2.0
Glossophaga mutica,1898050524,MX,80.0,1996,CC_BY_4_0,6.5
Glossophaga mutica,1898050527,MX,,2012,CC_BY_4_0,8.5
Glossophaga mutica,1898050541,MX,80.0,1996,CC_BY_4_0,12.0
Glossophaga mutica,1898050548,MX,,2014,CC_BY_4_0,52.0
Glossophaga mutica,1898050554,MX,80.0,1994,CC_BY_4_0,179.0
Glossophaga mutica,1898050568,MX,,2007,CC_BY_4_0,1046.0
Glossophaga mutica,1898050569,MX,,2009,CC_BY_4_0,37.0
Glossophaga mutica,1898050580,MX,,2009,CC_BY_4_0,170.5
Glossophaga mutica,1898050600,MX,,2009,CC_BY_4_0,729.0
Glossophaga mutica,1898050609,MX,80.0,2008,CC_BY_4_0,12.0
Glossophaga mutica,1898050626,MX,,2013,CC_BY_4_0,1244.5
Glossophaga mutica,1898050631,MX,,1998,CC_BY_4_0,254.0
Glossophaga mutica,1898050638,MX,,2010,CC_BY_4_0,15.0
Glossophaga mutica,1898050649,MX,90.0,1991,CC_BY_4_0,147.0
Glossophaga mutica,1898050655,MX,,2013,CC_BY_4_0,485.0
Glossophaga mutica,1898050656,MX,,1998,CC_BY_4_0,141.5
Glossophaga mutica,1898050665,MX,,2010,CC_BY_4_0,19.0
Glossophaga mutica,1898050676,MX,,2010,CC_BY_4_0,964.0
Glossophaga mutica,1898050677,MX,,2000,CC_BY_4_0,24.5
Glossophaga mutica,1898053528,MX,90.0,1992,CC_BY_4_0,544.0
Glossophaga mutica,5147075897,MX,1513.0,1977,CC0_1_0,84.5
Glossophaga mutica,5147194780,GT,3000.0,1978,CC0_1_0,397.0
Glossophaga mutica,5146971424,MX,3360.0,1974,CC0_1_0,502.0
Glossophaga mutica,5147191497,GT,3000.0,1971,CC0_1_0,113.0
Glossophaga mutica,5147196744,GT,2000.0,1978,CC0_1_0,205.0
Glossophaga mutica,686465810,BZ,0.46,1980,CC_BY_4_0,34.5
Glossophaga mutica,686478451,MX,16.53,1976,CC_BY_4_0,12.0
Glossophaga mutica,686469759,CR,1.99,1983,CC_BY_4_0,7.0
Glossophaga mutica,686484838,NI,11.29,1998,CC_BY_4_0,1458.5
Glossophaga mutica,686469833,CR,1.5,1987,CC_BY_4_0,1094.5
Glossophaga mutica,686485743,CR,0.5,2000,CC_BY_4_0,3.0
Glossophaga mutica,686485762,CR,2.0,2000,CC_BY_4_0,47.5
Glossophaga mutica,686462171,CR,16.54,1973,CC_BY_4_0,1415.0
Glossophaga mutica,686469891,MX,2.15,1984,CC_BY_4_0,10.0
Glossophaga mutica,686486446,MX,0.8,1972,CC_BY_4_0,2070.0
Glossophaga mutica,686490679,NI,1.0,2003,CC_BY_4_0,183.5
Glossophaga mutica,1418242488,MX,80.0,1985,CC_BY_4_0,31.0
Glossophaga mutica,1418245438,MX,90.0,1983,CC_BY_4_0,2159.0
Glossophaga mutica,1418244995,MX,80.0,1984,CC_BY_4_0,435.0
Glossophaga mutica,1418250629,MX,90.0,1995,CC_BY_4_0,75.0
Glossophaga mutica,1418242418,MX,90.0,1979,CC_BY_4_0,213.0
Glossophaga mutica,1418242503,MX,90.0,1984,CC_BY_4_0,122.0
Glossophaga mutica,1418244263,MX,90.0,1984,CC_BY_4_0,1188.5
Glossophaga mutica,1418247857,MX,80.0,1981,CC_BY_4_0,256.0
Glossophaga mutica,1418250445,MX,80.0,1991,CC_BY_4_0,41.0
Glossophaga mutica,1418243454,MX,90.0,1993,CC_BY_4_0,1980.5
Glossophaga mutica,1418244067,MX,90.0,1981,CC_BY_4_0,403.0
Glossophaga mutica,1418248666,MX,90.0,1981,CC_BY_4_0,1285.0
Glossophaga mutica,1418249998,MX,80.0,1982,CC_BY_4_0,1748.0
Glossophaga mutica,1418243229,MX,70.0,1999,CC_BY_4_0,297.5
Glossophaga mutica,1418244257,MX,90.0,1980,CC_BY_4_0,1011.0
Glossophaga mutica,1418246203,MX,100.0,2001,CC_BY_4_0,234.5
Glossophaga mutica,1418247849,MX,100.0,2003,CC_BY_4_0,303.0
Glossophaga mutica,1418249575,MX,80.0,1996,CC_BY_4_0,566.0
Glossophaga mutica,1418249981,MX,100.0,1978,CC_BY_4_0,6.0
Glossophaga mutica,1418241822,MX,90.0,1988,CC_BY_4_0,848.0
Glossophaga mutica,1418241905,MX,80.0,1983,CC_BY_4_0,1477.0
Glossophaga mutica,1418242140,MX,100.0,1984,CC_BY_4_0,1011.5
Glossophaga mutica,1418244679,MX,80.0,2000,CC_BY_4_0,6.0
Glossophaga mutica,1418245660,MX,80.0,1981,CC_BY_4_0,252.0
Glossophaga mutica,1418246572,MX,70.0,2003,CC_BY_4_0,11.0
Glossophaga mutica,1418248409,MX,100.0,1984,CC_BY_4_0,771.0
Glossophaga mutica,1418248808,MX,100.0,1980,CC_BY_4_0,274.5
Glossophaga mutica,1418249330,MX,90.0,1995,CC_BY_4_0,507.5
Glossophaga mutica,1418249400,MX,90.0,1988,CC_BY_4_0,137.0
Glossophaga mutica,1418251075,MX,80.0,1983,CC_BY_4_0,742.5
Glossophaga mutica,1418251414,MX,80.0,1992,CC_BY_4_0,1707.5
Glossophaga mutica,1418242557,MX,100.0,1980,CC_BY_4_0,821.5
Glossophaga mutica,1418243653,MX,80.0,1996,CC_BY_4_0,1479.0
Glossophaga mutica,1418243659,MX,90.0,2008,CC_BY_4_0,302.5
Glossophaga mutica,1418245229,MX,90.0,1988,CC_BY_4_0,119.0
Glossophaga mutica,1418245342,MX,90.0,1974,CC_BY_4_0,1390.5
Glossophaga mutica,1418245894,MX,70.0,1995,CC_BY_4_0,618.5
Glossophaga mutica,1418246446,MX,90.0,2006,CC_BY_4_0,1194.5
Glossophaga mutica,1418248366,MX,90.0,1989,CC_BY_4_0,960.0
Glossophaga mutica,1418251436,MX,90.0,1993,CC_BY_4_0,923.5
Glossophaga mutica,4169248443,MX,,2017,CC_BY_4_0,102.5
Lasiurus blossevillii,1571717240,CO,859.0,2012,CC_BY_4_0,1034.0
Lasiurus blossevillii,1571717274,CO,544.0,2009,CC_BY_4_0,443.5
Lasiurus blossevillii,4022906616,EC,,2019,CC_BY_NC_4_0,933.5
Lasiurus blossevillii,1987325413,PY,,1978,CC_BY_NC_4_0,218.5
Lasiurus blossevillii,1987303903,PY,24017.0,1979,CC_BY_NC_4_0,246.0
Lasiurus blossevillii,1317659270,BO,,1994,CC0_1_0,260.5
Lasiurus blossevillii,1321728213,BO,,1994,CC0_1_0,404.0
Lasiurus blossevillii,5283683681,CO,,2018,CC_BY_4_0,1651.5
Lasiurus blossevillii,2884006425,CO,,2000,CC_BY_NC_4_0,723.5
Lasiurus blossevillii,1020746691,CO,100.0,1977,CC_BY_NC_4_0,995.0
Lasiurus blossevillii,1020747090,CO,25117.2,2010,CC_BY_NC_4_0,257.0
Lasiurus blossevillii,1805727925,EC,,2011,CC0_1_0,227.5
Lasiurus blossevillii,4499854309,CO,,2022,CC_BY_NC_4_0,1280.5
Lasiurus blossevillii,3346363245,SR,,2006,CC_BY_4_0,296.5
Lasiurus blossevillii,3349968407,BR,,1998,CC_BY_4_0,681.0
Lasiurus blossevillii,865727955,BR,10000.0,1972,CC_BY_4_0,853.0
Lasiurus blossevillii,5886779737,BR,,2004,CC_BY_NC_4_0,1137.5
Lasiurus blossevillii,202070840,AR,,2004,CC0_1_0,606.0
Lasiurus blossevillii,894785219,AR,,1998,CC0_1_0,1129.5
Lasiurus blossevillii,894779721,AR,301.0,1990,CC0_1_0,1191.0
Lasiurus blossevillii,894783333,AR,,2003,CC0_1_0,1051.5
Lasiurus blossevillii,894783627,AR,,2004,CC0_1_0,1593.5
Lasiurus blossevillii,894781084,AR,,1990,CC0_1_0,631.5
Lasiurus blossevillii,894783354,AR,1000.0,2003,CC0_1_0,1438.5
Lasiurus blossevillii,894783619,AR,,2004,CC0_1_0,976.0
Lasiurus blossevillii,894783781,AR,,2004,CC0_1_0,1475.5
Lasiurus blossevillii,894787268,AR,,2006,CC0_1_0,1449.0
Lasiurus blossevillii,1323972950,BR,,1998,CC_BY_4_0,684.5
Lasiurus blossevillii,5099445919,BO,1000.0,1990,CC0_1_0,1122.5
Lasiurus blossevillii,5099417841,AR,3474.0,1971,CC0_1_0,1296.0
Lasiurus blossevillii,1122708896,AR,,1992,CC_BY_NC_4_0,638.5
Lasiurus blossevillii,2650655432,CO,220.0,2008,CC_BY_NC_4_0,1569.0
Lasiurus blossevillii,5147086052,BR,18491.0,1993,CC0_1_0,309.5
Lasiurus blossevillii,1211801534,CO,,1973,CC_BY_4_0,1070.5
Lasiurus blossevillii,1211806285,CO,,1975,CC_BY_4_0,474.5
Lasiurus blossevillii,686486063,PY,5.0,2000,CC_BY_4_0,420.5
Micronycteris megalotis,1571717800,CO,505.0,2014,CC_BY_4_0,263.0
Micronycteris megalotis,4022906729,EC,,2018,CC_BY_NC_4_0,170.0
Micronycteris megalotis,4022906757,EC,,2020,CC_BY_NC_4_0,1731.0
Micronycteris megalotis,4022906877,EC,,2018,CC_BY_NC_4_0,1542.5
Micronycteris megalotis,4022906878,EC,,2019,CC_BY_NC_4_0,278.5
Micronycteris megalotis,4022906896,EC,,2021,CC_BY_NC_4_0,301.5
Micronycteris megalotis,4022906903,EC,,2019,CC_BY_NC_4_0,273.0
Micronycteris megalotis,5082839480,EC,,2023,CC_BY_NC_4_0,1156.5
Micronycteris megalotis,5082839800,EC,,2024,CC_BY_NC_4_0,1961.5
Micronycteris megalotis,1987247577,BO,24787.0,1978,CC_BY_NC_4_0,240.5
Micronycteris megalotis,5103755316,EC,,2008,CC_BY_NC_4_0,459.0
Micronycteris megalotis,1656007064,CO,1367.0,2007,CC_BY_NC_4_0,137.5
Micronycteris megalotis,1656007067,CO,210.0,2011,CC_BY_NC_4_0,0.0
Micronycteris megalotis,4857992525,TT,3656.0,1974,CC0_1_0,197.0
Micronycteris megalotis,4857992524,TT,1316.0,1974,CC0_1_0,251.5
Micronycteris megalotis,4857993743,TT,916.0,1974,CC0_1_0,265.5
Micronycteris megalotis,1322982677,GY,,1999,CC0_1_0,18.5
Micronycteris megalotis,1319705241,TT,,1981,CC0_1_0,248.0
Micronycteris megalotis,1320965425,GY,,1993,CC0_1_0,7.0
Micronycteris megalotis,1322460172,TT,,1979,CC0_1_0,0.0
Micronycteris megalotis,1319693538,EC,,1979,CC0_1_0,139.5
Micronycteris megalotis,2884006467,CO,,2003,CC_BY_NC_4_0,728.0
Micronycteris megalotis,2804482894,EC,250.0,2006,CC0_1_0,539.5
Micronycteris megalotis,1919691670,VE,,1990,CC0_1_0,222.0
Micronycteris megalotis,3013405555,BR,,1975,CC_BY_4_0,630.0
Micronycteris megalotis,3013406398,BR,,1976,CC_BY_4_0,427.5
Micronycteris megalotis,3013406495,BR,,2014,CC_BY_4_0,668.0
Micronycteris megalotis,3013407113,BR,,1988,CC_BY_4_0,0.0
Micronycteris megalotis,3013407342,BR,,1974,CC_BY_4_0,756.0
Micronycteris megalotis,3013407624,BR,,1976,CC_BY_4_0,631.0
Micronycteris megalotis,1676079932,CO,6.0,2015,CC_BY_NC_4_0,1766.0
Micronycteris megalotis,1676080021,CO,7.0,2015,CC_BY_NC_4_0,115.0
Micronycteris megalotis,1676080611,CO,5.0,2015,CC_BY_NC_4_0,1309.5
Micronycteris megalotis,1020746882,CO,600.0,2009,CC_BY_NC_4_0,837.0
Micronycteris megalotis,1020746946,CO,32426.0,2009,CC_BY_NC_4_0,1125.0
Micronycteris megalotis,45870921,TT,,1970,CC0_1_0,70.0
Micronycteris megalotis,45870957,PE,,1971,CC0_1_0,1109.0
Micronycteris megalotis,45871133,PE,,1978,CC0_1_0,2408.0
Micronycteris megalotis,45871135,PE,,1978,CC0_1_0,425.0
Micronycteris megalotis,1977888638,CO,,2013,CC0_1_0,87.0
Micronycteris megalotis,1609371594,CO,,2014,CC0_1_0,201.0
Micronycteris megalotis,919142895,CO,1058.0,2011,CC0_1_0,2.0
Micronycteris megalotis,919141155,CO,1122.0,2010,CC0_1_0,2.0
Micronycteris megalotis,1949916514,CO,8.0,2017,CC_BY_NC_4_0,1811.0
Micronycteris megalotis,1314967092,CO,224.0,1998,CC_BY_NC_4_0,1560.5
Micronycteris megalotis,1314967119,CO,1900.0,1974,CC_BY_NC_4_0,10.0
Micronycteris megalotis,1806452619,CO,18682.0,1993,CC_BY_NC_4_0,755.5
Micronycteris megalotis,1314967084,CO,750.0,2001,CC_BY_NC_4_0,2449.0
Micronycteris megalotis,1314967114,CO,2890.0,1979,CC_BY_NC_4_0,800.0
Micronycteris megalotis,1314967122,CO,801.0,2000,CC_BY_NC_4_0,411.5
Micronycteris megalotis,1806449306,CO,7865.6,1988,CC_BY_NC_4_0,484.5
Micronycteris megalotis,1806452678,CO,1434.6,1995,CC_BY_NC_4_0,316.0
Micronycteris megalotis,1806453414,CO,1408.6,1996,CC_BY_NC_4_0,808.0
Micronycteris megalotis,1806452950,CO,1001.6,1995,CC_BY_NC_4_0,90.0
Micronycteris megalotis,1806452961,CO,1329.6,1995,CC_BY_NC_4_0,126.5
Micronycteris megalotis,1314967091,CO,786.0,1979,CC_BY_NC_4_0,192.0
Micronycteris megalotis,1806449289,CO,8613.0,1988,CC_BY_NC_4_0,364.5
Micronycteris megalotis,1806451331,CO,14015.0,1992,CC_BY_NC_4_0,1323.0
Micronycteris megalotis,1806451510,CO,1140.91,1990,CC_BY_NC_4_0,1989.0
Micronycteris megalotis,4979125856,CO,,2021,CC_BY_NC_4_0,294.5
Micronycteris megalotis,4979115139,CO,,2016,CC_BY_NC_4_0,946.0
Micronycteris megalotis,4979160639,CO,,2021,CC_BY_NC_4_0,198.5
Micronycteris megalotis,4979114838,CO,,2015,CC_BY_NC_4_0,45.0
Micronycteris megalotis,4979138496,CO,,2015,CC_BY_NC_4_0,179.0
Micronycteris megalotis,4979156463,CO,,2012,CC_BY_NC_4_0,1505.0
Micronycteris megalotis,3008955368,CO,,2018,CC_BY_4_0,332.0
Micronycteris megalotis,3008955643,CO,,2015,CC_BY_4_0,302.5
Micronycteris megalotis,1883746519,PE,,2013,CC0_1_0,564.5
Micronycteris megalotis,665915987,PE,,2001,CC0_1_0,1121.0
Micronycteris megalotis,665925290,PE,,1985,CC0_1_0,900.0
Micronycteris megalotis,665925729,PE,,2001,CC0_1_0,2497.5
Micronycteris megalotis,665733445,PE,,1985,CC0_1_0,603.5
Micronycteris megalotis,665908064,BR,,1989,CC0_1_0,592.5
Micronycteris megalotis,665717365,PE,,1987,CC0_1_0,1213.0
Micronycteris megalotis,665862150,VE,,1984,CC0_1_0,81.5
Micronycteris megalotis,665916050,PE,,2001,CC0_1_0,472.5
Micronycteris megalotis,3890564562,CO,,2017,CC_BY_NC_4_0,967.5
Micronycteris megalotis,3710474060,CO,,2019,CC_BY_NC_4_0,19.0
Micronycteris megalotis,3710473399,CO,,2021,CC_BY_NC_4_0,1892.0
Micronycteris megalotis,5904951324,CO,,2022,CC_BY_NC_4_0,1327.5
Micronycteris megalotis,2422214964,CO,,2017,CC_BY_NC_4_0,1119.5
Micronycteris megalotis,3710474165,CO,,2020,CC_BY_NC_4_0,752.5
Micronycteris megalotis,3346883321,GY,,2002,CC_BY_4_0,707.0
Micronycteris megalotis,3350100600,GY,,2001,CC_BY_4_0,78.0
Micronycteris megalotis,3346411155,SR,,2006,CC_BY_4_0,109.0
Micronycteris megalotis,3346808181,GY,,2005,CC_BY_4_0,398.0
Micronycteris megalotis,3350140488,GY,,1996,CC_BY_4_0,250.0
Micronycteris megalotis,3346889551,GY,,1997,CC_BY_4_0,632.5
Micronycteris megalotis,3346888309,GY,,1997,CC_BY_4_0,81.0
Micronycteris megalotis,3346839703,GY,,2003,CC_BY_4_0,1324.0
Micronycteris megalotis,3350084412,GY,,1997,CC_BY_4_0,94.0
Micronycteris megalotis,3346872465,GY,,2005,CC_BY_4_0,469.5
Micronycteris megalotis,3346869762,GY,,1997,CC_BY_4_0,517.0
Micronycteris megalotis,3346788214,EC,,1996,CC_BY_4_0,808.5
Micronycteris megalotis,3346821732,GY,,1996,CC_BY_4_0,239.0
Micronycteris megalotis,3346890316,GY,,2004,CC_BY_4_0,1243.0
Micronycteris megalotis,3349970388,GY,,1997,CC_BY_4_0,303.5
Micronycteris megalotis,3346831362,GY,,1994,CC_BY_4_0,100.5
Micronycteris megalotis,3346846303,GY,,2001,CC_BY_4_0,21.5
Micronycteris megalotis,3346841158,GY,,1997,CC_BY_4_0,97.0
Micronycteris megalotis,3349776314,SR,,2006,CC_BY_4_0,248.5
Micronycteris megalotis,3346841159,EC,,1995,CC_BY_4_0,249.0
Micronycteris megalotis,3346889725,GY,,1997,CC_BY_4_0,80.5
Micronycteris megalotis,865730968,EC,10000.0,1992,CC_BY_4_0,689.0
Micronycteris megalotis,865731170,PE,1000.0,1980,CC_BY_4_0,115.5
Micronycteris megalotis,6120807935,BR,,2000,CC_BY_4_0,577.0
Micronycteris megalotis,6120816930,BR,,1986,CC_BY_4_0,125.0
Micronycteris megalotis,6120815893,BR,,2006,CC_BY_4_0,481.0
Micronycteris megalotis,6120801645,BR,,2000,CC_BY_4_0,1060.0
Micronycteris megalotis,4026663121,CO,,2015,CC_BY_NC_4_0,542.5
Micronycteris megalotis,4026684046,CO,,2015,CC_BY_NC_4_0,266.0
Micronycteris megalotis,4026684690,CO,,2015,CC_BY_NC_4_0,45.0
Micronycteris megalotis,1676065363,CO,,2016,CC0_1_0,557.0
Micronycteris megalotis,1676065366,CO,,2016,CC0_1_0,458.0
Micronycteris megalotis,1676065525,CO,,2014,CC0_1_0,327.0
Micronycteris megalotis,1427573843,CO,,2014,CC_BY_NC_4_0,1276.5
Micronycteris megalotis,202072006,BR,21500.0,1978,CC0_1_0,941.0
Micronycteris megalotis,4097141478,BR,,1990,CC_BY_NC_4_0,574.5
Micronycteris megalotis,4097141633,BR,,1989,CC_BY_NC_4_0,521.5
Micronycteris megalotis,1323974192,BR,,2009,CC_BY_4_0,483.5
Micronycteris megalotis,1323974243,BR,,2009,CC_BY_4_0,153.5
Micronycteris megalotis,5099716108,EC,,2017,CC0_1_0,6.0
Micronycteris megalotis,5099432264,PE,7597.0,1982,CC0_1_0,2891.5
Micronycteris megalotis,5099719081,EC,,2017,CC0_1_0,1976.5
Micronycteris megalotis,3463351436,CO,,2016,CC_BY_NC_4_0,1995.0
Micronycteris megalotis,3863929304,CO,,2019,CC_BY_NC_4_0,739.0
Micronycteris megalotis,3863929357,CO,,2022,CC_BY_NC_4_0,1440.0
Micronycteris megalotis,4412289333,CO,,2023,CC_BY_NC_4_0,172.0
Micronycteris megalotis,4412289385,CO,,2023,CC_BY_NC_4_0,196.0
Micronycteris megalotis,3962334407,EC,,2021,CC_BY_NC_4_0,286.5
Micronycteris megalotis,675928996,TT,,1983,CC0_1_0,20.5
Micronycteris megalotis,85178512,VE,,1976,CC_BY_NC_4_0,71.0
Micronycteris megalotis,1122694681,VE,,1974,CC_BY_NC_4_0,131.0
Micronycteris megalotis,2650654634,CO,1130.0,2005,CC_BY_NC_4_0,505.5
Micronycteris megalotis,2650654765,CO,,2012,CC_BY_NC_4_0,1516.5
Micronycteris megalotis,2650656307,CO,,2011,CC_BY_NC_4_0,68.5
Micronycteris megalotis,859489170,PE,,1970,CC0_1_0,2392.0
Micronycteris megalotis,5147190892,TT,6043.0,1977,CC0_1_0,494.5
Micronycteris megalotis,1323925992,SR,,2012,CC_BY_4_0,252.5
Micronycteris megalotis,1211801897,GY,,1971,CC_BY_4_0,106.0
Micronycteris megalotis,1211802603,GY,,1990,CC_BY_4_0,126.5
Micronycteris megalotis,1211812670,GY,,1973,CC_BY_4_0,81.0
Micronycteris megalotis,1211813723,GY,,1972,CC_BY_4_0,17.5
Micronycteris megalotis,1211812122,GY,,1970,CC_BY_4_0,79.0
Micronycteris megalotis,1323929908,SR,,2010,CC_BY_4_0,223.0
Micronycteris megalotis,1837224419,PE,,2014,CC_BY_4_0,31.0
Micronycteris megalotis,1211794761,GY,,1971,CC_BY_4_0,143.5
Micronycteris megalotis,1211810334,SR,,2002,CC_BY_4_0,399.5
Micronycteris megalotis,1211815802,GY,,1992,CC_BY_4_0,130.0
Micronycteris megalotis,1323929780,GY,,2012,CC_BY_4_0,104.0
Micronycteris megalotis,1211812239,GY,,1970,CC_BY_4_0,24.0
Micronycteris megalotis,1211816157,VE,,1997,CC_BY_4_0,64.0
Micronycteris megalotis,1211796314,GY,,1970,CC_BY_4_0,213.0
Micronycteris megalotis,1211800967,GY,,1971,CC_BY_4_0,166.5
Micronycteris megalotis,1211813500,VE,,1997,CC_BY_4_0,51.5
Micronycteris megalotis,1323925670,SR,,2008,CC_BY_4_0,743.0
Micronycteris megalotis,1323928661,PE,,2012,CC_BY_4_0,122.0
Micronycteris megalotis,1323929483,GY,,2013,CC_BY_4_0,262.5
Micronycteris megalotis,1323929844,GY,,2012,CC_BY_4_0,89.0
Micronycteris megalotis,1837224093,PE,,2014,CC_BY_4_0,235.0
Micronycteris megalotis,1211793190,GY,,1974,CC_BY_4_0,177.0
Micronycteris megalotis,1211794045,GY,,1970,CC_BY_4_0,112.0
Micronycteris megalotis,1211794414,GY,,1974,CC_BY_4_0,132.0
Micronycteris megalotis,1211797716,GY,,1974,CC_BY_4_0,193.5
Micronycteris megalotis,5147086048,BR,5243.0,1993,CC0_1_0,74.0
Micronycteris megalotis,1211803752,GY,,1970,CC_BY_4_0,111.0
Micronycteris megalotis,1323929487,GY,,2013,CC_BY_4_0,144.0
Molossops temminckii,1571717701,CO,505.0,2014,CC_BY_4_0,242.5
Molossops temminckii,1571717838,CO,505.0,2015,CC_BY_4_0,307.0
Molossops temminckii,1987330721,PY,9015.0,1977,CC_BY_NC_4_0,89.0
Molossops temminckii,1987285548,BO,30641.0,1980,CC_BY_NC_4_0,314.0
Molossops temminckii,1987262486,PY,61534.0,1976,CC_BY_NC_4_0,132.0
Molossops temminckii,1987283344,PY,24011.0,1976,CC_BY_NC_4_0,175.0
Molossops temminckii,1987351043,PY,10892.0,1979,CC_BY_NC_4_0,70.0
Molossops temminckii,1987235972,PY,3015.0,1981,CC_BY_NC_4_0,80.5
Molossops temminckii,1987265660,PY,24218.0,1977,CC_BY_NC_4_0,149.0
Molossops temminckii,1987323248,PY,14490.0,1979,CC_BY_NC_4_0,137.5
Molossops temminckii,1656007168,CO,749.0,1992,CC_BY_NC_4_0,35.5
Molossops temminckii,3013406709,BR,,1974,CC_BY_4_0,809.0
Molossops temminckii,3013407626,BR,,1973,CC_BY_4_0,831.5
Molossops temminckii,1676079982,CO,7.0,2015,CC_BY_NC_4_0,100.5
Molossops temminckii,1020747040,CO,3600.0,2013,CC_BY_NC_4_0,147.5
Molossops temminckii,45873338,PY,,1980,CC0_1_0,159.0
Molossops temminckii,45873341,PY,,1977,CC0_1_0,143.5
Molossops temminckii,2564826407,PY,,1972,CC0_1_0,192.0
Molossops temminckii,1806452847,CO,766.0,1995,CC_BY_NC_4_0,772.0
Molossops temminckii,1806451958,CO,2914.6,1985,CC_BY_NC_4_0,55.5
Molossops temminckii,1806452614,CO,18682.0,1993,CC_BY_NC_4_0,755.5
Molossops temminckii,3463354307,CO,,2021,CC_BY_NC_4_0,177.0
Molossops temminckii,3463354338,CO,,2021,CC_BY_NC_4_0,172.0
Molossops temminckii,382063354,AR,,1974,CC_BY_4_0,80.0
Molossops temminckii,382063464,AR,,1997,CC_BY_4_0,18.0
Molossops temminckii,382063355,AR,,1975,CC_BY_4_0,116.0
Molossops temminckii,382063367,AR,,1976,CC_BY_4_0,83.0
Molossops temminckii,382063414,AR,,1996,CC_BY_4_0,81.0
Molossops temminckii,382070185,AR,,2004,CC_BY_4_0,70.5
Molossops temminckii,1821670650,BR,,2002,CC_BY_NC_4_0,164.0
Molossops temminckii,1821670682,BR,,2008,CC_BY_NC_4_0,558.0
Molossops temminckii,4929183501,BR,,2012,CC_BY_4_0,8.0
Molossops temminckii,3710473497,CO,,2021,CC_BY_NC_4_0,123.5
Molossops temminckii,3710474729,CO,,2018,CC_BY_NC_4_0,115.5
Molossops temminckii,3019442301,PE,,2016,CC_BY_NC_4_0,242.5
Molossops temminckii,3350086484,EC,,1995,CC_BY_4_0,265.0
Molossops temminckii,3346871518,GY,,2008,CC_BY_4_0,88.5
Molossops temminckii,6190920160,CO,,2018,CC_BY_4_0,114.0
Molossops temminckii,865733885,PY,1000.0,1988,CC_BY_4_0,225.5
Molossops temminckii,865734068,PY,1000.0,1980,CC_BY_4_0,268.0
Molossops temminckii,865733698,BR,10000.0,1982,CC_BY_4_0,68.0
Molossops temminckii,865733906,PY,1000.0,1996,CC_BY_4_0,245.0
Molossops temminckii,865733963,PY,10000.0,1991,CC_BY_4_0,97.0
Molossops temminckii,865733994,BR,10000.0,1978,CC_BY_4_0,416.5
Molossops temminckii,865734069,PY,1000.0,1980,CC_BY_4_0,145.0
Molossops temminckii,865734077,PY,1000.0,1982,CC_BY_4_0,118.0
Molossops temminckii,865734078,PY,1000.0,1983,CC_BY_4_0,133.0
Molossops temminckii,865734081,PY,1000.0,1983,CC_BY_4_0,76.0
Molossops temminckii,865733548,PY,10000.0,1982,CC_BY_4_0,200.0
Molossops temminckii,865733935,BO,10000.0,1993,CC_BY_4_0,399.0
Molossops temminckii,865733974,PY,1000.0,1984,CC_BY_4_0,167.0
Molossops temminckii,865734017,PY,1000.0,1984,CC_BY_4_0,96.0
Molossops temminckii,865734056,PY,1000.0,1985,CC_BY_4_0,80.5
Molossops temminckii,865734074,PY,1000.0,1983,CC_BY_4_0,209.0
Molossops temminckii,865734087,PY,1000.0,1982,CC_BY_4_0,229.5
Molossops temminckii,865734103,PY,1000.0,1982,CC_BY_4_0,132.0
Molossops temminckii,865733547,PY,1000.0,1986,CC_BY_4_0,211.0
Molossops temminckii,865733894,PY,10000.0,1987,CC_BY_4_0,94.0
Molossops temminckii,865734030,PY,1000.0,1985,CC_BY_4_0,104.0
Molossops temminckii,865734067,PY,1000.0,1980,CC_BY_4_0,234.5
Molossops temminckii,865734084,PY,10000.0,1981,CC_BY_4_0,140.0
Molossops temminckii,865734091,PY,1000.0,1981,CC_BY_4_0,87.0
Molossops temminckii,865734093,PY,1000.0,1982,CC_BY_4_0,60.0
Molossops temminckii,865734120,PY,10000.0,1978,CC_BY_4_0,137.0
Molossops temminckii,3024408726,PY,1000.0,1984,CC_BY_NC_4_0,108.5
Molossops temminckii,3024355340,PY,1000.0,1984,CC_BY_NC_4_0,358.5
Molossops temminckii,3024401994,PY,1000.0,1984,CC_BY_NC_4_0,245.5
Molossops temminckii,4026687581,CO,,2021,CC_BY_NC_4_0,94.0
Molossops temminckii,4026657723,CO,,2013,CC_BY_NC_4_0,128.0
Molossops temminckii,4026685682,CO,,2021,CC_BY_NC_4_0,147.5
Molossops temminckii,3356349483,BR,5500.0,1992,CC0_1_0,443.0
Molossops temminckii,202074177,AR,,1985,CC0_1_0,613.0
Molossops temminckii,202074185,PY,3036.0,1984,CC0_1_0,166.0
Molossops temminckii,202074194,AR,,1985,CC0_1_0,326.5
Molossops temminckii,202077549,AR,,1993,CC0_1_0,178.0
Molossops temminckii,894781118,AR,1000.0,1990,CC0_1_0,66.0
Molossops temminckii,4097141681,BR,,1992,CC_BY_NC_4_0,483.0
Molossops temminckii,4097141697,BR,,2019,CC_BY_NC_4_0,816.0
Molossops temminckii,5099453680,BO,3536.0,1991,CC0_1_0,530.5
Molossops temminckii,5099439322,BO,3550.0,1984,CC0_1_0,315.0
Molossops temminckii,5099593698,BO,1000.0,1984,CC0_1_0,307.0
Molossops temminckii,5099451671,BO,3531.0,1991,CC0_1_0,639.5
Molossops temminckii,3962334130,EC,,2021,CC_BY_NC_4_0,241.0
Molossops temminckii,675834899,VE,,1973,CC0_1_0,47.0
Molossops temminckii,1638476580,AR,,1995,CC_BY_NC_4_0,638.5
Molossops temminckii,2650655379,CO,1130.0,2004,CC_BY_NC_4_0,505.5
Molossops temminckii,2650656002,CO,,2012,CC_BY_NC_4_0,68.5
Molossops temminckii,859388009,BO,,1984,CC0_1_0,308.0
Molossops temminckii,859397951,BO,,1987,CC0_1_0,925.5
Molossops temminckii,859453508,BO,,1984,CC0_1_0,199.0
Molossops temminckii,859492526,BO,,1991,CC0_1_0,284.0
Molossops temminckii,5147075345,PY,12012.0,1972,CC0_1_0,106.5
Molossops temminckii,5147436054,BR,10004.0,1993,CC0_1_0,177.0
Molossops temminckii,5147071354,PY,10497.0,1972,CC0_1_0,61.0
Molossops temminckii,1211806644,CO,,1971,CC_BY_4_0,317.0
Molossops temminckii,1211794519,GY,,1971,CC_BY_4_0,132.0
Molossops temminckii,1211801025,GY,,1971,CC_BY_4_0,166.5
Molossops temminckii,1211801302,GY,,1973,CC_BY_4_0,106.0
Molossops temminckii,1211792550,GY,,1972,CC_BY_4_0,186.0
Molossops temminckii,1211795266,GY,,1971,CC_BY_4_0,116.0
Molossops temminckii,1211797790,GY,,1974,CC_BY_4_0,193.5
Molossops temminckii,5147428344,PY,540042.0,1973,CC0_1_0,88.5
Molossops temminckii,5147196340,PY,11521.0,1973,CC0_1_0,146.0
Molossops temminckii,5147190340,PY,11514.0,1972,CC0_1_0,110.0
Molossops temminckii,5147309348,PY,17979.0,1973,CC0_1_0,74.5
Molossus molossus,1571716138,CO,544.0,2003,CC_BY_4_0,911.0
Molossus molossus,1571716543,CO,544.0,2004,CC_BY_4_0,547.5
Molossus molossus,1571716977,CO,5973.0,2007,CC_BY_4_0,258.5
Molossus molossus,1571717143,CO,505.0,2010,CC_BY_4_0,150.0
Molossus molossus,1571717149,CO,138585.85,2010,CC_BY_4_0,137.0
Molossus molossus,1571717461,CO,505.0,2013,CC_BY_4_0,316.0
Molossus molossus,1571717721,CO,505.0,2014,CC_BY_4_0,294.5
Molossus molossus,1571717816,CO,544.0,2014,CC_BY_4_0,234.0
Molossus molossus,4022906441,EC,,2021,CC_BY_NC_4_0,1.0
Molossus molossus,4022906562,EC,,2019,CC_BY_NC_4_0,33.0
Molossus molossus,4022906577,EC,,2018,CC_BY_NC_4_0,240.5
Molossus molossus,4022906795,EC,,2019,CC_BY_NC_4_0,1246.0
Molossus molossus,1987238984,PY,61534.0,1977,CC_BY_NC_4_0,132.0
Molossus molossus,1987237802,PY,24017.0,1978,CC_BY_NC_4_0,246.0
Molossus molossus,1987348698,PY,19931.0,1976,CC_BY_NC_4_0,138.0
Molossus molossus,1987285405,PY,9015.0,1977,CC_BY_NC_4_0,89.0
Molossus molossus,1987242239,PY,24218.0,1977,CC_BY_NC_4_0,149.0
Molossus molossus,2863950774,GT,36286.0,1996,CC_BY_NC_4_0,253.0
Molossus molossus,2863950777,GT,3036.0,1996,CC_BY_NC_4_0,6.5
Molossus molossus,3043788328,GT,,2000,CC_BY_NC_4_0,10.0
Molossus molossus,3043788331,GT,3036.0,1999,CC_BY_NC_4_0,491.5
Molossus molossus,1656007045,CO,946.0,2006,CC_BY_NC_4_0,742.5
Molossus molossus,1656007066,CO,211.0,1998,CC_BY_NC_4_0,162.0
Molossus molossus,1656007068,CO,210.0,2012,CC_BY_NC_4_0,0.0
Molossus molossus,1656007207,CO,681.0,2001,CC_BY_NC_4_0,39.5
Molossus molossus,1656007231,CO,749.0,2003,CC_BY_NC_4_0,35.5
Molossus molossus,4857884939,EC,,2004,CC0_1_0,8.5
Molossus molossus,4857905477,BB,,2007,CC0_1_0,6.5
Molossus molossus,4857906717,PY,1015.0,1997,CC0_1_0,72.0
Molossus molossus,4857934697,SV,3578.0,1977,CC0_1_0,13.0
Molossus molossus,4857978294,PY,1015.0,1997,CC0_1_0,92.5
Molossus molossus,4857861631,AR,3998.0,1970,CC0_1_0,1227.5
Molossus molossus,4857929535,SV,3578.0,1977,CC0_1_0,400.5
Molossus molossus,4857963111,VC,,2006,CC0_1_0,10.0
Molossus molossus,4858001307,TT,3656.0,1974,CC0_1_0,215.5
Molossus molossus,4857868868,TT,816.0,1974,CC0_1_0,27.5
Molossus molossus,4857884830,EC,,2004,CC0_1_0,0.0
Molossus molossus,4857894671,CR,2942.0,1971,CC0_1_0,50.5
Molossus molossus,4857908414,GP,3066.0,1974,CC0_1_0,0.0
Molossus molossus,4857929541,GT,2000.0,1977,CC0_1_0,11.0
Molossus molossus,4857929551,PA,3101.0,1977,CC0_1_0,32.5
Molossus molossus,4857934701,SV,3077.0,1977,CC0_1_0,780.0
Molossus molossus,4857934729,PA,4103.0,1977,CC0_1_0,17.5
Molossus molossus,4857940080,SR,,1980,CC0_1_0,25.0
Molossus molossus,4857945476,AR,3488.0,1970,CC0_1_0,238.0
Molossus molossus,4857962392,EC,,2004,CC0_1_0,69.0
Molossus molossus,4857965381,EC,3057.0,1975,CC0_1_0,1099.0
Molossus molossus,4857965477,EC,3057.0,1975,CC0_1_0,816.5
Molossus molossus,4857985070,GP,4731.0,1974,CC0_1_0,32.0
Molossus molossus,4857985073,GP,4997.0,1974,CC0_1_0,285.5
Molossus molossus,4857985082,GP,5040.0,1974,CC0_1_0,29.0
Molossus molossus,4857993270,TT,1316.0,1974,CC0_1_0,251.5
Molossus molossus,4858001978,NI,7931.0,1977,CC0_1_0,575.0
Molossus molossus,4858003497,TT,4152.0,1974,CC0_1_0,378.0
Molossus molossus,4858004196,SV,10043.0,1977,CC0_1_0,74.0
Molossus molossus,4858004202,MX,1793.0,1977,CC0_1_0,42.5
Molossus molossus,4858004209,NI,5590.0,1977,CC0_1_0,50.0
Molossus molossus,4858004214,PA,4101.0,1977,CC0_1_0,244.0
Molossus molossus,4858004222,PA,4348.0,1977,CC0_1_0,0.0
Molossus molossus,4858004236,PA,3599.0,1977,CC0_1_0,25.0
Molossus molossus,4858004242,PA,6102.0,1977,CC0_1_0,81.5
Molossus molossus,1835169701,TT,,2001,CC_BY_4_0,46.0
Molossus molossus,1319888741,EC,,1990,CC0_1_0,258.0
Molossus molossus,1836725100,SV,,2012,CC0_1_0,25.0
Molossus molossus,1321762841,GY,,1993,CC0_1_0,7.0
Molossus molossus,1321494145,TT,,1981,CC0_1_0,248.0
Molossus molossus,1318148046,BO,,1997,CC0_1_0,171.0
Molossus molossus,1320167858,TT,,1981,CC0_1_0,110.0
Molossus molossus,1322988020,PE,,1994,CC0_1_0,613.0
Molossus molossus,5098796403,CO,,2022,CC_BY_4_0,368.0
Molossus molossus,1039519088,VG,5421.0,2003,CC0_1_0,91.5
Molossus molossus,5283683805,CO,,2022,CC_BY_4_0,1144.5
Molossus molossus,2884006385,CO,,2001,CC_BY_NC_4_0,723.5
Molossus molossus,2804485917,EC,500.0,2006,CC0_1_0,515.5
Molossus molossus,2804488850,EC,2000.0,2006,CC0_1_0,1079.0
Molossus molossus,2804497399,EC,500.0,2006,CC0_1_0,1048.0
Molossus molossus,2804498803,EC,500.0,2006,CC0_1_0,835.0
Molossus molossus,2804498758,EC,500.0,2006,CC0_1_0,654.0
Molossus molossus,2804493494,EC,500.0,2006,CC0_1_0,255.0
Molossus molossus,2804494395,EC,500.0,2006,CC0_1_0,980.0
Molossus molossus,2804494517,EC,100.0,2006,CC0_1_0,8.0
Molossus molossus,3013405412,BR,,1974,CC_BY_4_0,559.0
Molossus molossus,3013405823,BR,,1993,CC_BY_4_0,744.0
Molossus molossus,3013406073,BR,,2013,CC_BY_4_0,626.0
Molossus molossus,3013406076,BR,,1976,CC_BY_4_0,427.5
Molossus molossus,3013406425,BR,,1976,CC_BY_4_0,59.5
Molossus molossus,3013406645,BR,,1979,CC_BY_4_0,843.5
Molossus molossus,3013406814,BR,,1978,CC_BY_4_0,128.5
Molossus molossus,3013407140,BR,,1998,CC_BY_4_0,712.0
Molossus molossus,3013407143,BR,,1997,CC_BY_4_0,1010.0
Molossus molossus,3013407175,BR,,2017,CC_BY_4_0,688.0
Molossus molossus,3013407280,BR,,2011,CC_BY_4_0,546.0
Molossus molossus,3013407445,BR,,1986,CC_BY_4_0,347.0
Molossus molossus,2824258456,BR,,2015,CC_BY_NC_4_0,44.0
Molossus molossus,2824258656,BR,,2017,CC_BY_NC_4_0,7.0
Molossus molossus,2824258665,BR,,2016,CC_BY_NC_4_0,51.0
Molossus molossus,1020746740,CO,23347.99,1988,CC_BY_NC_4_0,554.0
Molossus molossus,1020746778,CO,52419.41,1988,CC_BY_NC_4_0,153.0
Molossus molossus,1020747124,CO,100.0,2006,CC_BY_NC_4_0,995.0
Molossus molossus,3026678321,CO,,2019,CC_BY_NC_4_0,96.0
Molossus molossus,45873364,PE,,1981,CC0_1_0,349.5
Molossus molossus,45873346,PY,,1976,CC0_1_0,140.0
Molossus molossus,45873092,PA,,1973,CC0_1_0,28.0
Molossus molossus,45873015,TT,,1970,CC0_1_0,70.0
Molossus molossus,45873430,PE,,1981,CC0_1_0,207.0
Molossus molossus,45873027,PE,,1971,CC0_1_0,160.0
Molossus molossus,45873031,PE,,1971,CC0_1_0,777.0
Molossus molossus,45873078,CR,,1972,CC0_1_0,79.5
Molossus molossus,45873141,PE,,1974,CC0_1_0,1040.0
Molossus molossus,45873240,PE,,1978,CC0_1_0,425.0
Molossus molossus,45873354,BO,,1981,CC0_1_0,133.0
Molossus molossus,45873362,PE,,1980,CC0_1_0,133.5
Molossus molossus,3068259569,CO,,2003,CC0_1_0,5.0
Molossus molossus,3068259572,CO,,2005,CC0_1_0,165.0
Molossus molossus,3068259598,CO,,2005,CC0_1_0,128.0
Molossus molossus,3068259704,CO,,2006,CC0_1_0,71.5
Molossus molossus,3068259810,CO,,2004,CC0_1_0,107.0
Molossus molossus,3068260047,CO,,2003,CC0_1_0,63.5
Molossus molossus,3068260215,CO,,2001,CC0_1_0,49.5
Molossus molossus,919144074,CO,33837.0,1986,CC0_1_0,155.0
Molossus molossus,1893489127,MX,3688.0,1970,CC_BY_4_0,89.0
Molossus molossus,1314966216,CO,1626.0,1985,CC_BY_NC_4_0,590.0
Molossus molossus,1314966219,CO,3185.23,2002,CC_BY_NC_4_0,1215.0
Molossus molossus,1314966242,CO,1500.0,1980,CC_BY_NC_4_0,0.0
Molossus molossus,1806450681,CO,2480.0,1987,CC_BY_NC_4_0,468.0
Molossus molossus,3463354335,CO,,2021,CC_BY_NC_4_0,171.0
Molossus molossus,1806452674,CO,7500.0,1995,CC_BY_NC_4_0,320.0
Molossus molossus,3463354305,CO,,2021,CC_BY_NC_4_0,177.0
Molossus molossus,1314966224,CO,360.0,1987,CC_BY_NC_4_0,1178.5
Molossus molossus,1806452373,CO,1200.0,1994,CC_BY_NC_4_0,446.0
Molossus molossus,1806452601,CO,18682.0,1993,CC_BY_NC_4_0,755.5
Molossus molossus,1806452948,CO,,1995,CC_BY_NC_4_0,112.5
Molossus molossus,1806453567,CO,1725.0,1996,CC_BY_NC_4_0,312.0
Molossus molossus,4100391302,CO,,2019,CC_BY_NC_4_0,94.5
Molossus molossus,1314966218,CO,900.0,1987,CC_BY_NC_4_0,859.5
Molossus molossus,1806450489,CO,565.0,1991,CC_BY_NC_4_0,433.0
Molossus molossus,1806451692,CO,1000.0,1993,CC_BY_NC_4_0,996.5
Molossus molossus,1806452839,CO,712.6,1995,CC_BY_NC_4_0,696.0
Molossus molossus,1806453432,CO,1680.0,1995,CC_BY_NC_4_0,342.5
Molossus molossus,382064733,AR,,1986,CC_BY_4_0,3.0
Molossus molossus,382064878,AR,,2000,CC_BY_4_0,57.0
Molossus molossus,382064395,AR,,1970,CC_BY_4_0,83.0
Molossus molossus,382064433,AR,,1970,CC_BY_4_0,99.5
Molossus molossus,3008956071,CO,,2003,CC_BY_4_0,362.0
Molossus molossus,3008956563,CO,,2003,CC_BY_4_0,413.0
Molossus molossus,4929178814,BR,,2018,CC_BY_4_0,8.0
Molossus molossus,1805727684,PR,,2009,CC0_1_0,0.0
Molossus molossus,665886774,VE,,1974,CC0_1_0,41.0
Molossus molossus,5203221418,DM,500.0,1991,CC0_1_0,345.5
Molossus molossus,665905007,CO,13.46,1980,CC0_1_0,13.0
Molossus molossus,665896798,BZ,0.92,1978,CC0_1_0,60.0
Molossus molossus,1805728055,BR,,1993,CC0_1_0,867.5
Molossus molossus,665720133,PE,,1985,CC0_1_0,900.0
Molossus molossus,665883791,VI,,2003,CC0_1_0,17.0
Molossus molossus,665905446,PY,16.19,1991,CC0_1_0,83.0
Molossus molossus,665901675,BZ,2.35,1973,CC0_1_0,51.0
Molossus molossus,665851569,BO,1.16,1973,CC0_1_0,133.0
Molossus molossus,665748864,PE,,1976,CC0_1_0,149.0
Molossus molossus,665727981,PE,,1980,CC0_1_0,104.0
Molossus molossus,3890565518,CO,,2016,CC_BY_NC_4_0,342.5
Molossus molossus,1609370994,CO,,2001,CC_BY_NC_4_0,636.0
Molossus molossus,1609371256,CO,,2005,CC_BY_NC_4_0,1049.5
Molossus molossus,5904951934,CO,,2022,CC_BY_NC_4_0,317.5
Molossus molossus,3710474138,CO,,2020,CC_BY_NC_4_0,54.0
Molossus molossus,3710474219,CO,,2019,CC_BY_NC_4_0,126.0
Molossus molossus,3710473589,CO,,2021,CC_BY_NC_4_0,819.5
Molossus molossus,3710473700,CO,,2018,CC_BY_NC_4_0,117.0
Molossus molossus,3710473703,CO,,2018,CC_BY_NC_4_0,114.0
Molossus molossus,3710474250,CO,,2019,CC_BY_NC_4_0,125.0
Molossus molossus,3710474622,CO,,2021,CC_BY_NC_4_0,1228.0
Molossus molossus,5904950789,CO,,2024,CC_BY_NC_4_0,687.5
Molossus molossus,4168572325,MX,90.0,2004,CC_BY_4_0,54.5
Molossus molossus,2871446480,CO,,2019,CC_BY_NC_4_0,86.0
Molossus molossus,1417807813,MX,100.0,1980,CC_BY_4_0,21.0
Molossus molossus,1417806558,MX,100.0,1980,CC_BY_4_0,283.5
Molossus molossus,3346839811,GY,,2005,CC_BY_4_0,451.0
Molossus molossus,3349697251,SR,,2006,CC_BY_4_0,83.0
Molossus molossus,6190440539,AR,,2021,CC_BY_4_0,356.0
Molossus molossus,3349684224,SR,,2006,CC_BY_4_0,58.0
Molossus molossus,3351309938,PA,,2012,CC_BY_4_0,80.0
Molossus molossus,6218267404,AR,,2021,CC_BY_4_0,1234.0
Molossus molossus,3346820696,GY,,1997,CC_BY_4_0,509.5
Molossus molossus,6237424570,AR,,2021,CC_BY_4_0,1184.0
Molossus molossus,3349733096,GY,,1997,CC_BY_4_0,100.5
Molossus molossus,6190253623,AR,,2017,CC_BY_4_0,22.0
Molossus molossus,3349954623,GY,,1994,CC_BY_4_0,92.0
Molossus molossus,3350060552,EC,,1996,CC_BY_4_0,265.0
Molossus molossus,3351436104,PA,,2012,CC_BY_4_0,0.0
Molossus molossus,6189907412,AR,,2017,CC_BY_4_0,19.0
Molossus molossus,3346872568,GY,,2001,CC_BY_4_0,21.5
Molossus molossus,3346871318,PA,,1995,CC_BY_4_0,48.0
Molossus molossus,3349950516,GY,,1996,CC_BY_4_0,239.0
Molossus molossus,865733891,PY,10000.0,1996,CC_BY_4_0,136.0
Molossus molossus,865733925,AR,10000.0,1995,CC_BY_4_0,8.0
Molossus molossus,865734131,PY,10000.0,1978,CC_BY_4_0,140.0
Molossus molossus,865734050,PY,1000.0,1985,CC_BY_4_0,133.0
Molossus molossus,865734116,GF,10000.0,1994,CC_BY_4_0,15.5
Molossus molossus,1142105341,LC,10000.0,1979,CC_BY_4_0,195.5
Molossus molossus,1143377660,GF,1000.0,2007,CC_BY_4_0,34.0
Molossus molossus,865733620,CO,10000.0,1982,CC_BY_4_0,253.5
Molossus molossus,865733932,BO,10000.0,1993,CC_BY_4_0,399.0
Molossus molossus,865734125,PY,1000.0,1979,CC_BY_4_0,209.0
Molossus molossus,865733598,BR,10000.0,1972,CC_BY_4_0,853.0
Molossus molossus,865733808,PY,1000.0,1986,CC_BY_4_0,293.0
Molossus molossus,865733838,PY,10000.0,1987,CC_BY_4_0,175.0
Molossus molossus,865733853,PY,10000.0,1987,CC_BY_4_0,94.0
Molossus molossus,865733934,EC,10000.0,1981,CC_BY_4_0,1127.5
Molossus molossus,865733946,PY,10000.0,1989,CC_BY_4_0,139.0
Molossus molossus,865734014,PY,1000.0,1984,CC_BY_4_0,96.0
Molossus molossus,865734031,PY,1000.0,1985,CC_BY_4_0,81.5
Molossus molossus,865734045,PY,1000.0,1985,CC_BY_4_0,110.0
Molossus molossus,865734117,GF,10000.0,1976,CC_BY_4_0,4.0
Molossus molossus,865734141,PY,1000.0,1979,CC_BY_4_0,91.0
Molossus molossus,6120817943,BR,,1998,CC_BY_4_0,0.0
Molossus molossus,6120824154,BR,,2000,CC_BY_4_0,577.0
Molossus molossus,3024397160,GP,1000.0,1982,CC_BY_NC_4_0,0.0
Molossus molossus,4026662525,CO,,2015,CC_BY_NC_4_0,192.0
Molossus molossus,4026658753,CO,,2017,CC_BY_NC_4_0,103.0
Molossus molossus,4026685697,CO,,2021,CC_BY_NC_4_0,142.0
Molossus molossus,4026689174,CO,,2021,CC_BY_NC_4_0,198.5
Molossus molossus,4026674573,CO,,2019,CC_BY_NC_4_0,197.5
Molossus molossus,4026687247,CO,,2022,CC_BY_NC_4_0,85.0
Molossus molossus,4026689270,CO,,2021,CC_BY_NC_4_0,67.5
Molossus molossus,1676065385,CO,,2016,CC0_1_0,155.5
Molossus molossus,1676065390,CO,,2016,CC0_1_0,557.0
Molossus molossus,5886777232,BR,,2004,CC_BY_NC_4_0,48.5
Molossus molossus,5886777248,BR,,2004,CC_BY_NC_4_0,63.5
Molossus molossus,5886777249,BR,,2004,CC_BY_NC_4_0,126.5
Molossus molossus,5886784524,BR,,2011,CC_BY_NC_4_0,651.5
Molossus molossus,5886784548,BR,,2018,CC_BY_NC_4_0,0.0
Molossus molossus,5886784551,BR,,2011,CC_BY_NC_4_0,97.0
Molossus molossus,5886788757,BR,,2006,CC_BY_NC_4_0,12.0
Molossus molossus,5886788760,BR,,2006,CC_BY_NC_4_0,17.0
Molossus molossus,5886788763,BR,,2007,CC_BY_NC_4_0,4.0
Molossus molossus,5886788768,BR,,2007,CC_BY_NC_4_0,165.5
Molossus molossus,5886788769,BR,,2009,CC_BY_NC_4_0,22.0
Molossus molossus,5886788891,BR,,2004,CC_BY_NC_4_0,256.0
Molossus molossus,5886788892,BR,,2009,CC_BY_NC_4_0,115.5
Molossus molossus,859264385,GT,,2003,CC0_1_0,339.0
Molossus molossus,859266555,GT,,1992,CC0_1_0,23.0
Molossus molossus,919442687,BO,9554.0,1979,CC0_1_0,425.0
Molossus molossus,919438228,BO,13041.0,1979,CC0_1_0,529.5
Molossus molossus,919451247,BO,15989.0,1980,CC0_1_0,447.0
Molossus molossus,202074216,BR,1500.0,1977,CC0_1_0,407.0
Molossus molossus,202077550,AR,,1993,CC0_1_0,184.0
Molossus molossus,202074180,AR,,1983,CC0_1_0,65.0
Molossus molossus,894787478,AR,,2006,CC0_1_0,410.0
Molossus molossus,4097141362,BR,,1992,CC_BY_NC_4_0,722.0
Molossus molossus,4097141406,BR,,1991,CC_BY_NC_4_0,696.0
Molossus molossus,4097141410,BR,,1991,CC_BY_NC_4_0,574.5
Molossus molossus,4097141737,BR,,1990,CC_BY_NC_4_0,521.5
Molossus molossus,5196133026,VE,44739.0,1972,CC0_1_0,593.5
Molossus molossus,1323971762,BR,,1971,CC_BY_4_0,60.0
Molossus molossus,1323973770,BR,,1999,CC_BY_4_0,684.5
Molossus molossus,1323973792,BR,,2007,CC_BY_4_0,196.0
Molossus molossus,1323974137,BR,,2008,CC_BY_4_0,17.5
Molossus molossus,2564267777,BR,,2019,CC_BY_4_0,359.5
Molossus molossus,5099422503,CR,4644.0,1976,CC0_1_0,66.0
Molossus molossus,5099620460,BO,,1991,CC0_1_0,289.0
Molossus molossus,5099440316,BO,11464.0,1984,CC0_1_0,278.5
Molossus molossus,5099437142,CO,12753.0,1983,CC0_1_0,16.0
Molossus molossus,5099441531,BO,22576.0,1985,CC0_1_0,145.0
Molossus molossus,5099440464,BO,7557.0,1985,CC0_1_0,307.0
Molossus molossus,5099591767,BO,,1985,CC0_1_0,159.0
Molossus molossus,5099442533,BO,55164.0,1985,CC0_1_0,175.5
Molossus molossus,5099449743,BO,3554.0,1991,CC0_1_0,398.5
Molossus molossus,5099727118,EC,,2017,CC0_1_0,1081.0
Molossus molossus,5099439323,BO,7551.0,1984,CC0_1_0,301.5
Molossus molossus,5099442472,BO,196078.0,1985,CC0_1_0,181.5
Molossus molossus,5099704185,PA,100.0,2014,CC0_1_0,86.0
Molossus molossus,5099716139,EC,,2017,CC0_1_0,139.5
Molossus molossus,5099589153,BO,1000.0,1993,CC0_1_0,136.5
Molossus molossus,5099430285,PE,16771.0,1982,CC0_1_0,646.5
Molossus molossus,5099453949,BO,3565.0,1992,CC0_1_0,1193.0
Molossus molossus,5099614524,BO,,1992,CC0_1_0,998.0
Molossus molossus,5099711803,PA,10.0,2016,CC0_1_0,399.5
Molossus molossus,5099725171,EC,,2017,CC0_1_0,817.0
Molossus molossus,5099433288,PE,11826.0,1982,CC0_1_0,729.0
Molossus molossus,5099443320,BO,3551.0,1984,CC0_1_0,692.5
Molossus molossus,5099701171,PA,100.0,2015,CC0_1_0,224.5
Molossus molossus,5099716076,EC,,2017,CC0_1_0,229.0
Molossus molossus,5099439542,BO,3574.0,1985,CC0_1_0,184.0
Molossus molossus,5099441991,BO,3556.0,1987,CC0_1_0,365.0
Molossus molossus,5099442022,BO,3557.0,1987,CC0_1_0,337.5
Molossus molossus,5099454339,BO,1043.0,1993,CC0_1_0,241.0
Molossus molossus,5099480976,BO,,2000,CC0_1_0,247.0
Molossus molossus,5099716150,EC,,2017,CC0_1_0,866.5
Molossus molossus,2630320554,MX,110.0,1977,CC_BY_4_0,69.5
Molossus molossus,2630391002,MX,100.0,1982,CC_BY_4_0,149.5
Molossus molossus,3863929370,CO,,2021,CC_BY_NC_4_0,1023.0
Molossus molossus,3962334397,EC,,2021,CC_BY_NC_4_0,238.0
Molossus molossus,1065396581,PR,,1980,CC0_1_0,99.0
Molossus molossus,1065356765,CR,5469.0,1971,CC0_1_0,8.0
Molossus molossus,675836998,PE,,1972,CC0_1_0,90.5
Molossus molossus,675829505,MX,,1970,CC0_1_0,196.5
Molossus molossus,675826290,VE,,1973,CC0_1_0,47.0
Molossus molossus,675858333,CO,,1973,CC0_1_0,37.0
Molossus molossus,1638475343,PA,,1973,CC_BY_NC_4_0,0.0
Molossus molossus,1638475308,VE,,1974,CC_BY_NC_4_0,1020.0
Molossus molossus,1638476295,VE,,1981,CC_BY_NC_4_0,102.0
Molossus molossus,2573304956,BZ,68.0,2014,CC_BY_NC_4_0,6.0
Molossus molossus,4169204309,MX,100.0,1977,CC_BY_4_0,108.5
Molossus molossus,3390876204,CO,,1970,CC_BY_NC_4_0,9.0
Molossus molossus,3390876206,CO,,1985,CC_BY_NC_4_0,2.0
Molossus molossus,3390876211,CO,,1974,CC_BY_NC_4_0,18.0
Molossus molossus,2650655362,CO,516.0,2010,CC_BY_NC_4_0,29.0
Molossus molossus,2650656184,CO,,2008,CC_BY_NC_4_0,291.5
Molossus molossus,2650656223,CO,,2011,CC_BY_NC_4_0,68.5
Molossus molossus,1898049659,MX,,2007,CC_BY_4_0,12.5
Molossus molossus,1898049675,MX,,2009,CC_BY_4_0,2.0
Molossus molossus,1898049687,MX,,2006,CC_BY_4_0,13.0
Molossus molossus,1898049697,MX,80.0,1996,CC_BY_4_0,12.0
Molossus molossus,1898049726,MX,,2010,CC_BY_4_0,19.0
Molossus molossus,859491093,BO,,1992,CC0_1_0,595.0
Molossus molossus,859396284,BO,,1985,CC0_1_0,296.0
Molossus molossus,859437621,BO,,1984,CC0_1_0,368.0
Molossus molossus,859423842,BO,,1984,CC0_1_0,281.0
Molossus molossus,859500519,BO,,1985,CC0_1_0,302.0
Molossus molossus,859478357,BO,,1984,CC0_1_0,277.0
Molossus molossus,859430823,BO,,1985,CC0_1_0,181.5
Molossus molossus,859466097,BO,,1985,CC0_1_0,154.0
Molossus molossus,859368316,BO,,1993,CC0_1_0,233.0
Molossus molossus,859371951,BO,,1984,CC0_1_0,256.0
Molossus molossus,859484624,BO,,1992,CC0_1_0,441.0
Molossus molossus,859388205,BO,,1984,CC0_1_0,308.0
Molossus molossus,859509588,BO,,1991,CC0_1_0,294.0
Molossus molossus,859453435,BO,,1984,CC0_1_0,199.0
Molossus molossus,859494039,BO,,1987,CC0_1_0,232.5
Molossus molossus,859472787,BO,,1991,CC0_1_0,334.0
Molossus molossus,859453737,BO,,1985,CC0_1_0,173.0
Molossus molossus,859473820,BO,,1985,CC0_1_0,172.5
Molossus molossus,2985623318,CO,,2017,CC_BY_NC_4_0,193.0
Molossus molossus,2985623503,CO,,2016,CC_BY_NC_4_0,147.5
Molossus molossus,6393267364,CO,,2024,CC_BY_NC_4_0,384.0
Molossus molossus,5147080055,BR,4602.0,1993,CC0_1_0,27.0
Molossus molossus,5146971760,PE,448.0,1978,CC0_1_0,295.0
Molossus molossus,5147418208,PE,2616.0,1972,CC0_1_0,919.5
Molossus molossus,5146977055,BR,5603.0,1993,CC0_1_0,0.0
Molossus molossus,5147309350,PY,10497.0,1973,CC0_1_0,61.0
Molossus molossus,5147320030,BR,4586.0,1993,CC0_1_0,33.0
Molossus molossus,1211773649,LC,,1984,CC_BY_4_0,48.5
Molossus molossus,1211820459,BB,,1975,CC_BY_4_0,188.0
Molossus molossus,5209140414,GD,,2019,CC_BY_4_0,250.5
Molossus molossus,1211812177,GY,,1973,CC_BY_4_0,84.0
Molossus molossus,1211785053,CO,,1982,CC_BY_4_0,98.5
Molossus molossus,1211807536,CO,,1973,CC_BY_4_0,474.5
Molossus molossus,1211815071,GY,,1972,CC_BY_4_0,9.0
Molossus molossus,1211820344,SV,,1971,CC_BY_4_0,0.0
Molossus molossus,1323929615,GY,,2013,CC_BY_4_0,262.5
Molossus molossus,1837223926,GY,,2014,CC_BY_4_0,60.0
Molossus molossus,1837224404,PE,,2014,CC_BY_4_0,54.0
Molossus molossus,1211806718,CO,,1975,CC_BY_4_0,361.5
Molossus molossus,1211812453,GY,,1970,CC_BY_4_0,18.0
Molossus molossus,1211825735,PR,,1975,CC_BY_4_0,37.0
Molossus molossus,1211792313,CO,,1973,CC_BY_4_0,747.0
Molossus molossus,1211792546,GY,,1972,CC_BY_4_0,119.0
Molossus molossus,1211812918,GY,,1973,CC_BY_4_0,9.0
Molossus molossus,1211813549,VE,,1997,CC_BY_4_0,51.5
Molossus molossus,1323925702,SR,,2008,CC_BY_4_0,320.0
Molossus molossus,1837223998,BQ,,2015,CC_BY_4_0,6.5
Molossus molossus,1211794544,GY,,1971,CC_BY_4_0,143.5
Molossus molossus,1211802842,CO,,1973,CC_BY_4_0,964.0
Molossus molossus,1211803350,GY,,1990,CC_BY_4_0,84.0
Molossus molossus,1211815229,GY,,1972,CC_BY_4_0,3.0
Molossus molossus,1211815790,GY,,1992,CC_BY_4_0,130.0
Molossus molossus,1211816062,GY,,1991,CC_BY_4_0,18.0
Molossus molossus,1211819752,GD,,1977,CC_BY_4_0,33.0
Molossus molossus,1211820396,VC,,1977,CC_BY_4_0,115.0
Molossus molossus,1211820851,SV,,1979,CC_BY_4_0,672.0
Molossus molossus,1211830404,BR,,1975,CC_BY_4_0,687.0
Molossus molossus,1837224712,CW,,2017,CC_BY_4_0,22.5
Molossus molossus,1837224862,KN,,2016,CC_BY_4_0,38.5
Molossus molossus,1211791635,CO,,1973,CC_BY_4_0,978.0
Molossus molossus,1211793920,GY,,1970,CC_BY_4_0,112.0
Molossus molossus,1211794495,GY,,1971,CC_BY_4_0,132.0
Molossus molossus,1211797323,GY,,1974,CC_BY_4_0,193.5
Molossus molossus,1211803546,CO,,1973,CC_BY_4_0,966.0
Molossus molossus,1211805502,CO,,1970,CC_BY_4_0,184.0
Molossus molossus,1211808138,CO,,1973,CC_BY_4_0,286.0
Molossus molossus,1211810209,SR,,2002,CC_BY_4_0,399.5
Molossus molossus,1211813113,GY,,1972,CC_BY_4_0,26.5
Molossus molossus,1211813606,GY,,1973,CC_BY_4_0,22.5
Molossus molossus,1211815009,GY,,1971,CC_BY_4_0,0.5
Molossus molossus,1211819516,CO,,1973,CC_BY_4_0,9.0
Molossus molossus,1211819823,GD,,1977,CC_BY_4_0,49.0
Molossus molossus,1211820611,BB,,1975,CC_BY_4_0,62.0
Molossus molossus,1211822154,DM,,1973,CC_BY_4_0,0.0
Molossus molossus,1211823571,AG,,1975,CC_BY_4_0,22.0
Molossus molossus,1211824359,VI,,1975,CC_BY_4_0,10.0
Molossus molossus,1211826240,VI,,1975,CC_BY_4_0,9.0
Molossus molossus,1211829845,BR,,1973,CC_BY_4_0,662.0
Molossus molossus,1323926358,GY,,2008,CC_BY_4_0,88.5
Molossus molossus,1323926708,SR,,2009,CC_BY_4_0,270.0
Molossus molossus,1323927625,GY,,2013,CC_BY_4_0,80.5
Molossus molossus,1323928680,PE,,2012,CC_BY_4_0,122.0
Molossus molossus,1323938498,GY,,1971,CC_BY_4_0,10.0
Molossus molossus,1837224467,PE,,2014,CC_BY_4_0,166.5
Molossus molossus,5209137467,MS,,2019,CC_BY_4_0,291.5
Molossus molossus,5147425343,PY,11510.0,1973,CC0_1_0,98.0
Molossus molossus,5147316346,PY,11512.0,1973,CC0_1_0,105.0
Molossus molossus,5147321338,PE,8339.0,1984,CC0_1_0,122.5
Molossus molossus,5147079572,VE,7636.0,1984,CC0_1_0,279.5
Molossus molossus,5146972380,PE,1461.0,1984,CC0_1_0,498.5
Molossus molossus,5147071763,PE,411.0,1978,CC0_1_0,254.0
Molossus molossus,1211793049,GY,,1974,CC_BY_4_0,177.0
Molossus molossus,1211795352,GY,,1970,CC_BY_4_0,113.0
Molossus molossus,1211801250,GY,,1973,CC_BY_4_0,106.0
Molossus molossus,1211806405,CO,,1974,CC_BY_4_0,79.0
Molossus molossus,1211810449,CO,,1973,CC_BY_4_0,1113.5
Molossus molossus,1211811904,GY,,1972,CC_BY_4_0,79.0
Molossus molossus,1211820314,VC,,1977,CC_BY_4_0,45.0
Molossus molossus,1211824297,VI,,1975,CC_BY_4_0,10.5
Molossus molossus,1211826821,PR,,1971,CC_BY_4_0,0.0
Molossus molossus,1837224725,CW,,2017,CC_BY_4_0,54.0
Molossus molossus,686485107,PE,6.5,1993,CC_BY_4_0,240.5
Molossus molossus,686482010,GY,5.0,1997,CC_BY_4_0,94.0
Molossus molossus,686485103,PE,2.8,1993,CC_BY_4_0,115.0
Molossus molossus,1418248889,MX,100.0,1984,CC_BY_4_0,1235.0
Molossus molossus,1418247006,MX,90.0,2009,CC_BY_4_0,927.0
Molossus molossus,1418243654,MX,90.0,2008,CC_BY_4_0,302.5
Molossus rufus,1987327282,PY,8670.0,1976,CC_BY_NC_4_0,65.0
Molossus rufus,6244803311,MX,,1996,CC_BY_NC_4_0,12.0
Molossus rufus,3043788336,GT,,2000,CC_BY_NC_4_0,10.0
Molossus rufus,4857895205,MX,5291.0,1972,CC0_1_0,236.5
Molossus rufus,4857960176,MX,2172.0,1971,CC0_1_0,24.0
Molossus rufus,4857929496,HN,3569.0,1977,CC0_1_0,234.5
Molossus rufus,4857949082,MX,1292.0,1970,CC0_1_0,462.5
Molossus rufus,4858001944,HN,3569.0,1977,CC0_1_0,664.0
Molossus rufus,4858004141,SV,3578.0,1977,CC0_1_0,400.5
Molossus rufus,4858004151,SV,3077.0,1977,CC0_1_0,780.0
Molossus rufus,4858004152,GT,2000.0,1977,CC0_1_0,11.0
Molossus rufus,4858004157,HN,4072.0,1977,CC0_1_0,275.0
Molossus rufus,4858004176,MX,6146.0,1977,CC0_1_0,537.0
Molossus rufus,4858004179,MX,673.0,1977,CC0_1_0,69.5
Molossus rufus,4858004183,SV,10043.0,1977,CC0_1_0,74.0
Molossus rufus,1835169494,TT,,1985,CC_BY_4_0,95.5
Molossus rufus,3774757540,BR,,2005,CC_BY_4_0,1.5
Molossus rufus,1320070719,GT,,1972,CC0_1_0,7.5
Molossus rufus,1321675359,GY,,1999,CC0_1_0,18.5
Molossus rufus,1320196341,PA,,1972,CC0_1_0,1326.0
Molossus rufus,1322434509,BZ,,1995,CC0_1_0,99.0
Molossus rufus,5061153371,BR,,2018,CC_BY_NC_4_0,83.0
Molossus rufus,2804485761,MX,2500.0,1984,CC0_1_0,53.5
Molossus rufus,2852885305,CR,210.0,2014,CC0_1_0,81.0
Molossus rufus,1702700391,MX,1423.0,1973,CC0_1_0,357.5
Molossus rufus,3013406069,BR,,2013,CC_BY_4_0,626.0
Molossus rufus,3013406572,BR,,1978,CC_BY_4_0,309.5
Molossus rufus,3013407069,BR,,1991,CC_BY_4_0,744.0
Molossus rufus,3013407537,BR,,1989,CC_BY_4_0,36.0
Molossus rufus,2824258576,BR,,2017,CC_BY_NC_4_0,51.0
Molossus rufus,2824258591,BR,,2016,CC_BY_NC_4_0,53.5
Molossus rufus,45873251,PE,,1978,CC0_1_0,425.0
Molossus rufus,45873084,CR,,1972,CC0_1_0,79.5
Molossus rufus,45873176,PE,,1974,CC0_1_0,1271.5
Molossus rufus,919143879,CO,9757.0,1983,CC0_1_0,130.5
Molossus rufus,3901046938,MX,,2010,CC_BY_4_0,140.5
Molossus rufus,3901048090,MX,,2010,CC_BY_4_0,1184.5
Molossus rufus,3901042748,MX,,2000,CC_BY_4_0,718.0
Molossus rufus,3901045962,MX,,2006,CC_BY_4_0,302.0
Molossus rufus,1806452805,CO,712.6,1995,CC_BY_NC_4_0,696.0
Molossus rufus,3463354330,CO,,2021,CC_BY_NC_4_0,171.0
Molossus rufus,4100391336,CO,,2019,CC_BY_NC_4_0,65.0
Molossus rufus,1314966203,CO,34717.0,1973,CC_BY_NC_4_0,325.0
Molossus rufus,382064744,AR,,1991,CC_BY_4_0,68.0
Molossus rufus,382064883,AR,,2005,CC_BY_4_0,18.0
Molossus rufus,382064462,AR,,1970,CC_BY_4_0,99.5
Molossus rufus,382064585,AR,,1977,CC_BY_4_0,99.5
Molossus rufus,382064654,AR,,1979,CC_BY_4_0,121.0
Molossus rufus,382064668,AR,,1978,CC_BY_4_0,178.0
Molossus rufus,4979125823,CO,,2022,CC_BY_NC_4_0,162.0
Molossus rufus,1821670649,BR,,2008,CC_BY_NC_4_0,93.0
Molossus rufus,665889645,BZ,1.25,1978,CC0_1_0,192.0
Molossus rufus,665908405,PE,,2001,CC0_1_0,1121.0
Molossus rufus,665726248,CO,9.61,1978,CC0_1_0,415.0
Molossus rufus,665736599,BZ,0.92,1977,CC0_1_0,3.0
Molossus rufus,665886727,BR,,1978,CC0_1_0,15.0
Molossus rufus,665876881,BZ,1.32,1978,CC0_1_0,11.5
Molossus rufus,665722970,BZ,0.82,1977,CC0_1_0,95.5
Molossus rufus,665894676,BZ,12.01,1978,CC0_1_0,37.0
Molossus rufus,665903350,BZ,0.26,1974,CC0_1_0,4.5
Molossus rufus,665923729,PY,16.19,1991,CC0_1_0,83.0
Molossus rufus,3890565090,CO,,2017,CC_BY_NC_4_0,342.5
Molossus rufus,1609371154,CO,,2003,CC_BY_NC_4_0,852.0
Molossus rufus,3710473631,CO,,2018,CC_BY_NC_4_0,113.0
Molossus rufus,3710474482,CO,,2019,CC_BY_NC_4_0,125.0
Molossus rufus,3710474710,CO,,2018,CC_BY_NC_4_0,115.5
Molossus rufus,1417787135,MX,90.0,1971,CC_BY_4_0,7.0
Molossus rufus,1417811723,MX,70.0,1984,CC_BY_4_0,27.0
Molossus rufus,1417789050,MX,100.0,1978,CC_BY_4_0,0.0
Molossus rufus,1417794434,MX,90.0,1988,CC_BY_4_0,9.5
Molossus rufus,1417814620,MX,90.0,1994,CC_BY_4_0,254.5
Molossus rufus,3349880703,MX,,2008,CC_BY_4_0,272.0
Molossus rufus,3346846580,GY,,1997,CC_BY_4_0,84.0
Molossus rufus,3346890581,GY,,1997,CC_BY_4_0,87.0
Molossus rufus,3346873694,SR,,2005,CC_BY_4_0,189.5
Molossus rufus,3346846499,EC,,1996,CC_BY_4_0,245.0
Molossus rufus,3350100619,EC,,1995,CC_BY_4_0,265.0
Molossus rufus,3346365244,SR,,2006,CC_BY_4_0,248.5
Molossus rufus,865733688,BR,100000.0,1986,CC_BY_4_0,9.5
Molossus rufus,865733686,BR,10000.0,1985,CC_BY_4_0,56.5
Molossus rufus,865733854,PY,10000.0,1987,CC_BY_4_0,94.0
Molossus rufus,865734048,PY,1000.0,1985,CC_BY_4_0,125.0
Molossus rufus,865733910,PY,10000.0,1996,CC_BY_4_0,136.0
Molossus rufus,865733948,PY,1000.0,1989,CC_BY_4_0,214.5
Molossus rufus,865734115,PY,1000.0,1982,CC_BY_4_0,132.0
Molossus rufus,2266110548,MX,2.0,1973,CC0_1_0,94.5
Molossus rufus,2266112753,BZ,,1983,CC0_1_0,7.0
Molossus rufus,3024397199,GF,1000.0,1995,CC_BY_NC_4_0,37.0
Molossus rufus,5898728768,GT,,2010,CC_BY_NC_4_0,110.0
Molossus rufus,6161396302,GT,,2021,CC_BY_NC_4_0,896.5
Molossus rufus,4026686048,CO,,2021,CC_BY_NC_4_0,172.0
Molossus rufus,5886776796,BR,,2010,CC_BY_NC_4_0,28.0
Molossus rufus,5886784545,BR,,2011,CC_BY_NC_4_0,97.0
Molossus rufus,5886785051,BR,,2013,CC_BY_NC_4_0,29.0
Molossus rufus,5886788931,BR,,2007,CC_BY_NC_4_0,651.5
Molossus rufus,5886788935,BR,,2007,CC_BY_NC_4_0,17.0
Molossus rufus,859263417,GT,,1992,CC0_1_0,23.0
Molossus rufus,859263154,GT,,1999,CC0_1_0,76.5
Molossus rufus,919442272,MX,4410.0,1970,CC0_1_0,681.5
Molossus rufus,919442426,MX,2620.0,1970,CC0_1_0,163.5
Molossus rufus,919426411,BO,7573.0,1979,CC0_1_0,158.0
Molossus rufus,919447556,BZ,916.0,1979,CC0_1_0,47.5
Molossus rufus,202073834,MX,58.0,1974,CC0_1_0,488.5
Molossus rufus,894738547,MX,5734.0,1975,CC0_1_0,542.0
Molossus rufus,202074138,AR,,1982,CC0_1_0,55.0
Molossus rufus,202074148,AR,,1982,CC0_1_0,65.0
Molossus rufus,202074190,AR,,1984,CC0_1_0,74.0
Molossus rufus,202077547,MX,,2000,CC0_1_0,191.0
Molossus rufus,202077624,MX,3036.0,1975,CC0_1_0,0.0
Molossus rufus,894781166,AR,1000.0,1990,CC0_1_0,66.0
Molossus rufus,1323971724,BR,,1989,CC_BY_4_0,118.0
Molossus rufus,1323972969,BR,,1992,CC_BY_4_0,14.5
Molossus rufus,1323973805,BR,,2008,CC_BY_4_0,684.5
Molossus rufus,1323974226,BR,,2009,CC_BY_4_0,550.0
Molossus rufus,1323974249,BR,,2009,CC_BY_4_0,132.5
Molossus rufus,5099417299,MX,924.0,1975,CC0_1_0,14.0
Molossus rufus,5099416856,CR,5089.0,1973,CC0_1_0,56.5
Molossus rufus,5099662564,MX,500.0,1992,CC0_1_0,16.0
Molossus rufus,5099443318,BO,7551.0,1984,CC0_1_0,301.5
Molossus rufus,5099615174,BO,,1994,CC0_1_0,355.5
Molossus rufus,5099443999,BO,3556.0,1987,CC0_1_0,365.0
Molossus rufus,5099725123,EC,,2017,CC0_1_0,582.5
Molossus rufus,1325916539,MX,4832.0,1976,CC0_1_0,0.0
Molossus rufus,1852477431,MX,9749.0,1971,CC0_1_0,233.0
Molossus rufus,1065404187,MX,440.0,1974,CC0_1_0,59.5
Molossus rufus,675849312,MX,,1976,CC0_1_0,0.0
Molossus rufus,675829536,MX,,1970,CC0_1_0,1353.5
Molossus rufus,675879417,MX,,1976,CC0_1_0,222.0
Molossus rufus,675909146,HN,,1983,CC0_1_0,324.5
Molossus rufus,675909130,HN,,1983,CC0_1_0,961.5
Molossus rufus,675880961,MX,,1979,CC0_1_0,884.5
Molossus rufus,675828500,MX,,1971,CC0_1_0,745.5
Molossus rufus,675879481,MX,,1977,CC0_1_0,125.5
Molossus rufus,675881230,MX,,1981,CC0_1_0,69.0
Molossus rufus,675829528,MX,,1970,CC0_1_0,196.5
Molossus rufus,675861878,MX,,1977,CC0_1_0,421.5
Molossus rufus,675879492,MX,,1977,CC0_1_0,727.5
Molossus rufus,1638475103,BZ,,1973,CC_BY_NC_4_0,482.0
Molossus rufus,1638475034,CR,,1971,CC_BY_NC_4_0,6.5
Molossus rufus,1638475302,VE,,1974,CC_BY_NC_4_0,206.5
Molossus rufus,4169013123,MX,90.0,2012,CC_BY_4_0,0.0
Molossus rufus,4169196430,MX,90.0,2012,CC_BY_4_0,26.0
Molossus rufus,4169249779,MX,100.0,1982,CC_BY_4_0,157.5
Molossus rufus,4169263350,MX,70.0,1975,CC_BY_4_0,12.5
Molossus rufus,4169192658,MX,100.0,2006,CC_BY_4_0,239.5
Molossus rufus,4169231994,MX,70.0,1982,CC_BY_4_0,33.0
Molossus rufus,4168987110,MX,,1980,CC_BY_4_0,110.5
Molossus rufus,4169239595,MX,70.0,1990,CC_BY_4_0,7.0
Molossus rufus,4169049622,MX,100.0,1980,CC_BY_4_0,21.0
Molossus rufus,4169280852,MX,,1976,CC_BY_4_0,715.5
Molossus rufus,4169234945,MX,100.0,1980,CC_BY_4_0,10.0
Molossus rufus,4169232683,MX,100.0,1973,CC_BY_4_0,22.5
Molossus rufus,4169250535,MX,100.0,2006,CC_BY_4_0,78.0
Molossus rufus,4169187074,MX,100.0,1980,CC_BY_4_0,16.0
Molossus rufus,4169258733,MX,90.0,1976,CC_BY_4_0,204.0
Molossus rufus,4169206615,MX,80.0,1992,CC_BY_4_0,3.0
Molossus rufus,2650654713,CO,,2008,CC_BY_NC_4_0,291.5
Molossus rufus,2650656161,CO,2230.0,2005,CC_BY_NC_4_0,347.5
Molossus rufus,859494176,BO,,1987,CC0_1_0,232.5
Molossus rufus,859453691,BO,,1985,CC0_1_0,173.0
Molossus rufus,1894143813,MX,90.0,1976,CC_BY_4_0,1154.5
Molossus rufus,5146971351,PY,10497.0,1972,CC0_1_0,61.0
Molossus rufus,5147196345,PY,11510.0,1973,CC0_1_0,102.0
Molossus rufus,5147071355,PY,17979.0,1973,CC0_1_0,74.5
Molossus rufus,5147320029,BR,4555.0,1993,CC0_1_0,6.0
Molossus rufus,1211810261,SR,,2002,CC_BY_4_0,399.5
Molossus rufus,1323926338,GY,,2008,CC_BY_4_0,88.5
Molossus rufus,1837224919,MX,,2016,CC_BY_4_0,0.0
Molossus rufus,1211812652,GY,,1973,CC_BY_4_0,81.0
Molossus rufus,1837224538,PE,,2014,CC_BY_4_0,107.0
Molossus rufus,1211812185,GY,,1972,CC_BY_4_0,75.0
Molossus rufus,1211823202,BR,,1975,CC_BY_4_0,117.0
Molossus rufus,1211812894,GY,,1973,CC_BY_4_0,9.0
Molossus rufus,1211813299,GY,,1973,CC_BY_4_0,42.0
Molossus rufus,1323930618,SR,,2012,CC_BY_4_0,287.5
Molossus rufus,1211820652,SV,,1979,CC_BY_4_0,6.0
Molossus rufus,1211825232,MX,,1989,CC_BY_4_0,28.0
Molossus rufus,1323928657,PE,,2012,CC_BY_4_0,122.0
Molossus rufus,1211820925,SV,,1980,CC_BY_4_0,68.0
Molossus rufus,1211805411,CO,,1972,CC_BY_4_0,98.5
Molossus rufus,1211821135,SV,,1993,CC_BY_4_0,240.5
Molossus rufus,1211821331,SV,,1980,CC_BY_4_0,1465.5
Molossus rufus,1211829852,BR,,1970,CC_BY_4_0,662.0
Molossus rufus,1211830347,BR,,1971,CC_BY_4_0,24.5
Molossus rufus,5147074781,GT,4000.0,1978,CC0_1_0,48.0
Molossus rufus,5147077345,PY,13883.0,1973,CC0_1_0,302.0
Molossus rufus,5146990608,GT,1032.0,2008,CC0_1_0,355.0
Molossus rufus,5147077343,PY,12012.0,1972,CC0_1_0,106.5
Molossus rufus,5146971353,PY,11515.0,1973,CC0_1_0,113.5
Molossus rufus,1211820989,SV,,1971,CC_BY_4_0,599.0
Molossus rufus,1837223868,GY,,2014,CC_BY_4_0,60.0
Molossus rufus,686482012,GY,5.0,1997,CC_BY_4_0,97.0
Myotis albescens,1571716772,CO,544.0,2007,CC_BY_4_0,256.0
Myotis albescens,1571716791,CO,505.0,2007,CC_BY_4_0,763.0
Myotis albescens,1571717596,CO,505.0,2013,CC_BY_4_0,234.0
Myotis albescens,4022906561,EC,,2019,CC_BY_NC_4_0,33.0
Myotis albescens,1987245083,PY,10892.0,1979,CC_BY_NC_4_0,70.0
Myotis albescens,1987324158,PY,9015.0,1977,CC_BY_NC_4_0,89.0
Myotis albescens,1987237643,PE,5583.0,1984,CC_BY_NC_4_0,711.5
Myotis albescens,1987335091,PY,8496.0,1978,CC_BY_NC_4_0,66.0
Myotis albescens,5103755367,EC,,2008,CC_BY_NC_4_0,736.0
Myotis albescens,1656007215,CO,10043.0,2015,CC_BY_NC_4_0,474.5
Myotis albescens,4858004131,HN,3000.0,1977,CC0_1_0,91.5
Myotis albescens,1318481853,GY,,1993,CC0_1_0,150.5
Myotis albescens,1320940486,BO,,1994,CC0_1_0,260.5
Myotis albescens,2884006430,CO,,2000,CC_BY_NC_4_0,723.5
Myotis albescens,45876313,PA,,1983,CC0_1_0,1365.0
Myotis albescens,45876326,BO,,1981,CC0_1_0,133.0
Myotis albescens,45874847,PE,,1971,CC0_1_0,1129.5
Myotis albescens,45876281,PE,,1979,CC0_1_0,214.0
Myotis albescens,1977888450,CO,,2010,CC0_1_0,87.0
Myotis albescens,1314964435,CO,1000.0,2001,CC_BY_NC_4_0,357.0
Myotis albescens,1806452909,CO,511.6,1994,CC_BY_NC_4_0,473.0
Myotis albescens,382064466,AR,,1970,CC_BY_4_0,100.0
Myotis albescens,382064527,AR,,1973,CC_BY_4_0,28.0
Myotis albescens,4979111262,CO,,2014,CC_BY_NC_4_0,1207.5
Myotis albescens,3008955676,CO,,2015,CC_BY_4_0,302.5
Myotis albescens,665739005,BO,1.01,1997,CC0_1_0,961.5
Myotis albescens,665823205,CO,0.29,1977,CC0_1_0,74.0
Myotis albescens,5904951002,CO,,2025,CC_BY_NC_4_0,687.5
Myotis albescens,3710474863,CO,,2019,CC_BY_NC_4_0,358.5
Myotis albescens,3710473655,CO,,2021,CC_BY_NC_4_0,819.5
Myotis albescens,5904950323,CO,,2023,CC_BY_NC_4_0,862.0
Myotis albescens,1417813207,MX,100.0,1982,CC_BY_4_0,519.0
Myotis albescens,3349970557,GY,,1996,CC_BY_4_0,239.0
Myotis albescens,6191338028,EC,,2011,CC_BY_4_0,227.0
Myotis albescens,6191384704,EC,,2013,CC_BY_4_0,336.0
Myotis albescens,3346888583,GY,,2007,CC_BY_4_0,114.0
Myotis albescens,3346348953,GY,,1996,CC_BY_4_0,250.0
Myotis albescens,3346827378,SR,,2005,CC_BY_4_0,189.5
Myotis albescens,6191128522,AR,,1991,CC_BY_4_0,858.5
Myotis albescens,3346411157,SR,,2006,CC_BY_4_0,109.5
Myotis albescens,3346889657,GY,,1999,CC_BY_4_0,103.0
Myotis albescens,6191315580,EC,,2013,CC_BY_4_0,197.5
Myotis albescens,3349678066,GY,,1999,CC_BY_4_0,58.5
Myotis albescens,3346385959,GY,,2000,CC_BY_4_0,21.5
Myotis albescens,865735939,CO,10000.0,1982,CC_BY_4_0,253.5
Myotis albescens,865736716,PY,10000.0,1982,CC_BY_4_0,99.5
Myotis albescens,865736427,PY,10000.0,1987,CC_BY_4_0,114.5
Myotis albescens,865736435,PY,1000.0,1986,CC_BY_4_0,293.0
Myotis albescens,865736450,PY,10000.0,1987,CC_BY_4_0,175.0
Myotis albescens,865736455,PY,10000.0,1987,CC_BY_4_0,94.0
Myotis albescens,865736818,PY,1000.0,1981,CC_BY_4_0,92.0
Myotis albescens,865735855,PY,1000.0,1985,CC_BY_4_0,135.0
Myotis albescens,865735920,BR,10000.0,1989,CC_BY_4_0,188.0
Myotis albescens,865735967,BR,10000.0,1972,CC_BY_4_0,853.0
Myotis albescens,865736813,PY,1000.0,1985,CC_BY_4_0,114.0
Myotis albescens,865735866,PY,10000.0,1994,CC_BY_4_0,126.5
Myotis albescens,865735871,PY,10000.0,1987,CC_BY_4_0,132.0
Myotis albescens,865736097,AR,10000.0,1978,CC_BY_4_0,153.5
Myotis albescens,865736401,PY,10000.0,1986,CC_BY_4_0,235.5
Myotis albescens,865736407,PY,10000.0,1991,CC_BY_4_0,97.0
Myotis albescens,865736752,PY,1000.0,1985,CC_BY_4_0,81.5
Myotis albescens,865736790,PY,1000.0,1985,CC_BY_4_0,133.0
Myotis albescens,865736811,PY,1000.0,1985,CC_BY_4_0,120.0
Myotis albescens,865736820,PY,1000.0,1985,CC_BY_4_0,267.0
Myotis albescens,865736821,PY,1000.0,1985,CC_BY_4_0,96.0
Myotis albescens,865736822,PY,1000.0,1985,CC_BY_4_0,62.5
Myotis albescens,865736832,PE,1000.0,1980,CC_BY_4_0,104.5
Myotis albescens,6120807044,BR,,1986,CC_BY_4_0,125.0
Myotis albescens,3024386508,PY,1000.0,1984,CC_BY_NC_4_0,217.0
Myotis albescens,4026686030,CO,,2022,CC_BY_NC_4_0,171.0
Myotis albescens,4026657724,CO,,2013,CC_BY_NC_4_0,128.0
Myotis albescens,5886784566,BR,,2007,CC_BY_NC_4_0,15.5
Myotis albescens,5886784593,BR,,2004,CC_BY_NC_4_0,328.5
Myotis albescens,5886784605,BR,,2011,CC_BY_NC_4_0,651.5
Myotis albescens,5886786590,BR,,2009,CC_BY_NC_4_0,97.0
Myotis albescens,919451237,EC,4957.0,1975,CC0_1_0,219.5
Myotis albescens,202079582,AR,901.0,1986,CC0_1_0,606.0
Myotis albescens,255679079,AR,301.0,1985,CC0_1_0,375.0
Myotis albescens,894787472,AR,,2006,CC0_1_0,410.0
Myotis albescens,894780975,AR,3036.0,1990,CC0_1_0,237.0
Myotis albescens,894783459,AR,,1998,CC0_1_0,1426.5
Myotis albescens,5099441512,BO,14533.0,1985,CC0_1_0,638.5
Myotis albescens,5099441310,BO,7551.0,1984,CC0_1_0,301.5
Myotis albescens,5099614419,BO,,1991,CC0_1_0,1300.0
Myotis albescens,5099443317,BO,11464.0,1984,CC0_1_0,278.5
Myotis albescens,5099442322,BO,,1984,CC0_1_0,233.0
Myotis albescens,5099441205,BO,3555.0,1988,CC0_1_0,421.0
Myotis albescens,5099723729,PA,5.0,2023,CC0_1_0,63.5
Myotis albescens,5099621259,BO,,1996,CC0_1_0,950.0
Myotis albescens,5099443464,BO,3574.0,1985,CC0_1_0,184.0
Myotis albescens,5099618490,BO,,1991,CC0_1_0,289.0
Myotis albescens,2630333102,MX,100.0,1982,CC_BY_4_0,1154.0
Myotis albescens,3962335138,EC,,2021,CC_BY_NC_4_0,198.5
Myotis albescens,4983335313,EC,,2023,CC_BY_4_0,233.0
Myotis albescens,1065403374,CR,4854.0,1970,CC0_1_0,50.0
Myotis albescens,5833330784,CR,,1986,CC_BY_NC_4_0,3.0
Myotis albescens,675826259,VE,,1973,CC0_1_0,278.0
Myotis albescens,675728990,PE,,1983,CC0_1_0,224.5
Myotis albescens,675904040,CR,,1982,CC0_1_0,63.5
Myotis albescens,675742879,GF,,1987,CC0_1_0,21.0
Myotis albescens,675826272,VE,,1973,CC0_1_0,47.0
Myotis albescens,1638476994,PA,,1984,CC_BY_NC_4_0,151.0
Myotis albescens,4169283316,MX,600.0,1986,CC_BY_4_0,713.0
Myotis albescens,1898052006,MX,100.0,1985,CC_BY_4_0,166.0
Myotis albescens,859423674,BO,,1984,CC0_1_0,266.0
Myotis albescens,859468304,BO,,1984,CC0_1_0,754.0
Myotis albescens,859395120,BO,,1991,CC0_1_0,694.5
Myotis albescens,859473787,BO,,1985,CC0_1_0,172.5
Myotis albescens,859484234,BO,,1985,CC0_1_0,750.5
Myotis albescens,859441105,BO,,1986,CC0_1_0,172.0
Myotis albescens,859494117,BO,,1987,CC0_1_0,232.5
Myotis albescens,5146972333,PE,2205.0,1984,CC0_1_0,196.5
Myotis albescens,5147191324,PY,11521.0,1973,CC0_1_0,146.0
Myotis albescens,1837224179,PE,,2014,CC_BY_4_0,235.0
Myotis albescens,1211810989,GY,,1992,CC_BY_4_0,5.0
Myotis albescens,1211822306,BR,,1975,CC_BY_4_0,205.5
Myotis albescens,1211793576,GY,,1970,CC_BY_4_0,112.0
Myotis albescens,1211804351,GY,,1990,CC_BY_4_0,82.0
Myotis albescens,1323926304,SR,,2009,CC_BY_4_0,281.5
Myotis albescens,1211808379,GY,,1990,CC_BY_4_0,87.0
Myotis albescens,1211798122,GY,,1973,CC_BY_4_0,193.5
Myotis albescens,1211780204,SV,,1978,CC_BY_4_0,380.0
Myotis albescens,1211796654,GY,,1970,CC_BY_4_0,213.0
Myotis albescens,5147311327,PY,11513.0,1973,CC0_1_0,111.0
Myotis albescens,5147196320,PY,192518.0,1973,CC0_1_0,177.0
Myotis albescens,5146970246,PE,1097.0,1984,CC0_1_0,410.5
Myotis albescens,5147436379,PE,1461.0,1984,CC0_1_0,498.5
Myotis albescens,5147192319,PY,11515.0,1973,CC0_1_0,113.5
Myotis albescens,5147190319,PY,11512.0,1973,CC0_1_0,105.0
Myotis albescens,5147425871,PE,429.0,1979,CC0_1_0,185.0
Myotis albescens,5147423321,PY,11510.0,1973,CC0_1_0,98.0
Myotis albescens,1211801447,GY,,1973,CC_BY_4_0,106.0
Myotis albescens,686485765,CR,2.0,2000,CC_BY_4_0,47.5
Myotis albescens,686482399,GY,5.0,1997,CC_BY_4_0,94.0
Myotis albescens,686485276,PE,2.5,1993,CC_BY_4_0,115.0
Myotis nigricans,1571716295,CO,544.0,2003,CC_BY_4_0,911.0
Myotis nigricans,1571716298,CO,544.0,2003,CC_BY_4_0,422.0
Myotis nigricans,1571717796,CO,3771.0,2014,CC_BY_4_0,300.5
Myotis nigricans,1571717840,CO,544.0,2014,CC_BY_4_0,234.0
Myotis nigricans,1571717862,CO,3129.0,2015,CC_BY_4_0,91.5
Myotis nigricans,4022906309,EC,,2021,CC_BY_NC_4_0,1.0
Myotis nigricans,4022906627,EC,,2021,CC_BY_NC_4_0,933.5
Myotis nigricans,4022906728,EC,,2018,CC_BY_NC_4_0,1542.5
Myotis nigricans,5082839586,EC,,2023,CC_BY_NC_4_0,1857.5
Myotis nigricans,5082839804,EC,,2024,CC_BY_NC_4_0,1970.5
Myotis nigricans,1987332157,CR,5469.0,1971,CC_BY_NC_4_0,8.0
Myotis nigricans,1987329703,PY,24017.0,1978,CC_BY_NC_4_0,246.0
Myotis nigricans,1987349597,PY,9015.0,1977,CC_BY_NC_4_0,89.0
Myotis nigricans,1987238337,PE,8586.0,1984,CC_BY_NC_4_0,1023.0
Myotis nigricans,1987277551,PY,25218.0,1977,CC_BY_NC_4_0,149.0
Myotis nigricans,1987354439,PY,3015.0,1981,CC_BY_NC_4_0,80.5
Myotis nigricans,1987336036,PY,5536.0,1988,CC_BY_NC_4_0,77.0
Myotis nigricans,1987346799,PY,61534.0,1977,CC_BY_NC_4_0,132.0
Myotis nigricans,1987330904,BO,14405.0,1979,CC_BY_NC_4_0,172.0
Myotis nigricans,1987311057,PY,13901.0,1977,CC_BY_NC_4_0,358.0
Myotis nigricans,1987298711,PY,19931.0,1976,CC_BY_NC_4_0,138.0
Myotis nigricans,1987307285,PY,7513.0,1978,CC_BY_NC_4_0,111.5
Myotis nigricans,1987279312,PY,6533.0,1988,CC_BY_NC_4_0,82.0
Myotis nigricans,1987307261,PY,10892.0,1979,CC_BY_NC_4_0,70.0
Myotis nigricans,1987237481,GT,2900.0,1970,CC_BY_NC_4_0,1832.5
Myotis nigricans,1987239639,BO,10070.0,1978,CC_BY_NC_4_0,724.0
Myotis nigricans,1987290947,PY,3538.0,1988,CC_BY_NC_4_0,83.0
Myotis nigricans,5103754513,EC,,2003,CC_BY_NC_4_0,1825.0
Myotis nigricans,2863950483,GT,2216.0,1999,CC_BY_NC_4_0,218.0
Myotis nigricans,2863950499,GT,301.0,1999,CC_BY_NC_4_0,120.5
Myotis nigricans,3050510326,GT,,2011,CC_BY_NC_4_0,1257.5
Myotis nigricans,3050510327,GT,3036.0,1995,CC_BY_NC_4_0,1377.0
Myotis nigricans,3050510328,GT,273771.0,1989,CC_BY_NC_4_0,1607.0
Myotis nigricans,1835169747,TT,,2016,CC_BY_4_0,110.0
Myotis nigricans,1318223117,GY,,1999,CC0_1_0,18.5
Myotis nigricans,1318402545,PE,,1994,CC0_1_0,635.5
Myotis nigricans,1318397442,EC,,1990,CC0_1_0,258.0
Myotis nigricans,1322718185,GT,,1972,CC0_1_0,7.5
Myotis nigricans,5283683623,CO,,2022,CC_BY_4_0,1126.0
Myotis nigricans,2884006428,CO,,2000,CC_BY_NC_4_0,723.5
Myotis nigricans,2884006454,CO,,2000,CC_BY_NC_4_0,32.5
Myotis nigricans,2804487276,EC,500.0,2006,CC0_1_0,1048.0
Myotis nigricans,2804500810,EC,2000.0,2006,CC0_1_0,1079.0
Myotis nigricans,2804489738,MX,1000.0,1984,CC0_1_0,91.5
Myotis nigricans,2804498664,GY,500.0,1994,CC0_1_0,100.5
Myotis nigricans,3013405642,BR,,2011,CC_BY_4_0,52.5
Myotis nigricans,3013405659,BR,,2011,CC_BY_4_0,551.5
Myotis nigricans,3013405779,BR,,2011,CC_BY_4_0,744.0
Myotis nigricans,3013405799,BR,,2010,CC_BY_4_0,768.5
Myotis nigricans,3013406341,BR,,2012,CC_BY_4_0,616.5
Myotis nigricans,3013406364,BR,,2012,CC_BY_4_0,574.0
Myotis nigricans,3013406558,BR,,1978,CC_BY_4_0,34.0
Myotis nigricans,3013407047,BR,,1976,CC_BY_4_0,818.5
Myotis nigricans,3013407160,BR,,1998,CC_BY_4_0,765.5
Myotis nigricans,3013407218,BR,,1981,CC_BY_4_0,616.5
Myotis nigricans,3013407279,BR,,1974,CC_BY_4_0,756.0
Myotis nigricans,3013407423,BR,,1976,CC_BY_4_0,67.0
Myotis nigricans,3013407471,BR,,1986,CC_BY_4_0,347.0
Myotis nigricans,2824258658,BR,,2017,CC_BY_NC_4_0,51.0
Myotis nigricans,1676079969,CO,7.0,2015,CC_BY_NC_4_0,100.0
Myotis nigricans,1676080044,CO,8.0,2015,CC_BY_NC_4_0,115.0
Myotis nigricans,1020746891,CO,100.0,2008,CC_BY_NC_4_0,182.0
Myotis nigricans,1020746903,CO,433.46,2008,CC_BY_NC_4_0,930.5
Myotis nigricans,1020747067,CO,160157.37,2013,CC_BY_NC_4_0,914.0
Myotis nigricans,1020747071,CO,600.0,2013,CC_BY_NC_4_0,727.5
Myotis nigricans,1020747075,CO,600.0,2013,CC_BY_NC_4_0,280.5
Myotis nigricans,3026678386,CO,,2019,CC_BY_NC_4_0,96.0
Myotis nigricans,859567074,PE,,1973,CC0_1_0,2299.0
Myotis nigricans,859567770,PE,,1978,CC0_1_0,235.0
Myotis nigricans,859566972,PE,,1971,CC0_1_0,160.0
Myotis nigricans,859568351,PE,,1982,CC0_1_0,2123.0
Myotis nigricans,859566869,PE,,1972,CC0_1_0,833.5
Myotis nigricans,859567573,PE,,1978,CC0_1_0,425.0
Myotis nigricans,859568869,CR,,1990,CC0_1_0,115.0
Myotis nigricans,859566858,PE,,1970,CC0_1_0,2464.0
Myotis nigricans,859566975,PE,,1971,CC0_1_0,777.0
Myotis nigricans,859568265,PE,,1979,CC0_1_0,214.0
Myotis nigricans,1977887929,CO,,2003,CC0_1_0,165.0
Myotis nigricans,3068259616,CO,,2001,CC0_1_0,70.5
Myotis nigricans,3068259638,CO,,2004,CC0_1_0,107.0
Myotis nigricans,3068259883,CO,,2003,CC0_1_0,63.5
Myotis nigricans,3068259982,CO,,2014,CC0_1_0,71.5
Myotis nigricans,3068260283,CO,,1999,CC0_1_0,107.5
Myotis nigricans,5061132306,CO,,2016,CC0_1_0,302.0
Myotis nigricans,919142547,CO,1085.0,2012,CC0_1_0,1138.5
Myotis nigricans,919142576,CO,1350.0,2012,CC0_1_0,2126.0
Myotis nigricans,919142609,CO,1191.0,2013,CC0_1_0,1336.0
Myotis nigricans,919143081,CO,3569.0,1989,CC0_1_0,2414.5
Myotis nigricans,1078916800,CO,3952.0,1998,CC0_1_0,991.5
Myotis nigricans,1078916858,CO,1220.0,1999,CC0_1_0,2130.5
Myotis nigricans,1609371484,CO,,2013,CC0_1_0,2013.0
Myotis nigricans,919141205,CO,1125.0,2011,CC0_1_0,2.0
Myotis nigricans,919142629,CO,1002.0,2012,CC0_1_0,986.0
Myotis nigricans,919142716,CO,1200.0,2012,CC0_1_0,841.5
Myotis nigricans,919142921,CO,1002.0,1991,CC0_1_0,926.5
Myotis nigricans,919142922,CO,1058.0,2011,CC0_1_0,2.0
Myotis nigricans,919143114,CO,1159.0,2010,CC0_1_0,723.0
Myotis nigricans,919144051,CO,2083.0,1989,CC0_1_0,240.0
Myotis nigricans,1897327911,MX,70.0,1970,CC_BY_4_0,334.5
Myotis nigricans,1314964575,CO,624.0,1981,CC_BY_NC_4_0,1808.5
Myotis nigricans,1314964592,CO,690.0,2001,CC_BY_NC_4_0,1619.0
Myotis nigricans,1314964582,CO,1526.0,1978,CC_BY_NC_4_0,6.0
Myotis nigricans,1314964513,CO,2525.0,1976,CC_BY_NC_4_0,1862.0
Myotis nigricans,1314964578,CO,1000.0,2001,CC_BY_NC_4_0,357.0
Myotis nigricans,1314964603,CO,500.0,1983,CC_BY_NC_4_0,239.0
Myotis nigricans,1314964617,CO,1106.0,1982,CC_BY_NC_4_0,340.0
Myotis nigricans,1314964618,CO,750.0,1984,CC_BY_NC_4_0,187.0
Myotis nigricans,1314964634,CO,2061.0,1983,CC_BY_NC_4_0,182.5
Myotis nigricans,1806452399,CO,1800.0,1994,CC_BY_NC_4_0,573.5
Myotis nigricans,1314964469,CO,820.0,1976,CC_BY_NC_4_0,1392.5
Myotis nigricans,1314964637,CO,850.0,1983,CC_BY_NC_4_0,1052.5
Myotis nigricans,1806450521,CO,565.0,1991,CC_BY_NC_4_0,433.0
Myotis nigricans,1806450602,CO,2100.0,1991,CC_BY_NC_4_0,1519.0
Myotis nigricans,1806451729,CO,1000.0,1993,CC_BY_NC_4_0,996.5
Myotis nigricans,1806452021,CO,13772.0,1982,CC_BY_NC_4_0,150.5
Myotis nigricans,1806452616,CO,18682.0,1993,CC_BY_NC_4_0,755.5
Myotis nigricans,1806452915,CO,511.6,1994,CC_BY_NC_4_0,473.0
Myotis nigricans,1806453472,CO,1725.0,1996,CC_BY_NC_4_0,312.0
Myotis nigricans,3463354312,CO,,2021,CC_BY_NC_4_0,177.0
Myotis nigricans,3463354329,CO,,2021,CC_BY_NC_4_0,171.0
Myotis nigricans,382064605,AR,,1979,CC_BY_4_0,160.5
Myotis nigricans,382064870,AR,,1992,CC_BY_4_0,176.5
Myotis nigricans,4979119906,CO,,2015,CC_BY_NC_4_0,178.5
Myotis nigricans,4979156466,CO,,2013,CC_BY_NC_4_0,2084.5
Myotis nigricans,4979114945,CO,,2002,CC_BY_NC_4_0,932.0
Myotis nigricans,4979125858,CO,,2021,CC_BY_NC_4_0,171.0
Myotis nigricans,4979156869,CO,,2021,CC_BY_NC_4_0,157.5
Myotis nigricans,4979160802,CO,,2021,CC_BY_NC_4_0,65.0
Myotis nigricans,1821670599,BR,,2005,CC_BY_NC_4_0,126.0
Myotis nigricans,1821670710,BR,,1990,CC_BY_NC_4_0,93.0
Myotis nigricans,3008956100,CO,,2004,CC_BY_4_0,1077.0
Myotis nigricans,3008956388,CO,,2009,CC_BY_4_0,268.5
Myotis nigricans,3008956399,CO,,2004,CC_BY_4_0,803.0
Myotis nigricans,3008956560,CO,,2003,CC_BY_4_0,244.0
Myotis nigricans,665737370,BO,1.15,1972,CC0_1_0,1154.5
Myotis nigricans,665923728,PY,16.18,1991,CC0_1_0,92.0
Myotis nigricans,665755399,PE,,1985,CC0_1_0,1869.0
Myotis nigricans,665726255,CO,9.61,1978,CC0_1_0,415.0
Myotis nigricans,665896726,BR,,1978,CC0_1_0,20.0
Myotis nigricans,665754852,PE,,1985,CC0_1_0,900.0
Myotis nigricans,665920348,BO,1.01,1997,CC0_1_0,961.5
Myotis nigricans,665903921,CO,,1971,CC0_1_0,320.0
Myotis nigricans,1805728063,BR,,1993,CC0_1_0,867.5
Myotis nigricans,665738064,EC,20.26,1983,CC0_1_0,196.0
Myotis nigricans,665862116,EC,7.06,1983,CC0_1_0,328.0
Myotis nigricans,665731987,PE,,1981,CC0_1_0,149.0
Myotis nigricans,665878378,PE,,1999,CC0_1_0,410.5
Myotis nigricans,665737182,PE,,2001,CC0_1_0,472.5
Myotis nigricans,665879136,PE,,2001,CC0_1_0,1121.0
Myotis nigricans,1805743334,PE,,2007,CC0_1_0,1062.0
Myotis nigricans,3890566178,CO,,2021,CC_BY_NC_4_0,1343.0
Myotis nigricans,3890565847,CO,,2016,CC_BY_NC_4_0,342.5
Myotis nigricans,1609371046,CO,,2001,CC_BY_NC_4_0,636.0
Myotis nigricans,1609371224,CO,,2004,CC_BY_NC_4_0,226.5
Myotis nigricans,3710473449,CO,,2018,CC_BY_NC_4_0,114.0
Myotis nigricans,2422214030,CO,,2003,CC_BY_NC_4_0,1773.0
Myotis nigricans,3710473450,CO,,2018,CC_BY_NC_4_0,117.0
Myotis nigricans,3710474905,CO,,2012,CC_BY_NC_4_0,2136.5
Myotis nigricans,5904951662,CO,,2022,CC_BY_NC_4_0,81.0
Myotis nigricans,1609370878,CO,,2000,CC_BY_NC_4_0,1862.5
Myotis nigricans,2422214164,CO,,2009,CC_BY_NC_4_0,823.0
Myotis nigricans,1609371189,CO,,2002,CC_BY_NC_4_0,1386.5
Myotis nigricans,2422214027,CO,,2004,CC_BY_NC_4_0,940.0
Myotis nigricans,5904951359,CO,,2022,CC_BY_NC_4_0,84.0
Myotis nigricans,5904951893,CO,,2023,CC_BY_NC_4_0,978.0
Myotis nigricans,3821076402,CO,,2017,CC_BY_NC_4_0,94.0
Myotis nigricans,3821076495,CO,,2020,CC_BY_NC_4_0,180.0
Myotis nigricans,3347090574,GY,,2007,CC_BY_4_0,177.5
Myotis nigricans,6190340484,PE,,2018,CC_BY_4_0,241.0
Myotis nigricans,3346358224,SR,,2006,CC_BY_4_0,248.5
Myotis nigricans,3347023460,GY,,1994,CC_BY_4_0,144.0
Myotis nigricans,3351424923,PA,,2013,CC_BY_4_0,27.0
Myotis nigricans,3347005202,GY,,1997,CC_BY_4_0,94.0
Myotis nigricans,3351288029,PA,,2012,CC_BY_4_0,2490.0
Myotis nigricans,6190209195,BO,,2000,CC_BY_4_0,180.5
Myotis nigricans,3348893062,PA,,2012,CC_BY_4_0,80.0
Myotis nigricans,3348893061,PA,,2013,CC_BY_4_0,8.5
Myotis nigricans,3350179687,GY,,1997,CC_BY_4_0,567.0
Myotis nigricans,3347017458,GY,,1996,CC_BY_4_0,264.5
Myotis nigricans,3350237500,GY,,2002,CC_BY_4_0,707.0
Myotis nigricans,3348944041,PA,,2012,CC_BY_4_0,44.0
Myotis nigricans,3350093586,EC,,1995,CC_BY_4_0,261.0
Myotis nigricans,865736423,PY,1000.0,1989,CC_BY_4_0,121.5
Myotis nigricans,865736394,PY,10000.0,1987,CC_BY_4_0,97.0
Myotis nigricans,865736424,PY,1000.0,1991,CC_BY_4_0,130.5
Myotis nigricans,865736861,PY,1000.0,1979,CC_BY_4_0,91.0
Myotis nigricans,865736375,BO,100000.0,1993,CC_BY_4_0,359.5
Myotis nigricans,865736819,PY,1000.0,1985,CC_BY_4_0,135.0
Myotis nigricans,865735892,PY,1000.0,1991,CC_BY_4_0,75.0
Myotis nigricans,865735951,AR,10000.0,1983,CC_BY_4_0,78.0
Myotis nigricans,865735961,BR,10000.0,1974,CC_BY_4_0,853.0
Myotis nigricans,865735969,CO,10000.0,1982,CC_BY_4_0,253.5
Myotis nigricans,865736089,GF,1000000.0,1971,CC_BY_4_0,178.5
Myotis nigricans,865736198,PY,10000.0,1988,CC_BY_4_0,68.5
Myotis nigricans,865736376,BO,10000.0,1993,CC_BY_4_0,2036.0
Myotis nigricans,865736393,PY,1000.0,1986,CC_BY_4_0,211.0
Myotis nigricans,865736437,PY,1000.0,1987,CC_BY_4_0,81.5
Myotis nigricans,865736441,PY,10000.0,1987,CC_BY_4_0,175.0
Myotis nigricans,865736471,PY,1000.0,1989,CC_BY_4_0,89.0
Myotis nigricans,865736824,PY,10000.0,1982,CC_BY_4_0,203.5
Myotis nigricans,2266111520,MX,1.0,1975,CC0_1_0,9.0
Myotis nigricans,6120810037,BR,,1986,CC_BY_4_0,125.0
Myotis nigricans,3024409132,PY,1000.0,1984,CC_BY_NC_4_0,135.0
Myotis nigricans,5898728998,GT,,2016,CC_BY_NC_4_0,10.5
Myotis nigricans,5898729134,GT,,2017,CC_BY_NC_4_0,522.0
Myotis nigricans,4026659481,CO,,2016,CC_BY_NC_4_0,1106.5
Myotis nigricans,4026687369,CO,,2022,CC_BY_NC_4_0,80.5
Myotis nigricans,4026674550,CO,,2019,CC_BY_NC_4_0,195.0
Myotis nigricans,4026689273,CO,,2021,CC_BY_NC_4_0,1515.0
Myotis nigricans,4026655269,CO,,2018,CC_BY_NC_4_0,107.0
Myotis nigricans,4026662537,CO,,2015,CC_BY_NC_4_0,194.0
Myotis nigricans,4026663119,CO,,2015,CC_BY_NC_4_0,503.5
Myotis nigricans,4026685675,CO,,2021,CC_BY_NC_4_0,147.0
Myotis nigricans,4026688837,CO,,2021,CC_BY_NC_4_0,198.5
Myotis nigricans,4026689194,CO,,2021,CC_BY_NC_4_0,361.0
Myotis nigricans,3356334194,BR,426464.0,1991,CC0_1_0,251.5
Myotis nigricans,1676065376,CO,,2014,CC0_1_0,1657.0
Myotis nigricans,1676065442,CO,,2016,CC0_1_0,349.0
Myotis nigricans,1676065489,CO,,2016,CC0_1_0,157.5
Myotis nigricans,1676065511,CO,,2016,CC0_1_0,1200.0
Myotis nigricans,1676065512,CO,,2009,CC0_1_0,207.0
Myotis nigricans,5886784767,BR,,2009,CC_BY_NC_4_0,97.0
Myotis nigricans,5886784809,BR,,2006,CC_BY_NC_4_0,17.0
Myotis nigricans,5886785039,BR,,2004,CC_BY_NC_4_0,328.5
Myotis nigricans,5886785042,BR,,2007,CC_BY_NC_4_0,165.5
Myotis nigricans,5886785070,BR,,2005,CC_BY_NC_4_0,745.5
Myotis nigricans,5886785104,BR,,2003,CC_BY_NC_4_0,1653.5
Myotis nigricans,5886785231,BR,,2005,CC_BY_NC_4_0,112.0
Myotis nigricans,5886785236,BR,,2010,CC_BY_NC_4_0,31.5
Myotis nigricans,5886785240,BR,,2010,CC_BY_NC_4_0,28.0
Myotis nigricans,5886786521,BR,,2004,CC_BY_NC_4_0,1.0
Myotis nigricans,5886786524,BR,,2005,CC_BY_NC_4_0,515.5
Myotis nigricans,5886787258,BR,,2009,CC_BY_NC_4_0,86.0
Myotis nigricans,5886788309,BR,,2010,CC_BY_NC_4_0,27.0
Myotis nigricans,5886788864,BR,,2008,CC_BY_NC_4_0,22.5
Myotis nigricans,859264740,GT,,2000,CC0_1_0,135.0
Myotis nigricans,859264650,GT,,1998,CC0_1_0,1423.5
Myotis nigricans,3306342873,MX,,2010,CC_BY_4_0,442.5
Myotis nigricans,919436231,EC,6357.0,1981,CC0_1_0,0.0
Myotis nigricans,919416758,BO,13041.0,1979,CC0_1_0,529.5
Myotis nigricans,919451358,EC,6782.0,1981,CC0_1_0,77.0
Myotis nigricans,255679031,BR,4046.0,1984,CC0_1_0,1057.0
Myotis nigricans,255679087,AR,,1982,CC0_1_0,78.0
Myotis nigricans,255679089,AR,,1982,CC0_1_0,57.0
Myotis nigricans,255679096,BO,3036.0,1975,CC0_1_0,243.5
Myotis nigricans,255679093,AR,,1985,CC0_1_0,613.0
Myotis nigricans,894787474,AR,,2006,CC0_1_0,410.0
Myotis nigricans,894780950,AR,3036.0,1990,CC0_1_0,237.0
Myotis nigricans,4097141374,BR,,1993,CC_BY_NC_4_0,722.0
Myotis nigricans,4097141376,BR,,1991,CC_BY_NC_4_0,574.5
Myotis nigricans,1323972610,BR,,1990,CC_BY_4_0,5.0
Myotis nigricans,1323972637,BR,,1989,CC_BY_4_0,244.0
Myotis nigricans,1323972916,BR,,1991,CC_BY_4_0,66.5
Myotis nigricans,1323973717,BR,,1988,CC_BY_4_0,14.5
Myotis nigricans,1323974033,BR,,2007,CC_BY_4_0,710.0
Myotis nigricans,1323974067,BR,,2007,CC_BY_4_0,801.5
Myotis nigricans,1323974200,BR,,2009,CC_BY_4_0,550.0
Myotis nigricans,1323974304,BR,,2009,CC_BY_4_0,4.0
Myotis nigricans,1323974375,BR,,2010,CC_BY_4_0,1183.0
Myotis nigricans,2425455888,BR,,2015,CC_BY_4_0,803.5
Myotis nigricans,5099456430,PY,11010.0,1995,CC0_1_0,320.0
Myotis nigricans,5099444441,BO,3556.0,1987,CC0_1_0,365.0
Myotis nigricans,5099614418,BO,,1991,CC0_1_0,1300.0
Myotis nigricans,5099614458,BO,,1991,CC0_1_0,289.0
Myotis nigricans,5099439862,HN,4580.0,1979,CC0_1_0,454.0
Myotis nigricans,5099685592,PA,100.0,2015,CC0_1_0,111.0
Myotis nigricans,5099594725,BO,1000.0,1985,CC0_1_0,179.0
Myotis nigricans,5099712184,PA,100.0,2012,CC0_1_0,108.5
Myotis nigricans,5099593822,BO,1000.0,1985,CC0_1_0,186.5
Myotis nigricans,5099593751,BO,1000.0,1985,CC0_1_0,236.0
Myotis nigricans,5099618039,BO,,1993,CC0_1_0,241.0
Myotis nigricans,5099439525,BO,55164.0,1985,CC0_1_0,175.5
Myotis nigricans,5099440033,BO,3557.0,1987,CC0_1_0,337.5
Myotis nigricans,5099442202,BO,18439.0,1988,CC0_1_0,432.0
Myotis nigricans,5099723733,PA,5.0,2023,CC0_1_0,49.5
Myotis nigricans,5099615798,CR,,2009,CC0_1_0,178.0
Myotis nigricans,5099441457,BO,7557.0,1985,CC0_1_0,307.0
Myotis nigricans,5099439527,BO,3574.0,1985,CC0_1_0,184.0
Myotis nigricans,5099444657,CR,16544.0,1989,CC0_1_0,1095.5
Myotis nigricans,5099442530,BO,22576.0,1985,CC0_1_0,145.0
Myotis nigricans,5099442531,BO,196078.0,1985,CC0_1_0,181.5
Myotis nigricans,5099440462,BO,21366.0,1985,CC0_1_0,263.0
Myotis nigricans,5099442532,BO,14581.0,1985,CC0_1_0,235.0
Myotis nigricans,5099618517,BO,,1992,CC0_1_0,259.0
Myotis nigricans,5099479981,BO,,2000,CC0_1_0,247.0
Myotis nigricans,5099704175,PA,100.0,2014,CC0_1_0,339.0
Myotis nigricans,5099703797,PA,10.0,2016,CC0_1_0,399.5
Myotis nigricans,5099594544,BO,1000.0,1984,CC0_1_0,298.5
Myotis nigricans,2630370323,MX,90.0,1991,CC_BY_4_0,610.5
Myotis nigricans,2630392948,GT,,1991,CC_BY_4_0,79.0
Myotis nigricans,2630346904,MX,110.0,1978,CC_BY_4_0,69.5
Myotis nigricans,3863929371,CO,,2018,CC_BY_NC_4_0,678.0
Myotis nigricans,3962334432,EC,,2021,CC_BY_NC_4_0,106.5
Myotis nigricans,3962335140,EC,,2021,CC_BY_NC_4_0,198.5
Myotis nigricans,3962335552,EC,,2021,CC_BY_NC_4_0,291.5
Myotis nigricans,4983335305,EC,,2023,CC_BY_4_0,230.0
Myotis nigricans,1065424664,MX,606.0,1970,CC0_1_0,576.5
Myotis nigricans,675853475,NI,,1978,CC0_1_0,18.5
Myotis nigricans,675853472,NI,,1978,CC0_1_0,80.5
Myotis nigricans,675885081,MX,,1981,CC0_1_0,306.0
Myotis nigricans,675904047,CR,,1982,CC0_1_0,1273.5
Myotis nigricans,675742875,GF,,1987,CC0_1_0,21.0
Myotis nigricans,675866449,MX,,1979,CC0_1_0,776.0
Myotis nigricans,675934076,VE,,1980,CC0_1_0,185.0
Myotis nigricans,675853466,MX,,1978,CC0_1_0,9.0
Myotis nigricans,675838716,VE,,1973,CC0_1_0,47.0
Myotis nigricans,675728993,PE,,1983,CC0_1_0,565.5
Myotis nigricans,675832898,VE,,1973,CC0_1_0,47.0
Myotis nigricans,5180144318,EC,,2015,CC_BY_NC_4_0,2389.5
Myotis nigricans,2432134789,CO,,2018,CC_BY_4_0,463.5
Myotis nigricans,1122691495,PA,,1973,CC_BY_NC_4_0,0.0
Myotis nigricans,1122697546,VE,,1981,CC_BY_NC_4_0,102.0
Myotis nigricans,4168899457,MX,,1976,CC_BY_4_0,438.5
Myotis nigricans,4169200821,MX,,1991,CC_BY_4_0,216.0
Myotis nigricans,3390875463,CO,,1980,CC_BY_NC_4_0,52.0
Myotis nigricans,3390875953,CO,,1994,CC_BY_NC_4_0,1537.5
Myotis nigricans,2650654436,CO,,2008,CC_BY_NC_4_0,291.5
Myotis nigricans,2650654705,CO,1130.0,2005,CC_BY_NC_4_0,505.5
Myotis nigricans,2650655252,CO,2230.0,2005,CC_BY_NC_4_0,347.5
Myotis nigricans,2650655440,CO,296.0,2010,CC_BY_NC_4_0,1485.0
Myotis nigricans,2650655815,CO,501.0,2009,CC_BY_NC_4_0,85.0
Myotis nigricans,2650656291,CO,13989.0,2009,CC_BY_NC_4_0,684.0
Myotis nigricans,859368092,BO,,1993,CC0_1_0,233.0
Myotis nigricans,859444898,BO,,1985,CC0_1_0,243.5
Myotis nigricans,859476660,BO,,1994,CC0_1_0,206.5
Myotis nigricans,859395125,BO,,1991,CC0_1_0,694.5
Myotis nigricans,859425750,BO,,1985,CC0_1_0,186.5
Myotis nigricans,859371931,BO,,1984,CC0_1_0,256.0
Myotis nigricans,859396282,BO,,1985,CC0_1_0,296.0
Myotis nigricans,859492437,BO,,1991,CC0_1_0,284.0
Myotis nigricans,859449991,BO,,1985,CC0_1_0,181.5
Myotis nigricans,859453687,BO,,1985,CC0_1_0,173.0
Myotis nigricans,859492780,PE,,1970,CC0_1_0,2118.0
Myotis nigricans,859423837,BO,,1984,CC0_1_0,281.0
Myotis nigricans,859453493,BO,,1984,CC0_1_0,199.0
Myotis nigricans,859396472,BO,,1988,CC0_1_0,1129.5
Myotis nigricans,859478785,BO,,1992,CC0_1_0,183.0
Myotis nigricans,859399637,BO,,1986,CC0_1_0,172.0
Myotis nigricans,859494257,BO,,1985,CC0_1_0,176.0
Myotis nigricans,859474268,BO,,1985,CC0_1_0,391.5
Myotis nigricans,2985623677,CO,,2015,CC_BY_NC_4_0,282.0
Myotis nigricans,6393267301,CO,,2022,CC_BY_NC_4_0,2270.5
Myotis nigricans,5147440559,PE,428.0,1987,CC0_1_0,2153.5
Myotis nigricans,5146967322,PY,11509.0,1973,CC0_1_0,94.0
Myotis nigricans,5147423326,PY,11515.0,1973,CC0_1_0,113.5
Myotis nigricans,5147112758,GT,100.0,2011,CC0_1_0,2474.0
Myotis nigricans,5147299206,MX,7314.0,1971,CC0_1_0,1719.0
Myotis nigricans,5147309899,MX,1913.0,1977,CC0_1_0,40.5
Myotis nigricans,5146970329,PY,10497.0,1973,CC0_1_0,61.0
Myotis nigricans,5147201044,BR,4522.0,1993,CC0_1_0,426.5
Myotis nigricans,5147320048,BR,,1993,CC0_1_0,228.5
Myotis nigricans,5146970323,PY,12012.0,1972,CC0_1_0,106.5
Myotis nigricans,5147209049,BR,10004.0,1993,CC0_1_0,177.0
Myotis nigricans,5147316872,PE,429.0,1979,CC0_1_0,185.0
Myotis nigricans,5147437041,BR,33527.0,1993,CC0_1_0,1105.0
Myotis nigricans,5146973531,PE,516.0,1985,CC0_1_0,738.5
Myotis nigricans,5147326044,BR,,1993,CC0_1_0,76.5
Myotis nigricans,5147087036,BR,1301.0,1993,CC0_1_0,754.5
Myotis nigricans,1211811112,GY,,1992,CC_BY_4_0,22.0
Myotis nigricans,1211821275,SV,,1979,CC_BY_4_0,1506.5
Myotis nigricans,1211806738,CO,,1974,CC_BY_4_0,317.0
Myotis nigricans,1211822305,BR,,1975,CC_BY_4_0,205.5
Myotis nigricans,1211808367,GY,,1990,CC_BY_4_0,87.0
Myotis nigricans,1211804360,GY,,1990,CC_BY_4_0,82.0
Myotis nigricans,1211813884,GY,,1981,CC_BY_4_0,5.0
Myotis nigricans,1837223931,GY,,2014,CC_BY_4_0,111.5
Myotis nigricans,1211802574,GY,,1990,CC_BY_4_0,126.5
Myotis nigricans,5209145478,GD,,2019,CC_BY_4_0,12.0
Myotis nigricans,1211796153,GY,,1972,CC_BY_4_0,157.0
Myotis nigricans,1211813392,GY,,1973,CC_BY_4_0,28.5
Myotis nigricans,1211823417,BR,,1975,CC_BY_4_0,114.0
Myotis nigricans,1323929610,GY,,2013,CC_BY_4_0,262.5
Myotis nigricans,1211812512,GY,,1973,CC_BY_4_0,30.0
Myotis nigricans,1211829717,BR,,1973,CC_BY_4_0,662.0
Myotis nigricans,1211793229,GY,,1974,CC_BY_4_0,177.0
Myotis nigricans,1211796581,GY,,1970,CC_BY_4_0,213.0
Myotis nigricans,1211815114,GY,,1972,CC_BY_4_0,2.5
Myotis nigricans,1211830300,BR,,1970,CC_BY_4_0,24.5
Myotis nigricans,1323929445,GY,,2013,CC_BY_4_0,144.0
Myotis nigricans,1323931474,GY,,2007,CC_BY_4_0,141.0
Myotis nigricans,5147441029,BR,4586.0,1993,CC0_1_0,33.0
Myotis nigricans,5147320035,BR,4075.0,1993,CC0_1_0,1291.0
Myotis nigricans,5147309669,PY,1282.0,1976,CC0_1_0,169.5
Myotis nigricans,5147077944,MX,1292.0,1980,CC0_1_0,462.5
Myotis nigricans,5147209038,BR,4396.0,1993,CC0_1_0,47.0
Myotis nigricans,5147196326,PY,192518.0,1973,CC0_1_0,177.0
Myotis nigricans,5147228749,GT,100.0,2011,CC0_1_0,1436.0
Myotis nigricans,5147075330,PY,12171.0,1973,CC0_1_0,75.0
Myotis nigricans,5147089052,BR,5603.0,1993,CC0_1_0,0.0
Myotis nigricans,5146972564,CR,10297.0,1986,CC0_1_0,1623.0
Myotis nigricans,5147084008,PY,11510.0,1973,CC0_1_0,98.0
Myotis nigricans,5147311331,PY,11513.0,1973,CC0_1_0,111.0
Myotis nigricans,5147194333,PY,11512.0,1973,CC0_1_0,105.0
Myotis nigricans,5147428769,PE,411.0,1978,CC0_1_0,254.0
Myotis nigricans,1211792575,GY,,1972,CC_BY_4_0,119.0
Myotis nigricans,1211793865,GY,,1970,CC_BY_4_0,112.0
Myotis nigricans,1211794751,GY,,1971,CC_BY_4_0,143.5
Myotis nigricans,1211795549,GY,,1970,CC_BY_4_0,113.0
Myotis nigricans,1211797831,GY,,1974,CC_BY_4_0,193.5
Myotis nigricans,1211801371,GY,,1973,CC_BY_4_0,106.0
Myotis nigricans,1211802923,CO,,1973,CC_BY_4_0,1732.5
Myotis nigricans,686476249,EC,15.0,1977,CC_BY_4_0,172.5
Myotis nigricans,686461847,PA,3.59,1976,CC_BY_4_0,151.0
Myotis nigricans,686482400,GY,5.0,1997,CC_BY_4_0,97.0
Myotis nigricans,686485523,CR,5.0,1988,CC_BY_4_0,49.5
Myotis nigricans,686486064,PY,5.0,2000,CC_BY_4_0,147.5
Myotis nigricans,686470777,CR,4.49,1990,CC_BY_4_0,6.5
Myotis nigricans,686485700,CR,16.54,1995,CC_BY_4_0,1415.0
Myotis nigricans,686485768,CR,2.0,2000,CC_BY_4_0,47.5
Myotis nigricans,4026493304,CR,,2004,CC_BY_4_0,60.0
Myotis nigricans,2027481234,CO,,2018,CC_BY_NC_4_0,740.5
Myotis oxyotus,5082839793,EC,,2024,CC_BY_NC_4_0,1970.5
Myotis oxyotus,5103754076,EC,,2005,CC_BY_NC_4_0,2688.5
Myotis oxyotus,5103755365,EC,,2008,CC_BY_NC_4_0,2278.0
Myotis oxyotus,859567970,BO,,1979,CC0_1_0,2674.5
Myotis oxyotus,919143219,CO,1360.0,1984,CC0_1_0,2085.5
Myotis oxyotus,665892943,PE,,1987,CC0_1_0,2603.0
Myotis oxyotus,665920349,PE,,2001,CC0_1_0,2756.5
Myotis oxyotus,2422214665,CO,,2012,CC_BY_NC_4_0,1960.5
Myotis oxyotus,1609370886,CO,,2001,CC_BY_NC_4_0,1641.0
Myotis oxyotus,2422213944,CO,,2004,CC_BY_NC_4_0,1750.0
Myotis oxyotus,2422213965,CO,,2004,CC_BY_NC_4_0,1771.0
Myotis oxyotus,2422214431,CO,,2005,CC_BY_NC_4_0,3028.0
Myotis oxyotus,2422214445,CO,,2012,CC_BY_NC_4_0,1813.5
Myotis oxyotus,6189896729,CR,,1986,CC_BY_4_0,1837.5
Myotis oxyotus,4026682282,CO,,2014,CC_BY_NC_4_0,2786.0
Myotis oxyotus,919449848,CR,3797.0,1978,CC0_1_0,3032.0
Myotis oxyotus,5099725125,EC,,2017,CC0_1_0,3255.0
Myotis oxyotus,5099431278,PE,4597.0,1982,CC0_1_0,1870.0
Myotis oxyotus,5099716051,EC,,2017,CC0_1_0,1976.5
Myotis oxyotus,5099716168,EC,,2017,CC0_1_0,2239.0
Myotis oxyotus,5099458340,BO,1043.0,1993,CC0_1_0,2750.0
Myotis oxyotus,3962333572,EC,,2021,CC_BY_NC_4_0,2485.0
Myotis oxyotus,3390875641,CO,12.0,2015,CC_BY_NC_4_0,1955.5
Myotis oxyotus,2650655338,CO,544.0,1994,CC_BY_NC_4_0,2699.5
Myotis oxyotus,2650655846,CO,505.0,2009,CC_BY_NC_4_0,1756.0
Myotis riparius,1571717134,CO,9005.0,2010,CC_BY_4_0,111.0
Myotis riparius,1571717172,CO,544.0,2010,CC_BY_4_0,116.5
Myotis riparius,1571717665,CO,505.0,2014,CC_BY_4_0,294.5
Myotis riparius,1571717823,CO,544.0,2014,CC_BY_4_0,234.0
Myotis riparius,4022906411,EC,,2018,CC_BY_NC_4_0,222.0
Myotis riparius,4022906420,EC,,2022,CC_BY_NC_4_0,1529.5
Myotis riparius,4022906749,EC,,2020,CC_BY_NC_4_0,1605.0
Myotis riparius,1987329205,PY,,1978,CC_BY_NC_4_0,218.5
Myotis riparius,1987319662,PY,13053.0,1979,CC_BY_NC_4_0,103.0
Myotis riparius,1987320510,PY,,1978,CC_BY_NC_4_0,178.0
Myotis riparius,1987282668,PY,14490.0,1979,CC_BY_NC_4_0,137.5
Myotis riparius,1656007090,CO,210.0,2012,CC_BY_NC_4_0,0.0
Myotis riparius,1321746527,BO,,1992,CC0_1_0,162.0
Myotis riparius,1320656777,EC,,1990,CC0_1_0,258.0
Myotis riparius,1320944695,PE,,1992,CC0_1_0,236.5
Myotis riparius,1318417133,GY,,1999,CC0_1_0,18.5
Myotis riparius,1320180144,BR,,1986,CC0_1_0,133.0
Myotis riparius,1322103098,PE,,1998,CC0_1_0,865.5
Myotis riparius,1322216908,GY,,1999,CC0_1_0,123.5
Myotis riparius,1317579156,EC,,1979,CC0_1_0,139.5
Myotis riparius,1319449096,BO,,1992,CC0_1_0,156.0
Myotis riparius,1321580522,PE,,1992,CC0_1_0,420.5
Myotis riparius,2804493908,EC,500.0,2006,CC0_1_0,835.0
Myotis riparius,1638731670,CO,,2015,CC_BY_NC_4_0,1118.0
Myotis riparius,3013405871,BR,,1994,CC_BY_4_0,765.5
Myotis riparius,1676079960,CO,7.0,2015,CC_BY_NC_4_0,100.0
Myotis riparius,1676080012,CO,8.0,2015,CC_BY_NC_4_0,114.0
Myotis riparius,859568266,PE,,1979,CC0_1_0,214.0
Myotis riparius,3068259757,CO,,2010,CC0_1_0,87.0
Myotis riparius,3068260003,CO,,2010,CC0_1_0,111.5
Myotis riparius,1949916662,CO,8.0,2017,CC_BY_NC_4_0,803.0
Myotis riparius,1806450500,CO,511.6,1990,CC_BY_NC_4_0,473.0
Myotis riparius,1314964739,CO,1106.0,1979,CC_BY_NC_4_0,340.0
Myotis riparius,1806449872,CO,331.0,1988,CC_BY_NC_4_0,448.0
Myotis riparius,1806453448,CO,530.6,1996,CC_BY_NC_4_0,804.0
Myotis riparius,4979139146,CO,,2016,CC_BY_NC_4_0,95.0
Myotis riparius,3008955670,CO,,2004,CC_BY_4_0,944.5
Myotis riparius,3008956066,CO,,2004,CC_BY_4_0,1362.0
Myotis riparius,665823208,CO,2.62,1975,CC0_1_0,388.0
Myotis riparius,665726867,PE,,1981,CC0_1_0,1181.5
Myotis riparius,665925286,PE,,1983,CC0_1_0,900.0
Myotis riparius,1805743361,PE,,2007,CC0_1_0,1062.0
Myotis riparius,665900792,PE,,2001,CC0_1_0,1491.5
Myotis riparius,665878379,PE,,1999,CC0_1_0,410.5
Myotis riparius,2422214241,CO,,2003,CC_BY_NC_4_0,1804.5
Myotis riparius,2422213905,CO,,2003,CC_BY_NC_4_0,1261.5
Myotis riparius,2422213931,CO,,2004,CC_BY_NC_4_0,1401.0
Myotis riparius,1609371185,CO,,2003,CC_BY_NC_4_0,852.0
Myotis riparius,2422214034,CO,,2004,CC_BY_NC_4_0,1565.5
Myotis riparius,2422214205,CO,,2004,CC_BY_NC_4_0,940.0
Myotis riparius,2422214230,CO,,2005,CC_BY_NC_4_0,373.0
Myotis riparius,2422214236,CO,,2004,CC_BY_NC_4_0,1837.5
Myotis riparius,2422214401,CO,,2011,CC_BY_NC_4_0,514.5
Myotis riparius,2422214468,CO,,2005,CC_BY_NC_4_0,746.5
Myotis riparius,2422215280,CO,,2018,CC_BY_NC_4_0,1119.5
Myotis riparius,5904950890,CO,,2024,CC_BY_NC_4_0,1587.0
Myotis riparius,3350179688,GY,,1996,CC_BY_4_0,250.0
Myotis riparius,3347005203,PA,,1995,CC_BY_4_0,1557.5
Myotis riparius,3347038339,EC,,1995,CC_BY_4_0,235.5
Myotis riparius,3347124359,GY,,1997,CC_BY_4_0,509.5
Myotis riparius,6190735071,PE,,2021,CC_BY_4_0,241.0
Myotis riparius,3346372055,GY,,2003,CC_BY_4_0,586.0
Myotis riparius,3346348954,GY,,2004,CC_BY_4_0,840.5
Myotis riparius,3350207515,GY,,1994,CC_BY_4_0,100.5
Myotis riparius,3347117488,GY,,2005,CC_BY_4_0,441.5
Myotis riparius,6191116500,BR,,2015,CC_BY_4_0,0.0
Myotis riparius,3346376964,GY,,2002,CC_BY_4_0,1375.5
Myotis riparius,3346378047,GY,,1996,CC_BY_4_0,239.0
Myotis riparius,3350290437,BR,,1998,CC_BY_4_0,681.0
Myotis riparius,3347108470,GY,,1997,CC_BY_4_0,632.5
Myotis riparius,3350127552,CR,,1997,CC_BY_4_0,16.0
Myotis riparius,3347019309,GY,,1997,CC_BY_4_0,81.0
Myotis riparius,3346341949,GY,,1999,CC_BY_4_0,58.5
Myotis riparius,3346376965,GY,,2001,CC_BY_4_0,21.5
Myotis riparius,3350201448,EC,,1995,CC_BY_4_0,238.5
Myotis riparius,3351695152,BO,,1985,CC_BY_4_0,750.5
Myotis riparius,3349616011,GY,,2001,CC_BY_4_0,116.0
Myotis riparius,3350218666,GY,,2005,CC_BY_4_0,469.5
Myotis riparius,3347019311,PA,,1995,CC_BY_4_0,48.0
Myotis riparius,865735965,BR,10000.0,1974,CC_BY_4_0,853.0
Myotis riparius,865736856,PY,1000.0,1979,CC_BY_4_0,215.0
Myotis riparius,865736764,PY,1000.0,1985,CC_BY_4_0,110.0
Myotis riparius,2266110859,CR,3.0,1974,CC0_1_0,1512.5
Myotis riparius,4026662536,CO,,2015,CC_BY_NC_4_0,194.0
Myotis riparius,4026685141,CO,,2021,CC_BY_NC_4_0,468.5
Myotis riparius,4026677290,CO,,2021,CC_BY_NC_4_0,557.0
Myotis riparius,4026662633,CO,,2015,CC_BY_NC_4_0,304.0
Myotis riparius,4026685685,CO,,2020,CC_BY_NC_4_0,147.5
Myotis riparius,4026686028,CO,,2021,CC_BY_NC_4_0,175.0
Myotis riparius,4026662521,CO,,2015,CC_BY_NC_4_0,182.0
Myotis riparius,4026679016,CO,,2014,CC_BY_NC_4_0,54.5
Myotis riparius,4026686802,CO,,2022,CC_BY_NC_4_0,73.5
Myotis riparius,4026688846,CO,,2021,CC_BY_NC_4_0,198.5
Myotis riparius,1676065434,CO,,2016,CC0_1_0,349.0
Myotis riparius,1676065497,CO,,2016,CC0_1_0,1292.5
Myotis riparius,1676065513,CO,,2015,CC0_1_0,158.0
Myotis riparius,1676065517,CO,,2016,CC0_1_0,252.0
Myotis riparius,1676065583,CO,,2016,CC0_1_0,668.5
Myotis riparius,5886779917,BR,,2006,CC_BY_NC_4_0,393.0
Myotis riparius,5886784769,BR,,2009,CC_BY_NC_4_0,97.0
Myotis riparius,5886788942,BR,,2005,CC_BY_NC_4_0,745.5
Myotis riparius,5886788950,BR,,2009,CC_BY_NC_4_0,828.0
Myotis riparius,5886788953,BR,,2007,CC_BY_NC_4_0,376.0
Myotis riparius,3046440899,CO,,2018,CC_BY_4_0,1548.0
Myotis riparius,255679084,AR,,1985,CC0_1_0,225.5
Myotis riparius,202079536,AR,,2004,CC0_1_0,606.0
Myotis riparius,255679092,AR,,1985,CC0_1_0,547.5
Myotis riparius,255679095,AR,,1984,CC0_1_0,931.0
Myotis riparius,202079538,AR,,2002,CC0_1_0,638.5
Myotis riparius,894783399,AR,,2004,CC0_1_0,976.0
Myotis riparius,5099454338,BO,1043.0,1993,CC0_1_0,241.0
Myotis riparius,5099729724,PA,5.0,2023,CC0_1_0,69.5
Myotis riparius,5099725144,EC,,2017,CC0_1_0,657.5
Myotis riparius,5099723184,EC,,2017,CC0_1_0,876.5
Myotis riparius,5099709839,PA,10.0,2016,CC0_1_0,399.5
Myotis riparius,5099719143,EC,,2017,CC0_1_0,66.5
Myotis riparius,5099439321,BO,3554.0,1984,CC0_1_0,1234.0
Myotis riparius,3463351386,CO,,2018,CC_BY_NC_4_0,847.0
Myotis riparius,3863929367,CO,,2022,CC_BY_NC_4_0,1701.0
Myotis riparius,4412289364,CO,,2023,CC_BY_NC_4_0,176.0
Myotis riparius,3962334084,EC,,2021,CC_BY_NC_4_0,227.5
Myotis riparius,3962334408,EC,,2021,CC_BY_NC_4_0,267.5
Myotis riparius,3962334555,EC,,2021,CC_BY_NC_4_0,256.5
Myotis riparius,3962335118,EC,,2021,CC_BY_NC_4_0,198.5
Myotis riparius,4983335321,EC,,2023,CC_BY_4_0,230.0
Myotis riparius,675837512,PE,,1974,CC0_1_0,136.0
Myotis riparius,5180144346,EC,,2022,CC_BY_NC_4_0,1061.0
Myotis riparius,5180144385,EC,,2022,CC_BY_NC_4_0,1788.5
Myotis riparius,1638477201,NI,,2008,CC_BY_NC_4_0,217.5
Myotis riparius,1661822372,CO,,2016,CC_BY_NC_4_0,84.5
Myotis riparius,3390876481,CO,30.0,2015,CC_BY_NC_4_0,1352.0
Myotis riparius,3390876539,CO,,2015,CC_BY_NC_4_0,1402.0
Myotis riparius,859448656,BO,,1984,CC0_1_0,228.5
Myotis riparius,2985623594,CO,,2015,CC_BY_NC_4_0,568.5
Myotis riparius,2985623704,CO,,2015,CC_BY_NC_4_0,282.0
Myotis riparius,5147440383,PE,1461.0,1984,CC0_1_0,498.5
Myotis riparius,5147074750,PY,1282.0,1978,CC0_1_0,169.5
Myotis riparius,5147190869,PE,465.0,1979,CC0_1_0,188.0
Myotis riparius,1323930013,SR,,2010,CC_BY_4_0,238.0
Myotis riparius,1323930001,SR,,2010,CC_BY_4_0,223.0
Myotis riparius,1323930089,SR,,2010,CC_BY_4_0,234.0
Myotis riparius,1211816894,PA,,1991,CC_BY_4_0,752.5
Myotis riparius,1323926731,SR,,2009,CC_BY_4_0,289.0
Myotis riparius,1323925727,SR,,2008,CC_BY_4_0,600.0
Myotis riparius,1211808132,GY,,1990,CC_BY_4_0,91.0
Myotis riparius,1211810308,SR,,2002,CC_BY_4_0,399.5
Myotis riparius,1211829709,BR,,1973,CC_BY_4_0,662.0
Myotis riparius,1323928529,PE,,2012,CC_BY_4_0,122.0
Myotis riparius,1837224455,PE,,2014,CC_BY_4_0,107.0
Myotis riparius,5147071762,PE,411.0,1978,CC0_1_0,254.0
Myotis riparius,5147322046,BR,5243.0,1993,CC0_1_0,74.0
Myotis riparius,1211823445,BR,,1975,CC_BY_4_0,114.0
Myotis riparius,686485278,PE,2.5,1993,CC_BY_4_0,115.0
Myotis riparius,686462109,CR,4.85,1974,CC_BY_4_0,59.5
Myotis riparius,686466867,EC,4.95,1971,CC_BY_4_0,320.5
Noctilio albiventris,1571716933,CO,5973.0,2007,CC_BY_4_0,258.5
Noctilio albiventris,1571717493,CO,2162.0,2013,CC_BY_4_0,304.0
Noctilio albiventris,1987238260,PY,7089.0,1979,CC_BY_NC_4_0,109.0
Noctilio albiventris,1656007197,CO,2140.0,1992,CC_BY_NC_4_0,20.0
Noctilio albiventris,1317241765,GY,,1999,CC0_1_0,18.5
Noctilio albiventris,1318893866,PA,,1976,CC0_1_0,23.5
Noctilio albiventris,3013405372,BR,,1988,CC_BY_4_0,347.0
Noctilio albiventris,1676080000,CO,7.0,2015,CC_BY_NC_4_0,100.0
Noctilio albiventris,3026678328,CO,,2019,CC_BY_NC_4_0,84.5
Noctilio albiventris,859568438,BO,,1981,CC0_1_0,133.0
Noctilio albiventris,859568891,CR,,1990,CC0_1_0,115.0
Noctilio albiventris,859566936,PE,,1971,CC0_1_0,777.0
Noctilio albiventris,859566880,PA,,1973,CC0_1_0,28.0
Noctilio albiventris,859568437,BO,,1982,CC0_1_0,149.5
Noctilio albiventris,859568450,PE,,1984,CC0_1_0,79.5
Noctilio albiventris,3068259853,CO,,2010,CC0_1_0,87.0
Noctilio albiventris,919144189,CO,1305.0,1985,CC0_1_0,96.0
Noctilio albiventris,919144198,CO,61578.0,1985,CC0_1_0,150.5
Noctilio albiventris,919143807,CO,9757.0,1982,CC0_1_0,130.5
Noctilio albiventris,919143890,CO,36142.0,1986,CC0_1_0,502.0
Noctilio albiventris,1806451900,CO,6922.6,1993,CC_BY_NC_4_0,146.5
Noctilio albiventris,3463354306,CO,,2021,CC_BY_NC_4_0,177.0
Noctilio albiventris,1314963912,CO,120.0,1980,CC_BY_NC_4_0,283.5
Noctilio albiventris,1314963942,CO,4500.0,1980,CC_BY_NC_4_0,324.0
Noctilio albiventris,1806452900,CO,511.6,1994,CC_BY_NC_4_0,473.0
Noctilio albiventris,4100391316,CO,,2019,CC_BY_NC_4_0,77.5
Noctilio albiventris,1314963926,CO,1526.0,1978,CC_BY_NC_4_0,6.0
Noctilio albiventris,1314963963,CO,1839.0,1978,CC_BY_NC_4_0,17.0
Noctilio albiventris,1806453983,CO,,1998,CC_BY_NC_4_0,96.0
Noctilio albiventris,3463354334,CO,,2021,CC_BY_NC_4_0,171.0
Noctilio albiventris,4979149104,CO,,1979,CC_BY_NC_4_0,6.0
Noctilio albiventris,4979139161,CO,,2016,CC_BY_NC_4_0,96.0
Noctilio albiventris,4979152839,CO,,2010,CC_BY_NC_4_0,64.0
Noctilio albiventris,4979156999,CO,,2011,CC_BY_NC_4_0,0.0
Noctilio albiventris,1821670707,BR,,1998,CC_BY_NC_4_0,90.0
Noctilio albiventris,3008955339,CO,,2018,CC_BY_4_0,318.0
Noctilio albiventris,3008955955,CO,,2017,CC_BY_4_0,179.5
Noctilio albiventris,3008956126,CO,,2018,CC_BY_4_0,423.5
Noctilio albiventris,3008956245,CO,,2002,CC_BY_4_0,268.5
Noctilio albiventris,3008956496,CO,,2016,CC_BY_4_0,213.5
Noctilio albiventris,665748868,PE,,1977,CC0_1_0,149.0
Noctilio albiventris,665885693,PE,,1980,CC0_1_0,119.5
Noctilio albiventris,665895206,EC,3.43,1983,CC0_1_0,307.0
Noctilio albiventris,665905449,PY,16.19,1991,CC0_1_0,83.0
Noctilio albiventris,665754478,EC,,1983,CC0_1_0,219.5
Noctilio albiventris,665732397,PE,63.23,1980,CC0_1_0,125.5
Noctilio albiventris,665717562,EC,,1983,CC0_1_0,218.0
Noctilio albiventris,665916110,PE,,2001,CC0_1_0,472.5
Noctilio albiventris,3710474749,CO,,2018,CC_BY_NC_4_0,113.0
Noctilio albiventris,5904951031,CO,,2025,CC_BY_NC_4_0,687.5
Noctilio albiventris,3710474581,CO,,2021,CC_BY_NC_4_0,1024.0
Noctilio albiventris,1609370976,CO,,2001,CC_BY_NC_4_0,204.0
Noctilio albiventris,2422213892,CO,,2005,CC_BY_NC_4_0,373.0
Noctilio albiventris,3710473542,CO,,2021,CC_BY_NC_4_0,122.5
Noctilio albiventris,3710474479,CO,,2019,CC_BY_NC_4_0,126.0
Noctilio albiventris,3710474768,CO,,2018,CC_BY_NC_4_0,115.5
Noctilio albiventris,5904950333,CO,,2023,CC_BY_NC_4_0,862.0
Noctilio albiventris,3821076396,CO,,2017,CC_BY_NC_4_0,88.5
Noctilio albiventris,3821076527,CO,,2020,CC_BY_NC_4_0,180.0
Noctilio albiventris,3349770038,GY,,2001,CC_BY_4_0,21.5
Noctilio albiventris,3346826647,GY,,2007,CC_BY_4_0,141.0
Noctilio albiventris,6190894582,CR,,2002,CC_BY_4_0,17.0
Noctilio albiventris,3349725997,GY,,1997,CC_BY_4_0,100.5
Noctilio albiventris,3436805961,VE,,1971,CC_BY_4_0,69.0
Noctilio albiventris,865738208,PY,10000.0,1988,CC_BY_4_0,68.5
Noctilio albiventris,865738225,PY,1000.0,1985,CC_BY_4_0,96.0
Noctilio albiventris,1142103962,NI,1000.0,1983,CC_BY_4_0,42.5
Noctilio albiventris,865738234,PY,1000.0,1985,CC_BY_4_0,90.0
Noctilio albiventris,865738202,PY,1000.0,1988,CC_BY_4_0,69.0
Noctilio albiventris,865738209,PY,1000.0,1989,CC_BY_4_0,89.0
Noctilio albiventris,865738211,PY,1000.0,1987,CC_BY_4_0,81.5
Noctilio albiventris,865738223,PY,1000.0,1985,CC_BY_4_0,110.0
Noctilio albiventris,865738229,PY,1000.0,1985,CC_BY_4_0,80.5
Noctilio albiventris,6120826032,BR,,1986,CC_BY_4_0,125.0
Noctilio albiventris,5898728772,GT,,2010,CC_BY_NC_4_0,7.0
Noctilio albiventris,4026686884,CO,,2021,CC_BY_NC_4_0,84.5
Noctilio albiventris,4026685714,CO,,2021,CC_BY_NC_4_0,147.5
Noctilio albiventris,4026669462,CO,,2003,CC_BY_NC_4_0,81.5
Noctilio albiventris,4026655691,CO,,2013,CC_BY_NC_4_0,128.0
Noctilio albiventris,4026689146,CO,,2021,CC_BY_NC_4_0,67.5
Noctilio albiventris,859267179,GT,,1994,CC0_1_0,2.0
Noctilio albiventris,4097141400,BR,,1990,CC_BY_NC_4_0,483.0
Noctilio albiventris,4097141403,BR,,1998,CC_BY_NC_4_0,407.0
Noctilio albiventris,5099433270,PE,4098.0,1982,CC0_1_0,837.0
Noctilio albiventris,5099481968,BO,,2000,CC0_1_0,247.0
Noctilio albiventris,5099587575,BO,1000.0,1984,CC0_1_0,233.0
Noctilio albiventris,5099438135,CO,3091.0,1983,CC0_1_0,16.5
Noctilio albiventris,5099621167,BO,,1994,CC0_1_0,355.5
Noctilio albiventris,5099586118,BO,1000.0,1993,CC0_1_0,136.5
Noctilio albiventris,5099593762,BO,1000.0,1985,CC0_1_0,179.0
Noctilio albiventris,1065408816,CR,5469.0,1971,CC0_1_0,8.0
Noctilio albiventris,675839425,PE,,1974,CC0_1_0,91.0
Noctilio albiventris,675742581,GF,,1987,CC0_1_0,21.0
Noctilio albiventris,1894603159,MX,100.0,1982,CC_BY_4_0,8.0
Noctilio albiventris,675826226,VE,,1974,CC0_1_0,47.0
Noctilio albiventris,675857666,NI,,1978,CC0_1_0,18.5
Noctilio albiventris,675857705,BR,,1975,CC0_1_0,103.0
Noctilio albiventris,675858313,CO,,1973,CC0_1_0,37.0
Noctilio albiventris,675907445,HN,,1983,CC0_1_0,355.5
Noctilio albiventris,1122697456,VE,,1981,CC_BY_NC_4_0,102.0
Noctilio albiventris,1122690782,PA,,1971,CC_BY_NC_4_0,60.0
Noctilio albiventris,1122701908,PY,,1983,CC_BY_NC_4_0,89.0
Noctilio albiventris,3390875527,CO,,1988,CC_BY_NC_4_0,18.0
Noctilio albiventris,2650654446,CO,,2008,CC_BY_NC_4_0,291.5
Noctilio albiventris,2650655391,CO,516.0,2010,CC_BY_NC_4_0,29.0
Noctilio albiventris,2650655811,CO,501.0,2009,CC_BY_NC_4_0,85.0
Noctilio albiventris,859485468,BO,,1986,CC0_1_0,160.5
Noctilio albiventris,859448646,BO,,1984,CC0_1_0,228.5
Noctilio albiventris,859444893,BO,,1985,CC0_1_0,243.5
Noctilio albiventris,859367977,BO,,1984,CC0_1_0,151.0
Noctilio albiventris,5146969318,PY,8497.0,1972,CC0_1_0,71.0
Noctilio albiventris,5147327544,CR,3795.0,1983,CC0_1_0,29.5
Noctilio albiventris,5147100368,BR,500.0,1991,CC0_1_0,125.5
Noctilio albiventris,1211816270,CO,,1977,CC_BY_4_0,2.0
Noctilio albiventris,1211816356,CO,,1977,CC_BY_4_0,3.0
Noctilio albiventris,1211805193,GY,,1990,CC_BY_4_0,77.0
Noctilio albiventris,1211804386,GY,,1990,CC_BY_4_0,82.0
Noctilio albiventris,1211805450,CO,,1972,CC_BY_4_0,98.5
Noctilio albiventris,1211823425,BR,,1975,CC_BY_4_0,114.0
Noctilio albiventris,1211794712,GY,,1971,CC_BY_4_0,143.5
Noctilio albiventris,1211802844,CO,,1973,CC_BY_4_0,964.0
Noctilio albiventris,1211795419,GY,,1970,CC_BY_4_0,113.0
Noctilio albiventris,1211797691,GY,,1971,CC_BY_4_0,213.0
Noctilio albiventris,1211797712,GY,,1973,CC_BY_4_0,193.5
Noctilio albiventris,1211815132,GY,,1972,CC_BY_4_0,3.0
Noctilio albiventris,5147192312,PY,11510.0,1972,CC0_1_0,102.0
Noctilio albiventris,5147190864,PE,429.0,1979,CC0_1_0,185.0
Noctilio albiventris,5147087064,PE,411.0,1977,CC0_1_0,254.0
Noctilio albiventris,1211793157,GY,,1974,CC_BY_4_0,177.0
Noctilio albiventris,1211801286,GY,,1973,CC_BY_4_0,106.0
Noctilio albiventris,686467327,PE,5.15,1980,CC_BY_4_0,94.5
Noctilio albiventris,686462140,CR,10.59,1973,CC_BY_4_0,104.5
Noctilio albiventris,686471253,PE,15.37,1989,CC_BY_4_0,186.5
Noctilio albiventris,686483131,GY,5.0,1997,CC_BY_4_0,58.5
Noctilio albiventris,686490605,NI,1.0,2003,CC_BY_4_0,175.5
Noctilio leporinus,1571717357,CO,505.0,2012,CC_BY_4_0,251.5
Noctilio leporinus,4022906608,EC,,2017,CC_BY_NC_4_0,200.0
Noctilio leporinus,4022906637,EC,,2020,CC_BY_NC_4_0,331.0
Noctilio leporinus,1987281825,PY,24011.0,1976,CC_BY_NC_4_0,175.0
Noctilio leporinus,3032605335,GT,,2009,CC_BY_NC_4_0,429.0
Noctilio leporinus,1656007092,CO,210.0,2010,CC_BY_NC_4_0,0.0
Noctilio leporinus,4857929456,CR,4930.0,1977,CC0_1_0,145.5
Noctilio leporinus,4858001891,MX,1793.0,1977,CC0_1_0,42.5
Noctilio leporinus,4857971787,NI,10902.0,1972,CC0_1_0,152.5
Noctilio leporinus,1322500709,GY,,1993,CC0_1_0,150.5
Noctilio leporinus,1321180458,BZ,,1995,CC0_1_0,99.0
Noctilio leporinus,1321849221,GY,,1999,CC0_1_0,18.5
Noctilio leporinus,1894830613,MX,90.0,1982,CC_BY_4_0,53.5
Noctilio leporinus,2629080749,MX,70.0,1989,CC_BY_4_0,7.0
Noctilio leporinus,2629098727,MX,70.0,1989,CC_BY_4_0,2.0
Noctilio leporinus,2629090234,MX,70.0,1989,CC_BY_4_0,0.0
Noctilio leporinus,2629106056,MX,70.0,1989,CC_BY_4_0,3.0
Noctilio leporinus,2629110602,MX,100.0,1970,CC_BY_4_0,29.5
Noctilio leporinus,2629112162,MX,90.0,1995,CC_BY_4_0,42.0
Noctilio leporinus,3013407467,BR,,1986,CC_BY_4_0,347.0
Noctilio leporinus,1676079995,CO,7.0,2015,CC_BY_NC_4_0,100.0
Noctilio leporinus,4168734357,MX,80.0,2010,CC_BY_4_0,0.0
Noctilio leporinus,1020746793,CO,44849.23,2001,CC_BY_NC_4_0,30.0
Noctilio leporinus,3026678395,CO,,2019,CC_BY_NC_4_0,162.0
Noctilio leporinus,859567046,CR,,1972,CC0_1_0,79.5
Noctilio leporinus,859568040,PE,,1979,CC0_1_0,214.0
Noctilio leporinus,859568895,CR,,1990,CC0_1_0,115.0
Noctilio leporinus,2564826329,PY,,1973,CC0_1_0,109.0
Noctilio leporinus,1323889082,MX,2785.0,1976,CC0_1_0,296.0
Noctilio leporinus,4168451516,MX,2797.0,1973,CC_BY_4_0,2.0
Noctilio leporinus,1893484519,MX,15050.0,1977,CC_BY_4_0,228.0
Noctilio leporinus,1893484571,MX,512.02,1975,CC_BY_4_0,0.0
Noctilio leporinus,1893484472,MX,22300.0,1975,CC_BY_4_0,45.0
Noctilio leporinus,1893484497,MX,20300.0,1975,CC_BY_4_0,122.5
Noctilio leporinus,1314963965,CO,1839.0,1978,CC_BY_NC_4_0,17.0
Noctilio leporinus,1806451706,CO,1440.6,1981,CC_BY_NC_4_0,71.5
Noctilio leporinus,1314963947,CO,1900.0,1974,CC_BY_NC_4_0,10.0
Noctilio leporinus,1314963937,CO,1404.0,1978,CC_BY_NC_4_0,1.0
Noctilio leporinus,382064866,AR,,1974,CC_BY_4_0,18.0
Noctilio leporinus,382064369,AR,,1970,CC_BY_4_0,83.0
Noctilio leporinus,1821670670,BR,,1990,CC_BY_NC_4_0,93.0
Noctilio leporinus,5138717844,CU,,1970,CC_BY_NC_4_0,83.5
Noctilio leporinus,5138717783,CU,,1970,CC_BY_NC_4_0,38.0
Noctilio leporinus,5138717845,CU,,1971,CC_BY_NC_4_0,0.0
Noctilio leporinus,665738494,VE,,1974,CC0_1_0,2.0
Noctilio leporinus,665887926,PA,36.1,1985,CC0_1_0,431.5
Noctilio leporinus,665890381,VG,2.8,1976,CC0_1_0,0.0
Noctilio leporinus,665822561,BZ,0.81,1977,CC0_1_0,79.5
Noctilio leporinus,665823124,CO,3.11,1976,CC0_1_0,301.0
Noctilio leporinus,665895202,BZ,1.72,1978,CC0_1_0,27.5
Noctilio leporinus,665822560,BZ,0.92,1977,CC0_1_0,37.5
Noctilio leporinus,665822559,BZ,0.92,1975,CC0_1_0,30.0
Noctilio leporinus,665742784,VI,,2003,CC0_1_0,30.0
Noctilio leporinus,665903095,CR,5.35,1974,CC0_1_0,5.0
Noctilio leporinus,1805727980,PR,,2009,CC0_1_0,15.0
Noctilio leporinus,1609371249,CO,,2005,CC_BY_NC_4_0,452.0
Noctilio leporinus,2871447314,CO,,2017,CC_BY_NC_4_0,88.5
Noctilio leporinus,1417791570,MX,80.0,2001,CC_BY_4_0,82.0
Noctilio leporinus,1417807408,MX,,1991,CC_BY_4_0,216.0
Noctilio leporinus,3350074603,SR,,2005,CC_BY_4_0,216.0
Noctilio leporinus,3346873807,GY,,2001,CC_BY_4_0,3.0
Noctilio leporinus,3349993608,GY,,1996,CC_BY_4_0,264.5
Noctilio leporinus,3350140597,GY,,1997,CC_BY_4_0,94.0
Noctilio leporinus,3346869873,GY,,2001,CC_BY_4_0,78.0
Noctilio leporinus,3346823349,PA,,1995,CC_BY_4_0,48.0
Noctilio leporinus,6191184765,CR,,2002,CC_BY_4_0,17.0
Noctilio leporinus,3349665035,GY,,1996,CC_BY_4_0,251.0
Noctilio leporinus,3350006683,GY,,1996,CC_BY_4_0,250.0
Noctilio leporinus,3346831652,GY,,2001,CC_BY_4_0,21.5
Noctilio leporinus,865738201,BZ,10000.0,1997,CC_BY_4_0,17.0
Noctilio leporinus,865738232,HT,1000.0,1982,CC_BY_4_0,18.0
Noctilio leporinus,2266111395,CR,4.0,1974,CC0_1_0,23.5
Noctilio leporinus,2266108681,MX,18.0,1973,CC0_1_0,1.0
Noctilio leporinus,1418523046,MX,,1995,CC_BY_4_0,10.0
Noctilio leporinus,1418532032,MX,,1987,CC_BY_4_0,16.5
Noctilio leporinus,1893583012,MX,100.0,1999,CC_BY_4_0,268.0
Noctilio leporinus,4026687370,CO,,2022,CC_BY_NC_4_0,80.5
Noctilio leporinus,4026686707,CO,,2022,CC_BY_NC_4_0,88.0
Noctilio leporinus,3356332003,PA,324483.0,1972,CC0_1_0,87.0
Noctilio leporinus,4026842311,DO,,1978,CC0_1_0,50.5
Noctilio leporinus,4026842315,DO,,1979,CC0_1_0,11.0
Noctilio leporinus,4026842657,DO,,1976,CC0_1_0,17.5
Noctilio leporinus,5886788519,BR,,2003,CC_BY_NC_4_0,91.0
Noctilio leporinus,5886788520,BR,,2003,CC_BY_NC_4_0,17.0
Noctilio leporinus,5886788526,BR,,2007,CC_BY_NC_4_0,17.0
Noctilio leporinus,859263612,GT,,1999,CC0_1_0,34.0
Noctilio leporinus,919426502,BO,7573.0,1979,CC0_1_0,158.0
Noctilio leporinus,919424955,EC,,1981,CC0_1_0,0.0
Noctilio leporinus,919442145,BO,14336.0,1979,CC0_1_0,447.0
Noctilio leporinus,202080284,MX,14385.0,1973,CC0_1_0,92.5
Noctilio leporinus,202081368,TT,1807.0,1970,CC0_1_0,0.0
Noctilio leporinus,1323972582,BR,,1990,CC_BY_4_0,5.0
Noctilio leporinus,5099421734,MX,2250.0,1973,CC0_1_0,119.0
Noctilio leporinus,5099442220,BO,3557.0,1988,CC0_1_0,319.0
Noctilio leporinus,5099590730,BO,,1985,CC0_1_0,159.0
Noctilio leporinus,5099425489,HN,5073.0,1979,CC0_1_0,348.0
Noctilio leporinus,5099436293,BO,7551.0,1984,CC0_1_0,301.5
Noctilio leporinus,5099439684,BO,3590.0,1986,CC0_1_0,216.5
Noctilio leporinus,5099644967,PA,,2011,CC0_1_0,0.0
Noctilio leporinus,5099710198,PA,100.0,2014,CC0_1_0,339.0
Noctilio leporinus,5099421382,MX,924.0,1975,CC0_1_0,14.0
Noctilio leporinus,5099612199,BO,,1994,CC0_1_0,355.5
Noctilio leporinus,5099443451,BO,22576.0,1985,CC0_1_0,145.0
Noctilio leporinus,5099720752,PA,100.0,2023,CC0_1_0,156.5
Noctilio leporinus,4168620214,MX,100.0,1993,CC_BY_4_0,8.0
Noctilio leporinus,2630399871,MX,110.0,1991,CC_BY_4_0,6.0
Noctilio leporinus,2630401837,MX,90.0,1991,CC_BY_4_0,120.5
Noctilio leporinus,2630374552,MX,100.0,1977,CC_BY_4_0,44.0
Noctilio leporinus,1065370293,CR,17596.0,1977,CC0_1_0,0.0
Noctilio leporinus,1894603436,MX,100.0,1976,CC_BY_4_0,0.0
Noctilio leporinus,1894603527,MX,90.0,1983,CC_BY_4_0,111.0
Noctilio leporinus,1894603529,MX,100.0,1997,CC_BY_4_0,17.0
Noctilio leporinus,1894603564,MX,100.0,1971,CC_BY_4_0,419.5
Noctilio leporinus,675829140,CR,,1995,CC0_1_0,9.5
Noctilio leporinus,675934181,MX,,1986,CC0_1_0,380.5
Noctilio leporinus,675851360,MX,,1977,CC0_1_0,120.0
Noctilio leporinus,675742842,GF,,1987,CC0_1_0,21.0
Noctilio leporinus,675851195,MX,,1977,CC0_1_0,9.0
Noctilio leporinus,1422087009,MX,,2009,CC_BY_4_0,21.0
Noctilio leporinus,1122700196,JM,,1983,CC_BY_NC_4_0,10.0
Noctilio leporinus,4169274857,MX,,1976,CC_BY_4_0,5.0
Noctilio leporinus,4169235832,MX,100.0,2006,CC_BY_4_0,239.5
Noctilio leporinus,4169258162,MX,100.0,1982,CC_BY_4_0,157.5
Noctilio leporinus,4169278940,MX,90.0,1986,CC_BY_4_0,92.0
Noctilio leporinus,4169271767,MX,,1979,CC_BY_4_0,17.5
Noctilio leporinus,4168878216,MX,90.0,1988,CC_BY_4_0,62.0
Noctilio leporinus,4169261409,MX,100.0,1986,CC_BY_4_0,32.0
Noctilio leporinus,4169235149,MX,,1973,CC_BY_4_0,12.0
Noctilio leporinus,4169240106,MX,100.0,2006,CC_BY_4_0,10.0
Noctilio leporinus,4169271721,MX,100.0,1980,CC_BY_4_0,283.5
Noctilio leporinus,4169200972,MX,100.0,1982,CC_BY_4_0,0.0
Noctilio leporinus,2650655778,CO,501.0,2009,CC_BY_NC_4_0,85.0
Noctilio leporinus,1898050735,MX,70.0,1996,CC_BY_4_0,4.0
Noctilio leporinus,859484301,BO,,1984,CC0_1_0,309.5
Noctilio leporinus,859449197,BO,,1984,CC0_1_0,228.5
Noctilio leporinus,859408696,BO,,1988,CC0_1_0,174.0
Noctilio leporinus,859466069,BO,,1985,CC0_1_0,154.0
Noctilio leporinus,859488923,BO,,1985,CC0_1_0,172.0
Noctilio leporinus,5147190309,PY,11520.0,1973,CC0_1_0,134.0
Noctilio leporinus,5147071900,MX,1543.0,1977,CC0_1_0,47.5
Noctilio leporinus,5147320049,BR,4396.0,1993,CC0_1_0,47.0
Noctilio leporinus,5147196313,PY,11510.0,1973,CC0_1_0,102.0
Noctilio leporinus,1211815935,GY,,1991,CC_BY_4_0,18.0
Noctilio leporinus,1211822862,MS,,1975,CC_BY_4_0,82.0
Noctilio leporinus,1211793182,GY,,1974,CC_BY_4_0,177.0
Noctilio leporinus,1323928623,GY,,2013,CC_BY_4_0,93.0
Noctilio leporinus,1837223990,GY,,2014,CC_BY_4_0,111.5
Noctilio leporinus,1211792553,GY,,1972,CC_BY_4_0,119.0
Noctilio leporinus,1211794041,GY,,1970,CC_BY_4_0,112.0
Noctilio leporinus,1211828837,BR,,1970,CC_BY_4_0,268.5
Noctilio leporinus,1211796136,GY,,1972,CC_BY_4_0,157.0
Noctilio leporinus,1837224202,DO,,2015,CC_BY_4_0,8.0
Noctilio leporinus,1211794391,GY,,1974,CC_BY_4_0,132.0
Noctilio leporinus,1211795628,GY,,1970,CC_BY_4_0,113.0
Noctilio leporinus,1211796547,GY,,1970,CC_BY_4_0,213.0
Noctilio leporinus,1211797671,GY,,1974,CC_BY_4_0,193.5
Noctilio leporinus,1211819783,GD,,1977,CC_BY_4_0,33.0
Noctilio leporinus,1211820119,GD,,1977,CC_BY_4_0,0.0
Noctilio leporinus,1211820973,SV,,1980,CC_BY_4_0,5.0
Noctilio leporinus,1211826461,DO,,1974,CC_BY_4_0,35.5
Noctilio leporinus,5147077314,PY,12012.0,1972,CC0_1_0,106.5
Noctilio leporinus,5146967307,PY,11514.0,1973,CC0_1_0,113.0
Noctilio leporinus,5146970310,PY,11512.0,1973,CC0_1_0,105.0
Noctilio leporinus,5147315309,PY,17979.0,1973,CC0_1_0,74.5
Noctilio leporinus,5147074894,CR,2844.0,1978,CC0_1_0,363.0
Noctilio leporinus,1211801229,GY,,1973,CC_BY_4_0,106.0
Noctilio leporinus,1211820556,VC,,1975,CC_BY_4_0,118.5
Noctilio leporinus,1211820686,VC,,1977,CC_BY_4_0,68.0
Noctilio leporinus,1837224914,KN,,2016,CC_BY_4_0,209.0
Noctilio leporinus,686485110,PE,6.5,1993,CC_BY_4_0,240.5
Noctilio leporinus,48064116,MX,,1972,CC0_1_0,65.5
Noctilio leporinus,1418244015,MX,110.0,1994,CC_BY_4_0,21.5
Noctilio leporinus,1418250595,MX,100.0,1984,CC_BY_4_0,15.5
Noctilio leporinus,1418242703,MX,90.0,2008,CC_BY_4_0,15.5
Noctilio leporinus,1418245892,MX,100.0,1984,CC_BY_4_0,0.0
Noctilio leporinus,1418249181,MX,100.0,1978,CC_BY_4_0,4.0
Nyctinomops laticaudatus,1987295812,PY,61534.0,1977,CC_BY_NC_4_0,132.0
Nyctinomops laticaudatus,1987233789,PY,14489.0,1981,CC_BY_NC_4_0,137.5
Nyctinomops laticaudatus,2863950510,GT,1204.0,1982,CC_BY_NC_4_0,894.5
Nyctinomops laticaudatus,1320577355,BO,,1997,CC0_1_0,171.0
Nyctinomops laticaudatus,1039526409,SR,1851.0,2007,CC0_1_0,354.5
Nyctinomops laticaudatus,3013405353,BR,,1988,CC_BY_4_0,347.0
Nyctinomops laticaudatus,3013405527,BR,,1975,CC_BY_4_0,3.0
Nyctinomops laticaudatus,3013405692,BR,,1975,CC_BY_4_0,527.0
Nyctinomops laticaudatus,3013405869,BR,,1994,CC_BY_4_0,765.5
Nyctinomops laticaudatus,3013407240,BR,,1976,CC_BY_4_0,818.5
Nyctinomops laticaudatus,45879782,PE,,1981,CC0_1_0,133.5
Nyctinomops laticaudatus,45879510,PE,,1978,CC0_1_0,129.5
Nyctinomops laticaudatus,45879746,PE,,1981,CC0_1_0,349.5
Nyctinomops laticaudatus,919144164,CO,1305.0,1985,CC0_1_0,96.0
Nyctinomops laticaudatus,919144276,CO,61578.0,1990,CC0_1_0,150.5
Nyctinomops laticaudatus,1893489847,MX,26250.0,1978,CC_BY_4_0,335.5
Nyctinomops laticaudatus,665823209,CO,7.61,1976,CC0_1_0,233.5
Nyctinomops laticaudatus,665905443,PY,16.19,1991,CC0_1_0,83.0
Nyctinomops laticaudatus,665822989,BZ,0.47,1977,CC0_1_0,7.0
Nyctinomops laticaudatus,665717016,BZ,0.92,1978,CC0_1_0,0.0
Nyctinomops laticaudatus,1895767085,MX,50.0,2000,CC_BY_4_0,718.0
Nyctinomops laticaudatus,865738246,PY,10000.0,1988,CC_BY_4_0,68.0
Nyctinomops laticaudatus,865738463,PY,1000.0,1985,CC_BY_4_0,110.0
Nyctinomops laticaudatus,865738248,PY,10000.0,1985,CC_BY_4_0,149.5
Nyctinomops laticaudatus,865738250,PY,10000.0,1977,CC_BY_4_0,66.5
Nyctinomops laticaudatus,865738417,PY,1000.0,1988,CC_BY_4_0,137.0
Nyctinomops laticaudatus,865738433,PY,1000.0,1987,CC_BY_4_0,81.5
Nyctinomops laticaudatus,865738434,PY,1000.0,1987,CC_BY_4_0,130.5
Nyctinomops laticaudatus,865738464,PY,1000.0,1985,CC_BY_4_0,214.5
Nyctinomops laticaudatus,865738470,PY,1000.0,1979,CC_BY_4_0,144.5
Nyctinomops laticaudatus,5898727659,GT,,2019,CC_BY_NC_4_0,896.5
Nyctinomops laticaudatus,5898728770,GT,,2010,CC_BY_NC_4_0,328.5
Nyctinomops laticaudatus,5898729174,GT,,2015,CC_BY_NC_4_0,1370.0
Nyctinomops laticaudatus,859266242,GT,,2004,CC0_1_0,335.0
Nyctinomops laticaudatus,859265384,GT,,1997,CC0_1_0,332.5
Nyctinomops laticaudatus,3306339991,MX,,2008,CC_BY_4_0,1001.5
Nyctinomops laticaudatus,202080580,BR,4046.0,1984,CC0_1_0,1057.0
Nyctinomops laticaudatus,202106782,MX,3036.0,1975,CC0_1_0,0.0
Nyctinomops laticaudatus,4097141386,BR,,1989,CC_BY_NC_4_0,596.5
Nyctinomops laticaudatus,5196133028,VE,27358.0,1972,CC0_1_0,1279.5
Nyctinomops laticaudatus,5099450944,BO,3573.0,1992,CC0_1_0,259.0
Nyctinomops laticaudatus,5099452953,BO,3565.0,1992,CC0_1_0,1193.0
Nyctinomops laticaudatus,5099589154,BO,1000.0,1993,CC0_1_0,136.0
Nyctinomops laticaudatus,4168620713,MX,90.0,1995,CC_BY_4_0,1219.0
Nyctinomops laticaudatus,1422073557,MX,70.0,2000,CC_BY_4_0,235.5
Nyctinomops laticaudatus,1898051168,MX,,2000,CC_BY_4_0,5.0
Nyctinomops laticaudatus,1898051185,MX,,2009,CC_BY_4_0,37.0
Nyctinomops laticaudatus,1898051171,MX,,2001,CC_BY_4_0,267.0
Nyctinomops laticaudatus,1898051180,MX,,1999,CC_BY_4_0,176.0
Nyctinomops laticaudatus,1898050834,MX,80.0,2005,CC_BY_4_0,182.0
Nyctinomops laticaudatus,859453456,BO,,1984,CC0_1_0,199.0
Nyctinomops laticaudatus,5147075348,PY,5335.0,1973,CC0_1_0,101.5
Nyctinomops laticaudatus,1211800079,GY,,1972,CC_BY_4_0,113.0
Nyctinomops laticaudatus,1211829455,MX,,1989,CC_BY_4_0,52.5
Nyctinomops laticaudatus,1211796348,GY,,1970,CC_BY_4_0,213.0
Nyctinomops laticaudatus,1418246559,MX,100.0,2009,CC_BY_4_0,104.5
Peropteryx macrotis,1571717832,CO,544.0,2014,CC_BY_4_0,234.0
Peropteryx macrotis,1987246930,PY,4521.0,1988,CC_BY_NC_4_0,73.5
Peropteryx macrotis,1987276506,PY,5106.0,1981,CC_BY_NC_4_0,86.5
Peropteryx macrotis,2863950781,GT,93688.0,1999,CC_BY_NC_4_0,158.0
Peropteryx macrotis,3032605302,GT,1500.0,2008,CC_BY_NC_4_0,20.5
Peropteryx macrotis,4858015581,HN,4928.0,1991,CC0_1_0,22.0
Peropteryx macrotis,1835169493,TT,,2001,CC_BY_4_0,46.0
Peropteryx macrotis,1318942278,VE,,1984,CC0_1_0,140.0
Peropteryx macrotis,2629086057,MX,,1978,CC_BY_4_0,27.0
Peropteryx macrotis,3013405335,BR,,1977,CC_BY_4_0,852.5
Peropteryx macrotis,3013405580,BR,,1977,CC_BY_4_0,357.0
Peropteryx macrotis,3013406166,BR,,1976,CC_BY_4_0,417.5
Peropteryx macrotis,3013406387,BR,,1976,CC_BY_4_0,427.5
Peropteryx macrotis,3013407402,BR,,1977,CC_BY_4_0,70.0
Peropteryx macrotis,3013407476,BR,,1986,CC_BY_4_0,347.0
Peropteryx macrotis,859567560,PE,,1978,CC0_1_0,425.0
Peropteryx macrotis,4421321398,CO,,2022,CC0_1_0,83.5
Peropteryx macrotis,1806452960,CO,1001.6,1995,CC_BY_NC_4_0,82.0
Peropteryx macrotis,1314959319,CO,3110.0,1979,CC_BY_NC_4_0,0.0
Peropteryx macrotis,1806453416,CO,1408.6,1996,CC_BY_NC_4_0,808.0
Peropteryx macrotis,1806452340,CO,1800.0,1994,CC_BY_NC_4_0,573.5
Peropteryx macrotis,1806452964,CO,,1995,CC_BY_NC_4_0,159.0
Peropteryx macrotis,4979119935,CO,,2015,CC_BY_NC_4_0,198.5
Peropteryx macrotis,2521259967,BR,,2003,CC_BY_NC_4_0,87.0
Peropteryx macrotis,2521259968,BR,,2008,CC_BY_NC_4_0,87.5
Peropteryx macrotis,3008956108,CO,,2004,CC_BY_4_0,239.0
Peropteryx macrotis,665888038,CO,,1971,CC0_1_0,552.0
Peropteryx macrotis,665923716,PY,16.19,1991,CC0_1_0,83.0
Peropteryx macrotis,665823121,CO,6.64,1976,CC0_1_0,229.0
Peropteryx macrotis,665749238,BZ,1.85,1977,CC0_1_0,14.5
Peropteryx macrotis,665722826,CO,13.46,1980,CC0_1_0,13.0
Peropteryx macrotis,665896429,BR,,1976,CC0_1_0,20.0
Peropteryx macrotis,665734468,GT,1.15,1972,CC0_1_0,311.5
Peropteryx macrotis,2422214582,CO,,2014,CC_BY_NC_4_0,478.5
Peropteryx macrotis,3710474672,CO,,2018,CC_BY_NC_4_0,115.5
Peropteryx macrotis,3710474673,CO,,2018,CC_BY_NC_4_0,113.0
Peropteryx macrotis,3349786294,SR,,2006,CC_BY_4_0,296.5
Peropteryx macrotis,4024000851,GY,,1997,CC_BY_4_0,87.0
Peropteryx macrotis,865739617,EC,10000.0,1986,CC_BY_4_0,590.5
Peropteryx macrotis,865739611,BZ,100000.0,1997,CC_BY_4_0,620.0
Peropteryx macrotis,2266111044,BZ,1.0,1983,CC0_1_0,6.0
Peropteryx macrotis,6120804071,BR,,1986,CC_BY_4_0,125.0
Peropteryx macrotis,6120824128,BR,,2006,CC_BY_4_0,289.5
Peropteryx macrotis,1274799562,CO,,2015,CC_BY_NC_4_0,220.0
Peropteryx macrotis,1676065584,CO,,2016,CC0_1_0,668.5
Peropteryx macrotis,5886786554,BR,,2007,CC_BY_NC_4_0,15.5
Peropteryx macrotis,859262860,GT,,1989,CC0_1_0,13.5
Peropteryx macrotis,859265624,GT,,1999,CC0_1_0,227.5
Peropteryx macrotis,859266247,GT,,2004,CC0_1_0,246.0
Peropteryx macrotis,1323972850,BR,,1997,CC_BY_4_0,861.0
Peropteryx macrotis,5099431263,PE,5558.0,1982,CC0_1_0,655.0
Peropteryx macrotis,2630373377,MX,80.0,1981,CC_BY_4_0,15.0
Peropteryx macrotis,4168611092,MX,100.0,1986,CC_BY_4_0,161.5
Peropteryx macrotis,2630389494,MX,90.0,1973,CC_BY_4_0,66.5
Peropteryx macrotis,3863929310,CO,,2019,CC_BY_NC_4_0,847.0
Peropteryx macrotis,1122703690,VE,,1985,CC_BY_NC_4_0,218.5
Peropteryx macrotis,4169252985,MX,90.0,2006,CC_BY_4_0,201.0
Peropteryx macrotis,4169279078,MX,90.0,2006,CC_BY_4_0,120.5
Peropteryx macrotis,4169221287,MX,80.0,1982,CC_BY_4_0,40.0
Peropteryx macrotis,4168937643,MX,70.0,1989,CC_BY_4_0,17.0
Peropteryx macrotis,4169273644,MX,80.0,1982,CC_BY_4_0,110.5
Peropteryx macrotis,4169013168,MX,70.0,1985,CC_BY_4_0,56.5
Peropteryx macrotis,4169091948,MX,100.0,1979,CC_BY_4_0,57.0
Peropteryx macrotis,4169251904,MX,70.0,1982,CC_BY_4_0,5.5
Peropteryx macrotis,4169013204,MX,90.0,1994,CC_BY_4_0,246.5
Peropteryx macrotis,4168866290,MX,90.0,1976,CC_BY_4_0,89.0
Peropteryx macrotis,1898051529,MX,,2004,CC_BY_4_0,654.0
Peropteryx macrotis,1898048955,MX,90.0,1992,CC_BY_4_0,544.0
Peropteryx macrotis,1898049008,MX,90.0,1993,CC_BY_4_0,347.0
Peropteryx macrotis,1898049009,MX,80.0,1992,CC_BY_4_0,10.0
Peropteryx macrotis,1898049040,MX,90.0,1992,CC_BY_4_0,147.0
Peropteryx macrotis,1898051545,MX,,2005,CC_BY_4_0,948.5
Peropteryx macrotis,859402719,PY,,1988,CC0_1_0,99.0
Peropteryx macrotis,1211812497,GY,,1973,CC_BY_4_0,30.0
Peropteryx macrotis,1211812527,GY,,1974,CC_BY_4_0,24.5
Peropteryx macrotis,1323925502,SR,,2009,CC_BY_4_0,240.0
Peropteryx macrotis,1211829242,MX,,1989,CC_BY_4_0,85.5
Peropteryx macrotis,1211789139,CO,,1970,CC_BY_4_0,589.5
Peropteryx macrotis,1211794411,GY,,1974,CC_BY_4_0,132.0
Peropteryx macrotis,1211797952,GY,,1971,CC_BY_4_0,213.0
Peropteryx macrotis,1211812121,GY,,1970,CC_BY_4_0,75.0
Peropteryx macrotis,1211793270,GY,,1974,CC_BY_4_0,177.0
Peropteryx macrotis,1211795738,GY,,1970,CC_BY_4_0,113.0
Peropteryx macrotis,1211797924,GY,,1974,CC_BY_4_0,193.5
Peropteryx macrotis,1211801079,GY,,1971,CC_BY_4_0,166.5
Peropteryx macrotis,1211801936,GY,,1971,CC_BY_4_0,106.0
Peropteryx macrotis,1211829187,MX,,1989,CC_BY_4_0,52.5
Peropteryx macrotis,1418247255,MX,100.0,1986,CC_BY_4_0,169.0
Platyrrhinus helleri,1571716215,CO,544.0,2003,CC_BY_4_0,911.0
Platyrrhinus helleri,1571716393,CO,2841.0,2002,CC_BY_4_0,466.5
Platyrrhinus helleri,1571716461,CO,1943.0,2002,CC_BY_4_0,301.5
Platyrrhinus helleri,1571716516,CO,2005.0,2004,CC_BY_4_0,1350.5
Platyrrhinus helleri,1571716548,CO,2254.0,2004,CC_BY_4_0,1478.5
Platyrrhinus helleri,1571716558,CO,2365.0,2004,CC_BY_4_0,1090.0
Platyrrhinus helleri,1571717093,CO,1848.0,2008,CC_BY_4_0,1361.5
Platyrrhinus helleri,1571717207,CO,505.0,2010,CC_BY_4_0,353.5
Platyrrhinus helleri,1571717227,CO,896.0,2011,CC_BY_4_0,1227.5
Platyrrhinus helleri,1571717297,CO,505.0,2011,CC_BY_4_0,1495.5
Platyrrhinus helleri,1571717329,CO,505.0,2012,CC_BY_4_0,954.5
Platyrrhinus helleri,1571717360,CO,505.0,2012,CC_BY_4_0,1034.0
Platyrrhinus helleri,1571717773,CO,501.0,2014,CC_BY_4_0,282.5
Platyrrhinus helleri,1571717829,CO,505.0,2014,CC_BY_4_0,245.5
Platyrrhinus helleri,1571717860,CO,505.0,2014,CC_BY_4_0,6.0
Platyrrhinus helleri,1571717877,CO,505.0,2016,CC_BY_4_0,1068.5
Platyrrhinus helleri,1656007074,CO,1367.0,2007,CC_BY_NC_4_0,137.5
Platyrrhinus helleri,1656007088,CO,210.0,2009,CC_BY_NC_4_0,166.0
Platyrrhinus helleri,1317655675,BZ,,1995,CC0_1_0,99.0
Platyrrhinus helleri,1322946953,EC,,1979,CC0_1_0,139.5
Platyrrhinus helleri,1322559598,EC,,1974,CC0_1_0,13.0
Platyrrhinus helleri,1320887142,EC,,1974,CC0_1_0,13.0
Platyrrhinus helleri,5283683690,CO,,2019,CC_BY_4_0,1396.5
Platyrrhinus helleri,5283683923,CO,,2012,CC_BY_4_0,1166.0
Platyrrhinus helleri,2804493508,MX,5000.0,1987,CC0_1_0,73.0
Platyrrhinus helleri,2804483920,BZ,1500.0,1975,CC0_1_0,133.5
Platyrrhinus helleri,2804500002,MX,5000.0,1990,CC0_1_0,102.5
Platyrrhinus helleri,1894828445,MX,90.0,1974,CC_BY_4_0,19.5
Platyrrhinus helleri,1894828451,MX,90.0,1970,CC_BY_4_0,65.0
Platyrrhinus helleri,2629113495,MX,,1978,CC_BY_4_0,24.0
Platyrrhinus helleri,1638731697,CO,,2015,CC_BY_NC_4_0,336.0
Platyrrhinus helleri,4168651022,MX,100.0,2001,CC_BY_4_0,1116.0
Platyrrhinus helleri,1020746885,CO,600.0,2007,CC_BY_NC_4_0,965.0
Platyrrhinus helleri,1020747088,CO,475.0,2009,CC_BY_NC_4_0,1296.0
Platyrrhinus helleri,1020747141,CO,600.0,2009,CC_BY_NC_4_0,837.0
Platyrrhinus helleri,45890805,PA,,1982,CC0_1_0,1365.0
Platyrrhinus helleri,1977887589,CO,,2002,CC0_1_0,69.0
Platyrrhinus helleri,1977887868,CO,,2000,CC0_1_0,159.0
Platyrrhinus helleri,1977887940,CO,,2005,CC0_1_0,165.0
Platyrrhinus helleri,3068259594,CO,,2002,CC0_1_0,70.5
Platyrrhinus helleri,3068259658,CO,,2003,CC0_1_0,77.5
Platyrrhinus helleri,3068259754,CO,,2003,CC0_1_0,102.5
Platyrrhinus helleri,3068259933,CO,,2014,CC0_1_0,104.0
Platyrrhinus helleri,3068260098,CO,,2011,CC0_1_0,63.0
Platyrrhinus helleri,3068260213,CO,,2010,CC0_1_0,71.5
Platyrrhinus helleri,3068260288,CO,,2010,CC0_1_0,107.0
Platyrrhinus helleri,3897117338,CO,,2021,CC0_1_0,16.0
Platyrrhinus helleri,4421321395,CO,,2022,CC0_1_0,83.5
Platyrrhinus helleri,919142645,CO,1085.0,2012,CC0_1_0,1138.5
Platyrrhinus helleri,1078917013,CO,4352.0,1988,CC0_1_0,1020.0
Platyrrhinus helleri,919142925,CO,1058.0,2011,CC0_1_0,2.0
Platyrrhinus helleri,919142967,CO,1002.0,1989,CC0_1_0,926.5
Platyrrhinus helleri,919142987,CO,1230.0,2010,CC0_1_0,446.5
Platyrrhinus helleri,1893497535,MX,2578.0,1977,CC_BY_4_0,386.0
Platyrrhinus helleri,1893497436,MX,1650.02,1987,CC_BY_4_0,36.5
Platyrrhinus helleri,1893497560,MX,136.02,1970,CC_BY_4_0,21.0
Platyrrhinus helleri,1314954069,CO,500.0,1983,CC_BY_NC_4_0,239.0
Platyrrhinus helleri,1806451715,CO,1000.0,1992,CC_BY_NC_4_0,996.5
Platyrrhinus helleri,1806450842,CO,462.0,1991,CC_BY_NC_4_0,1038.0
Platyrrhinus helleri,1806452113,CO,3000.0,1991,CC_BY_NC_4_0,1092.0
Platyrrhinus helleri,1806452371,CO,1950.0,1994,CC_BY_NC_4_0,452.5
Platyrrhinus helleri,1806453356,CO,1562.0,1994,CC_BY_NC_4_0,1112.5
Platyrrhinus helleri,1806453794,CO,4386.0,1997,CC_BY_NC_4_0,866.5
Platyrrhinus helleri,4979160604,CO,,2004,CC_BY_NC_4_0,449.5
Platyrrhinus helleri,4979153295,CO,,2021,CC_BY_NC_4_0,73.5
Platyrrhinus helleri,4979156411,CO,,2021,CC_BY_NC_4_0,81.0
Platyrrhinus helleri,4979119913,CO,,1979,CC_BY_NC_4_0,15.0
Platyrrhinus helleri,4979119915,CO,,1980,CC_BY_NC_4_0,615.0
Platyrrhinus helleri,4979120075,CO,,2018,CC_BY_NC_4_0,423.5
Platyrrhinus helleri,4979157008,CO,,2011,CC_BY_NC_4_0,354.0
Platyrrhinus helleri,4979157017,CO,,2011,CC_BY_NC_4_0,414.0
Platyrrhinus helleri,665823034,GT,16.75,1977,CC0_1_0,277.0
Platyrrhinus helleri,665822707,BZ,0.87,1974,CC0_1_0,144.0
Platyrrhinus helleri,665903077,CR,5.35,1974,CC0_1_0,5.0
Platyrrhinus helleri,665822702,BZ,0.92,1975,CC0_1_0,30.0
Platyrrhinus helleri,665743183,BZ,4.59,1974,CC0_1_0,141.5
Platyrrhinus helleri,665873207,CO,,1970,CC0_1_0,971.5
Platyrrhinus helleri,3890564564,CO,,2017,CC_BY_NC_4_0,967.5
Platyrrhinus helleri,3890565615,CO,,2016,CC_BY_NC_4_0,342.5
Platyrrhinus helleri,1609371153,CO,,2003,CC_BY_NC_4_0,852.0
Platyrrhinus helleri,2422214495,CO,,2011,CC_BY_NC_4_0,522.5
Platyrrhinus helleri,2422215080,CO,,2018,CC_BY_NC_4_0,1119.5
Platyrrhinus helleri,3710474946,CO,,2019,CC_BY_NC_4_0,631.0
Platyrrhinus helleri,1609371145,CO,,2003,CC_BY_NC_4_0,1320.5
Platyrrhinus helleri,2422214174,CO,,2005,CC_BY_NC_4_0,992.5
Platyrrhinus helleri,5904950615,CO,,2023,CC_BY_NC_4_0,1361.0
Platyrrhinus helleri,1609370988,CO,,2001,CC_BY_NC_4_0,204.0
Platyrrhinus helleri,2422213878,CO,,2004,CC_BY_NC_4_0,1369.0
Platyrrhinus helleri,2422214340,CO,,2004,CC_BY_NC_4_0,940.0
Platyrrhinus helleri,2422214742,CO,,2012,CC_BY_NC_4_0,987.5
Platyrrhinus helleri,2422214802,CO,,2012,CC_BY_NC_4_0,1151.0
Platyrrhinus helleri,3710474876,CO,,2019,CC_BY_NC_4_0,483.0
Platyrrhinus helleri,3710474942,CO,,2019,CC_BY_NC_4_0,988.5
Platyrrhinus helleri,3710474975,CO,,2021,CC_BY_NC_4_0,823.5
Platyrrhinus helleri,5904950542,CO,,2022,CC_BY_NC_4_0,176.5
Platyrrhinus helleri,5904951189,CO,,2022,CC_BY_NC_4_0,336.0
Platyrrhinus helleri,5904951709,CO,,2023,CC_BY_NC_4_0,200.5
Platyrrhinus helleri,4168572343,MX,90.0,2004,CC_BY_4_0,38.5
Platyrrhinus helleri,2871447374,CO,,2017,CC_BY_NC_4_0,88.5
Platyrrhinus helleri,3346788218,PA,,1995,CC_BY_4_0,1182.5
Platyrrhinus helleri,3351562924,PA,,2013,CC_BY_4_0,34.5
Platyrrhinus helleri,3346883496,SV,,1993,CC_BY_4_0,504.0
Platyrrhinus helleri,3346839512,GT,,1991,CC_BY_4_0,59.5
Platyrrhinus helleri,3348842232,PA,,2012,CC_BY_4_0,42.5
Platyrrhinus helleri,3346798191,PA,,1995,CC_BY_4_0,813.5
Platyrrhinus helleri,3348758932,PA,,2012,CC_BY_4_0,1103.5
Platyrrhinus helleri,3349994474,CR,,1997,CC_BY_4_0,16.0
Platyrrhinus helleri,583492022,MX,24072.0,1970,CC0_1_0,56.0
Platyrrhinus helleri,865749485,CO,1000.0,1970,CC_BY_4_0,22.0
Platyrrhinus helleri,2266111463,MX,1.0,1975,CC0_1_0,9.0
Platyrrhinus helleri,1418525552,MX,,1994,CC_BY_4_0,191.5
Platyrrhinus helleri,1893584725,MX,100.0,1998,CC_BY_4_0,848.0
Platyrrhinus helleri,1893584790,MX,100.0,1999,CC_BY_4_0,1311.0
Platyrrhinus helleri,5898728519,GT,,2005,CC_BY_NC_4_0,790.5
Platyrrhinus helleri,4026655268,CO,,2018,CC_BY_NC_4_0,127.0
Platyrrhinus helleri,4026685187,CO,,2021,CC_BY_NC_4_0,468.5
Platyrrhinus helleri,4026687250,CO,,2022,CC_BY_NC_4_0,92.5
Platyrrhinus helleri,4026659576,CO,,2016,CC_BY_NC_4_0,1106.5
Platyrrhinus helleri,4026679453,CO,,2015,CC_BY_NC_4_0,762.0
Platyrrhinus helleri,1676065440,CO,,2016,CC0_1_0,1200.0
Platyrrhinus helleri,859263162,GT,,2002,CC0_1_0,1.0
Platyrrhinus helleri,859263270,GT,,1999,CC0_1_0,164.0
Platyrrhinus helleri,859262891,GT,,2001,CC0_1_0,165.0
Platyrrhinus helleri,859263283,GT,,1991,CC0_1_0,963.5
Platyrrhinus helleri,859266376,GT,,1997,CC0_1_0,206.0
Platyrrhinus helleri,919421461,EC,6357.0,1981,CC0_1_0,0.0
Platyrrhinus helleri,919417934,BZ,2968.0,1979,CC0_1_0,19.0
Platyrrhinus helleri,919421427,EC,6782.0,1981,CC0_1_0,77.0
Platyrrhinus helleri,919444964,BZ,916.0,1979,CC0_1_0,27.5
Platyrrhinus helleri,1262415298,MX,,1974,CC0_1_0,110.5
Platyrrhinus helleri,5099701174,PA,,2018,CC0_1_0,67.5
Platyrrhinus helleri,5099696581,PA,100.0,2015,CC0_1_0,111.0
Platyrrhinus helleri,5099708202,PA,100.0,2015,CC0_1_0,224.5
Platyrrhinus helleri,5099440853,HN,4580.0,1979,CC0_1_0,454.0
Platyrrhinus helleri,5099439860,HN,5073.0,1979,CC0_1_0,348.0
Platyrrhinus helleri,5099712164,PA,,2018,CC0_1_0,66.0
Platyrrhinus helleri,5099708226,PA,100.0,2015,CC0_1_0,14.5
Platyrrhinus helleri,5099450282,CR,3301.0,1991,CC0_1_0,6.0
Platyrrhinus helleri,5099703802,PA,10.0,2016,CC0_1_0,399.5
Platyrrhinus helleri,2630396847,MX,90.0,1991,CC_BY_4_0,236.0
Platyrrhinus helleri,2630343853,MX,90.0,1991,CC_BY_4_0,115.0
Platyrrhinus helleri,4412289409,CO,,2022,CC_BY_NC_4_0,1107.5
Platyrrhinus helleri,1065335193,EC,27615.0,1970,CC0_1_0,34.0
Platyrrhinus helleri,1065345799,CR,3537.0,1971,CC0_1_0,272.5
Platyrrhinus helleri,1065367946,CR,1202.0,1971,CC0_1_0,165.5
Platyrrhinus helleri,675911142,HN,,1983,CC0_1_0,961.5
Platyrrhinus helleri,1894594332,MX,90.0,1978,CC_BY_4_0,1022.0
Platyrrhinus helleri,1894594368,MX,90.0,1995,CC_BY_4_0,1129.0
Platyrrhinus helleri,1894594408,MX,100.0,1982,CC_BY_4_0,603.0
Platyrrhinus helleri,1894594335,MX,90.0,1983,CC_BY_4_0,120.5
Platyrrhinus helleri,1894594361,MX,90.0,1992,CC_BY_4_0,460.0
Platyrrhinus helleri,675869683,MX,,1980,CC0_1_0,172.0
Platyrrhinus helleri,675846329,MX,,1976,CC0_1_0,0.0
Platyrrhinus helleri,675891711,CR,,1982,CC0_1_0,48.5
Platyrrhinus helleri,675882574,VE,,1980,CC0_1_0,1478.5
Platyrrhinus helleri,1122710082,PA,,1978,CC_BY_NC_4_0,173.0
Platyrrhinus helleri,1122702010,CR,,1984,CC_BY_NC_4_0,87.0
Platyrrhinus helleri,1122695128,PA,,1973,CC_BY_NC_4_0,0.0
Platyrrhinus helleri,1122706030,BZ,,1990,CC_BY_NC_4_0,151.5
Platyrrhinus helleri,476874886,CR,500.0,2002,CC_BY_NC_4_0,278.5
Platyrrhinus helleri,4169254716,MX,90.0,1982,CC_BY_4_0,941.5
Platyrrhinus helleri,4169248004,MX,100.0,1986,CC_BY_4_0,344.5
Platyrrhinus helleri,4169013256,MX,90.0,2005,CC_BY_4_0,194.5
Platyrrhinus helleri,4169271106,MX,100.0,1983,CC_BY_4_0,129.5
Platyrrhinus helleri,4169277955,MX,90.0,1986,CC_BY_4_0,851.0
Platyrrhinus helleri,4169189107,MX,90.0,1983,CC_BY_4_0,675.0
Platyrrhinus helleri,3390875699,CO,,1977,CC_BY_NC_4_0,7.5
Platyrrhinus helleri,3390875743,CO,,2014,CC_BY_NC_4_0,279.5
Platyrrhinus helleri,3390875934,CO,,2015,CC_BY_NC_4_0,1462.5
Platyrrhinus helleri,3390876055,CO,,1982,CC_BY_NC_4_0,697.5
Platyrrhinus helleri,3390876070,CO,,1991,CC_BY_NC_4_0,117.5
Platyrrhinus helleri,2650655238,CO,1030.0,2004,CC_BY_NC_4_0,490.5
Platyrrhinus helleri,2650655747,CO,1130.0,2004,CC_BY_NC_4_0,505.5
Platyrrhinus helleri,2650656075,CO,1530.0,2006,CC_BY_NC_4_0,1104.5
Platyrrhinus helleri,2650656077,CO,,2011,CC_BY_NC_4_0,62.0
Platyrrhinus helleri,2650656305,CO,505.0,2009,CC_BY_NC_4_0,196.0
Platyrrhinus helleri,2650656359,CO,,2011,CC_BY_NC_4_0,68.5
Platyrrhinus helleri,1898051549,MX,,2005,CC_BY_4_0,113.0
Platyrrhinus helleri,1898051555,MX,,2013,CC_BY_4_0,8.5
Platyrrhinus helleri,1898051536,MX,,2010,CC_BY_4_0,49.5
Platyrrhinus helleri,1898051539,MX,100.0,1996,CC_BY_4_0,192.0
Platyrrhinus helleri,1898051546,MX,,2006,CC_BY_4_0,319.5
Platyrrhinus helleri,1898051565,MX,90.0,2003,CC_BY_4_0,141.0
Platyrrhinus helleri,1898051533,MX,90.0,1995,CC_BY_4_0,582.0
Platyrrhinus helleri,1898051564,MX,,2011,CC_BY_4_0,568.0
Platyrrhinus helleri,1898051553,MX,100.0,1995,CC_BY_4_0,1189.0
Platyrrhinus helleri,5146989769,GT,500.0,2011,CC0_1_0,522.0
Platyrrhinus helleri,5147192776,GT,4000.0,1978,CC0_1_0,48.0
Platyrrhinus helleri,5147104773,GT,500.0,2011,CC0_1_0,395.0
Platyrrhinus helleri,5147191746,GT,2000.0,1978,CC0_1_0,205.0
Platyrrhinus helleri,686469838,CR,9.19,1987,CC_BY_4_0,704.0
Platyrrhinus helleri,686484840,NI,3.6,1998,CC_BY_4_0,1246.0
Platyrrhinus helleri,686490690,NI,1.0,2003,CC_BY_4_0,127.0
Platyrrhinus helleri,686485973,NI,11.29,1998,CC_BY_4_0,1458.5
Platyrrhinus helleri,686486449,MX,5.98,1971,CC_BY_4_0,492.0
Platyrrhinus helleri,686490689,NI,1.3,2003,CC_BY_4_0,169.0
Platyrrhinus helleri,1418241893,MX,90.0,1990,CC_BY_4_0,42.0
Platyrrhinus helleri,1418242856,MX,90.0,1987,CC_BY_4_0,1321.0
Platyrrhinus helleri,1418243250,MX,90.0,1994,CC_BY_4_0,335.5
Platyrrhinus helleri,1418249992,MX,100.0,1978,CC_BY_4_0,6.0
Platyrrhinus helleri,1418250575,MX,90.0,1995,CC_BY_4_0,75.0
Platyrrhinus lineatus,1987309991,PY,14490.0,1979,CC_BY_NC_4_0,137.5
Platyrrhinus lineatus,1320288941,BO,,1991,CC0_1_0,762.0
Platyrrhinus lineatus,5174684237,PY,2000.0,1996,CC_BY_NC_4_0,206.0
Platyrrhinus lineatus,3013405640,BR,,2011,CC_BY_4_0,525.5
Platyrrhinus lineatus,3013405706,BR,,1975,CC_BY_4_0,201.5
Platyrrhinus lineatus,3013405752,BR,,2011,CC_BY_4_0,634.5
Platyrrhinus lineatus,3013407095,BR,,1991,CC_BY_4_0,683.0
Platyrrhinus lineatus,3013407234,BR,,1981,CC_BY_4_0,616.5
Platyrrhinus lineatus,3013407287,BR,,1974,CC_BY_4_0,756.0
Platyrrhinus lineatus,1700657762,PY,,2008,CC0_1_0,195.5
Platyrrhinus lineatus,1821670592,BR,,2005,CC_BY_NC_4_0,105.5
Platyrrhinus lineatus,1821670593,BR,,2007,CC_BY_NC_4_0,263.5
Platyrrhinus lineatus,1821670704,BR,,2009,CC_BY_NC_4_0,237.0
Platyrrhinus lineatus,2521259970,BR,,2007,CC_BY_NC_4_0,121.0
Platyrrhinus lineatus,1805728001,BR,,1993,CC0_1_0,867.5
Platyrrhinus lineatus,665883796,BO,1.16,1973,CC0_1_0,140.0
Platyrrhinus lineatus,665864747,BO,1.15,1973,CC0_1_0,564.5
Platyrrhinus lineatus,3350811544,BR,,2011,CC_BY_4_0,316.0
Platyrrhinus lineatus,6191061332,BO,,1994,CC_BY_4_0,404.0
Platyrrhinus lineatus,3346837320,BR,,1998,CC_BY_4_0,681.0
Platyrrhinus lineatus,865749370,PY,10000.0,1989,CC_BY_4_0,140.0
Platyrrhinus lineatus,865749567,PY,1000.0,1985,CC_BY_4_0,214.5
Platyrrhinus lineatus,865749558,PY,10000.0,1985,CC_BY_4_0,110.5
Platyrrhinus lineatus,865749566,PY,10000.0,1985,CC_BY_4_0,144.0
Platyrrhinus lineatus,865749617,PY,1000.0,1979,CC_BY_4_0,213.0
Platyrrhinus lineatus,865749517,PY,10000.0,1987,CC_BY_4_0,114.5
Platyrrhinus lineatus,865749560,PY,1000.0,1985,CC_BY_4_0,133.0
Platyrrhinus lineatus,865749581,PY,1000.0,1983,CC_BY_4_0,209.0
Platyrrhinus lineatus,865749589,PY,1000.0,1985,CC_BY_4_0,134.5
Platyrrhinus lineatus,865749604,PY,1000.0,1979,CC_BY_4_0,215.0
Platyrrhinus lineatus,865749609,PY,10000.0,1979,CC_BY_4_0,272.0
Platyrrhinus lineatus,6120803158,BR,,2006,CC_BY_4_0,289.5
Platyrrhinus lineatus,5886777298,BR,,2006,CC_BY_NC_4_0,393.0
Platyrrhinus lineatus,5886777300,BR,,2006,CC_BY_NC_4_0,180.5
Platyrrhinus lineatus,5886789018,BR,,2009,CC_BY_NC_4_0,376.0
Platyrrhinus lineatus,5886789023,BR,,2004,CC_BY_NC_4_0,256.0
Platyrrhinus lineatus,5886789057,BR,,2006,CC_BY_NC_4_0,165.5
Platyrrhinus lineatus,202095404,PY,3036.0,1985,CC0_1_0,131.0
Platyrrhinus lineatus,202095395,BR,1500.0,1977,CC0_1_0,407.0
Platyrrhinus lineatus,4097141634,BR,,1992,CC_BY_NC_4_0,407.0
Platyrrhinus lineatus,4097141652,BR,,1990,CC_BY_NC_4_0,483.0
Platyrrhinus lineatus,4097141723,BR,,1989,CC_BY_NC_4_0,521.5
Platyrrhinus lineatus,1323973006,BR,,1998,CC_BY_4_0,201.0
Platyrrhinus lineatus,1323974040,BR,,2007,CC_BY_4_0,710.0
Platyrrhinus lineatus,1323974073,BR,,2007,CC_BY_4_0,584.0
Platyrrhinus lineatus,1323974233,BR,,2009,CC_BY_4_0,483.5
Platyrrhinus lineatus,1323974263,BR,,2009,CC_BY_4_0,147.5
Platyrrhinus lineatus,5099446915,BO,5566.0,1990,CC0_1_0,415.0
Platyrrhinus lineatus,5099441220,BO,3554.0,1988,CC0_1_0,398.5
Platyrrhinus lineatus,5099442321,BO,7551.0,1984,CC0_1_0,301.5
Platyrrhinus lineatus,5099444222,BO,3553.0,1988,CC0_1_0,370.0
Platyrrhinus lineatus,85187429,BO,,1983,CC_BY_NC_4_0,421.0
Platyrrhinus lineatus,85187476,BO,,1986,CC_BY_NC_4_0,233.0
Platyrrhinus lineatus,859516159,BO,,1990,CC0_1_0,338.5
Platyrrhinus lineatus,859379294,BO,,1983,CC0_1_0,347.5
Platyrrhinus lineatus,859453455,BO,,1984,CC0_1_0,199.0
Platyrrhinus lineatus,859506764,BO,,1991,CC0_1_0,305.0
Platyrrhinus lineatus,5147196776,PY,1282.0,1978,CC0_1_0,169.5
Platyrrhinus lineatus,5146974036,BR,,1993,CC0_1_0,760.0
Platyrrhinus lineatus,5147209046,BR,10004.0,1993,CC0_1_0,177.0
Platyrrhinus lineatus,1323926695,SR,,2009,CC_BY_4_0,270.0
Platyrrhinus lineatus,1211828718,BR,,1973,CC_BY_4_0,268.5
Platyrrhinus lineatus,1323926327,SR,,2009,CC_BY_4_0,281.5
Platyrrhinus lineatus,1211829602,BR,,1970,CC_BY_4_0,662.0
Promops centralis,1571716400,CO,2841.0,2002,CC_BY_4_0,466.5
Promops centralis,1571716418,CO,1943.0,2002,CC_BY_4_0,301.5
Promops centralis,2629090597,MX,90.0,1985,CC_BY_4_0,1325.0
Promops centralis,1609371575,CO,,2014,CC0_1_0,201.0
Promops centralis,3969332724,GF,,2019,CC_BY_4_0,282.5
Promops centralis,3349478783,GF,,2019,CC_BY_4_0,59.5
Promops centralis,3346894700,EC,,2006,CC_BY_4_0,238.5
Promops centralis,3346820610,EC,,1996,CC_BY_4_0,245.0
Promops centralis,865741601,PY,1000.0,1989,CC_BY_4_0,73.0
Promops centralis,865741623,PY,1000.0,1979,CC_BY_4_0,91.0
Promops centralis,865741594,PY,10000.0,1987,CC_BY_4_0,114.5
Promops centralis,6333561302,NI,,2015,CC_BY_NC_4_0,447.0
Promops centralis,202098798,MX,351.0,1979,CC0_1_0,0.0
Promops centralis,4169230916,MX,90.0,1983,CC_BY_4_0,86.5
Promops centralis,4169253977,MX,100.0,1980,CC_BY_4_0,7.0
Promops centralis,4169276245,MX,70.0,1990,CC_BY_4_0,12.5
Promops centralis,4169201089,MX,90.0,1984,CC_BY_4_0,1539.0
Promops centralis,3390875584,CO,,1971,CC_BY_NC_4_0,1041.0
Promops centralis,859453512,BO,,1984,CC0_1_0,199.0
Promops centralis,5147069345,PY,11512.0,1973,CC0_1_0,105.0
Promops centralis,5147312341,PY,17979.0,1973,CC0_1_0,74.5
Promops centralis,5147194345,PY,12012.0,1972,CC0_1_0,106.5
Promops centralis,5147315343,PY,10497.0,1973,CC0_1_0,61.0
Promops centralis,1418245000,MX,90.0,1997,CC_BY_4_0,729.0
Pteronotus davyi,1987351174,CR,10594.0,1977,CC_BY_NC_4_0,104.5
Pteronotus davyi,1835169562,TT,,2000,CC_BY_4_0,46.0
Pteronotus davyi,45891757,PE,,1981,CC0_1_0,349.5
Pteronotus davyi,4979157173,CO,,2001,CC_BY_NC_4_0,118.5
Pteronotus davyi,5203226413,DM,144.0,1991,CC0_1_0,369.5
Pteronotus davyi,1142104378,MQ,10000.0,1978,CC_BY_4_0,40.5
Pteronotus davyi,1142104455,NI,10000.0,1983,CC_BY_4_0,491.5
Pteronotus davyi,3356360639,PA,324483.0,1972,CC0_1_0,87.0
Pteronotus davyi,919444571,TT,3566.0,1977,CC0_1_0,372.0
Pteronotus davyi,1065360214,CR,3894.0,1971,CC0_1_0,86.0
Pteronotus davyi,1065403840,CR,5469.0,1971,CC0_1_0,8.0
Pteronotus davyi,675928367,TT,,1983,CC0_1_0,17.5
Pteronotus davyi,675882174,VE,,1979,CC0_1_0,81.0
Pteronotus davyi,1122705401,VE,,1987,CC_BY_NC_4_0,143.5
Pteronotus davyi,1837224719,CW,,2017,CC_BY_4_0,24.5
Pteronotus davyi,5147440478,DM,10818.0,1986,CC0_1_0,66.0
Pteronotus davyi,5147196890,TT,5154.0,1977,CC0_1_0,238.0
Pteronotus davyi,686469757,CR,4.85,1983,CC_BY_4_0,59.5
Pteronotus davyi,686485423,CR,0.5,2000,CC_BY_4_0,19.5
Pteronotus gymnonotus,5285019896,CR,,2015,CC0_1_0,16.5
Pteronotus gymnonotus,45891639,PE,,1972,CC0_1_0,833.5
Pteronotus gymnonotus,4979111293,CO,,2019,CC_BY_NC_4_0,388.0
Pteronotus gymnonotus,4979157168,CO,,2001,CC_BY_NC_4_0,118.5
Pteronotus gymnonotus,3346379008,GY,,2002,CC_BY_4_0,27.0
Pteronotus gymnonotus,3346385963,GY,,1997,CC_BY_4_0,94.0
Pteronotus gymnonotus,3349713054,GY,,1997,CC_BY_4_0,97.0
Pteronotus gymnonotus,3351288026,PA,,2012,CC_BY_4_0,114.0
Pteronotus gymnonotus,3346410236,SR,,2006,CC_BY_4_0,58.0
Pteronotus gymnonotus,3346831531,PA,,1995,CC_BY_4_0,813.5
Pteronotus gymnonotus,3346411159,SR,,2006,CC_BY_4_0,111.0
Pteronotus gymnonotus,3348840782,PA,,2012,CC_BY_4_0,80.0
Pteronotus gymnonotus,2266110114,CR,4.0,1974,CC0_1_0,23.5
Pteronotus gymnonotus,2266110187,CR,5.0,1974,CC0_1_0,132.0
Pteronotus gymnonotus,3356356873,BR,5500.0,1992,CC0_1_0,443.0
Pteronotus gymnonotus,859263507,GT,,2002,CC0_1_0,47.0
Pteronotus gymnonotus,5099692626,PA,100.0,2015,CC0_1_0,111.0
Pteronotus gymnonotus,5099709821,PA,10.0,2016,CC0_1_0,399.5
Pteronotus gymnonotus,5099433272,PE,5598.0,1982,CC0_1_0,837.0
Pteronotus gymnonotus,2630398894,MX,90.0,1991,CC_BY_4_0,120.5
Pteronotus gymnonotus,1065395458,CR,5469.0,1971,CC0_1_0,8.0
Pteronotus gymnonotus,675739757,PE,,1983,CC0_1_0,263.0
Pteronotus gymnonotus,675857725,NI,,1978,CC0_1_0,18.5
Pteronotus gymnonotus,1898050675,MX,,2010,CC_BY_4_0,267.0
Pteronotus gymnonotus,1211818936,CO,,1973,CC_BY_4_0,27.5
Pteronotus gymnonotus,1211810005,SR,,2002,CC_BY_4_0,445.0
Pteronotus gymnonotus,1211816171,VE,,1997,CC_BY_4_0,64.0
Pteronotus gymnonotus,1211811714,GY,,1970,CC_BY_4_0,74.5
Pteronotus gymnonotus,1211822324,GT,,1990,CC_BY_4_0,361.0
Pteronotus gymnonotus,686493700,CR,2.5,2007,CC_BY_4_0,64.5
Pteronotus gymnonotus,686462145,CR,10.59,1973,CC_BY_4_0,104.5
Rhogeessa io,1571716756,CO,544.0,2007,CC_BY_4_0,256.0
Rhogeessa io,1571717376,CO,505.0,2012,CC_BY_4_0,803.5
Rhogeessa io,1571717423,CO,2162.0,2013,CC_BY_4_0,304.0
Rhogeessa io,1571717627,CO,3771.0,2014,CC_BY_4_0,300.5
Rhogeessa io,1571717819,CO,501.0,2014,CC_BY_4_0,234.0
Rhogeessa io,5103754169,VE,,1997,CC_BY_NC_4_0,51.5
Rhogeessa io,1656007100,CO,210.0,2012,CC_BY_NC_4_0,0.0
Rhogeessa io,4857863840,CR,28950.0,1977,CC0_1_0,148.0
Rhogeessa io,4857945661,VE,41387.0,1978,CC0_1_0,67.0
Rhogeessa io,4857945662,VE,133595.0,1978,CC0_1_0,65.5
Rhogeessa io,4857956100,PA,5103.0,1983,CC0_1_0,1365.0
Rhogeessa io,4857969185,VE,48892.0,1976,CC0_1_0,61.0
Rhogeessa io,4857863837,CR,6542.0,1977,CC0_1_0,76.5
Rhogeessa io,4857898446,NI,3795.0,1972,CC0_1_0,163.0
Rhogeessa io,4857939764,CR,5386.0,1977,CC0_1_0,793.5
Rhogeessa io,4857959912,NI,2793.0,1971,CC0_1_0,12.5
Rhogeessa io,4858012479,NI,10902.0,1977,CC0_1_0,152.5
Rhogeessa io,2884006421,CO,,2000,CC_BY_NC_4_0,723.5
Rhogeessa io,1020746901,CO,4335.0,2008,CC_BY_NC_4_0,765.0
Rhogeessa io,1020747082,CO,600.0,2013,CC_BY_NC_4_0,727.5
Rhogeessa io,1020747092,CO,600.0,2010,CC_BY_NC_4_0,118.5
Rhogeessa io,3026678380,CO,,2019,CC_BY_NC_4_0,96.0
Rhogeessa io,1609371382,CO,200.0,2013,CC0_1_0,547.0
Rhogeessa io,4979138333,CO,,2015,CC_BY_NC_4_0,304.0
Rhogeessa io,4979152924,CO,,1979,CC_BY_NC_4_0,30.5
Rhogeessa io,4979160746,CO,,2004,CC_BY_NC_4_0,106.5
Rhogeessa io,1609371166,CO,,2003,CC_BY_NC_4_0,852.0
Rhogeessa io,3710474140,CO,,2020,CC_BY_NC_4_0,141.0
Rhogeessa io,1609371254,CO,,2004,CC_BY_NC_4_0,219.0
Rhogeessa io,3710473787,CO,,2019,CC_BY_NC_4_0,268.0
Rhogeessa io,2422214516,CO,,2010,CC_BY_NC_4_0,705.5
Rhogeessa io,5904951406,CO,,2025,CC_BY_NC_4_0,403.0
Rhogeessa io,3351291038,PA,,2013,CC_BY_4_0,27.0
Rhogeessa io,3351331207,PA,,2012,CC_BY_4_0,1103.5
Rhogeessa io,3346821676,GY,,2007,CC_BY_4_0,114.0
Rhogeessa io,3348733307,PA,,2012,CC_BY_4_0,34.0
Rhogeessa io,4026686817,CO,,2022,CC_BY_NC_4_0,73.5
Rhogeessa io,4026686775,CO,,2022,CC_BY_NC_4_0,88.5
Rhogeessa io,5099732720,PA,5.0,2023,CC0_1_0,63.5
Rhogeessa io,5099704174,PA,100.0,2014,CC0_1_0,339.0
Rhogeessa io,2650655684,CO,501.0,2009,CC_BY_NC_4_0,68.0
Rhogeessa io,2650655779,CO,501.0,2009,CC_BY_NC_4_0,85.0
Rhogeessa io,1211818087,CR,,1986,CC_BY_4_0,183.5
Rhogeessa io,1211792500,GY,,1972,CC_BY_4_0,119.0
Rhogeessa io,1211793949,GY,,1970,CC_BY_4_0,112.0
Rhogeessa io,1211801223,GY,,1973,CC_BY_4_0,106.0
Rhogeessa io,1211794682,GY,,1971,CC_BY_4_0,143.5
Rhogeessa io,1211794338,GY,,1974,CC_BY_4_0,132.0
Rhogeessa io,1211796377,GY,,1970,CC_BY_4_0,213.0
Rhynchonycteris naso,1571717016,CO,544.0,2007,CC_BY_4_0,293.0
Rhynchonycteris naso,1571717465,CO,505.0,2013,CC_BY_4_0,251.5
Rhynchonycteris naso,5103754199,VE,,1997,CC_BY_NC_4_0,87.0
Rhynchonycteris naso,1656007099,CO,2751.0,1982,CC_BY_NC_4_0,79.0
Rhynchonycteris naso,1656007112,CO,211.0,1998,CC_BY_NC_4_0,162.0
Rhynchonycteris naso,1656007116,CO,210.0,2012,CC_BY_NC_4_0,0.0
Rhynchonycteris naso,4857929455,NI,7931.0,1977,CC0_1_0,575.0
Rhynchonycteris naso,4857934616,GT,2000.0,1977,CC0_1_0,11.0
Rhynchonycteris naso,1835169538,TT,,2002,CC_BY_4_0,46.0
Rhynchonycteris naso,1318850715,BO,,1992,CC0_1_0,214.0
Rhynchonycteris naso,1320905263,BZ,,1995,CC0_1_0,99.0
Rhynchonycteris naso,1321938045,VE,,1984,CC0_1_0,140.0
Rhynchonycteris naso,1322357342,EC,,1979,CC0_1_0,139.5
Rhynchonycteris naso,1320739107,CR,,2002,CC0_1_0,17.0
Rhynchonycteris naso,2804493692,BZ,5000.0,1975,CC0_1_0,43.0
Rhynchonycteris naso,2804490467,BZ,1500.0,1975,CC0_1_0,125.0
Rhynchonycteris naso,5285019430,CR,,2016,CC0_1_0,16.5
Rhynchonycteris naso,2629086921,MX,90.0,1983,CC_BY_4_0,137.5
Rhynchonycteris naso,2629115607,MX,90.0,1983,CC_BY_4_0,2.5
Rhynchonycteris naso,3013405934,BR,,1977,CC_BY_4_0,818.5
Rhynchonycteris naso,3013405953,BR,,1977,CC_BY_4_0,174.5
Rhynchonycteris naso,3013406038,BR,,1976,CC_BY_4_0,207.0
Rhynchonycteris naso,3013406176,BR,,1977,CC_BY_4_0,34.0
Rhynchonycteris naso,3013406414,BR,,1976,CC_BY_4_0,35.0
Rhynchonycteris naso,2824258351,BR,,2014,CC_BY_NC_4_0,56.0
Rhynchonycteris naso,2824258484,BR,,2017,CC_BY_NC_4_0,17.0
Rhynchonycteris naso,1020747087,CO,160157.37,2013,CC_BY_NC_4_0,914.0
Rhynchonycteris naso,3026678385,CO,,2019,CC_BY_NC_4_0,96.0
Rhynchonycteris naso,45894882,PE,,1974,CC0_1_0,255.0
Rhynchonycteris naso,45894111,PE,,1971,CC0_1_0,777.0
Rhynchonycteris naso,45894154,CR,,1972,CC0_1_0,79.5
Rhynchonycteris naso,45894106,PE,,1971,CC0_1_0,160.0
Rhynchonycteris naso,45895934,PE,,1979,CC0_1_0,214.0
Rhynchonycteris naso,45895962,BO,,1981,CC0_1_0,133.0
Rhynchonycteris naso,45894097,PE,,1971,CC0_1_0,143.0
Rhynchonycteris naso,1609371507,CO,,2012,CC0_1_0,201.0
Rhynchonycteris naso,919144184,CO,1305.0,1985,CC0_1_0,96.0
Rhynchonycteris naso,1806450556,CO,3656.0,1988,CC_BY_NC_4_0,458.0
Rhynchonycteris naso,1806452940,CO,,1995,CC_BY_NC_4_0,159.0
Rhynchonycteris naso,4100391348,CO,,2021,CC_BY_NC_4_0,127.0
Rhynchonycteris naso,1314946811,CO,750.0,1984,CC_BY_NC_4_0,187.0
Rhynchonycteris naso,1314946812,CO,712.0,1979,CC_BY_NC_4_0,45.0
Rhynchonycteris naso,1806453934,CO,,1998,CC_BY_NC_4_0,96.0
Rhynchonycteris naso,3463354333,CO,,2021,CC_BY_NC_4_0,172.0
Rhynchonycteris naso,1314946820,CO,1526.0,1978,CC_BY_NC_4_0,6.0
Rhynchonycteris naso,1806450375,CO,1001.6,1990,CC_BY_NC_4_0,374.0
Rhynchonycteris naso,1806451735,CO,1440.6,1981,CC_BY_NC_4_0,71.5
Rhynchonycteris naso,1806452944,CO,511.6,1994,CC_BY_NC_4_0,473.0
Rhynchonycteris naso,4979139064,CO,,2016,CC_BY_NC_4_0,96.0
Rhynchonycteris naso,3008955349,CO,,2018,CC_BY_4_0,332.0
Rhynchonycteris naso,3008955503,CO,,2004,CC_BY_4_0,244.0
Rhynchonycteris naso,3008956234,CO,,2003,CC_BY_4_0,268.5
Rhynchonycteris naso,665727975,PE,,1980,CC0_1_0,104.0
Rhynchonycteris naso,665887924,PA,36.1,1985,CC0_1_0,431.5
Rhynchonycteris naso,665757278,BZ,7.31,1977,CC0_1_0,115.5
Rhynchonycteris naso,665732380,PE,63.23,1980,CC0_1_0,125.5
Rhynchonycteris naso,665740651,EC,,1983,CC0_1_0,231.0
Rhynchonycteris naso,3890565572,CO,,2016,CC_BY_NC_4_0,342.5
Rhynchonycteris naso,5904950563,CO,,2022,CC_BY_NC_4_0,212.5
Rhynchonycteris naso,2422214379,CO,,2011,CC_BY_NC_4_0,514.5
Rhynchonycteris naso,5904951216,CO,,2022,CC_BY_NC_4_0,336.0
Rhynchonycteris naso,2422213990,CO,,2010,CC_BY_NC_4_0,89.0
Rhynchonycteris naso,5904951361,CO,,2022,CC_BY_NC_4_0,79.0
Rhynchonycteris naso,5904951382,CO,,2025,CC_BY_NC_4_0,395.5
Rhynchonycteris naso,1894458321,MX,90.0,2004,CC_BY_4_0,54.5
Rhynchonycteris naso,3350037800,GY,,1997,CC_BY_4_0,97.0
Rhynchonycteris naso,3351339048,PA,,2012,CC_BY_4_0,44.0
Rhynchonycteris naso,3349950400,SR,,2005,CC_BY_4_0,216.0
Rhynchonycteris naso,3346837389,EC,,1996,CC_BY_4_0,265.0
Rhynchonycteris naso,3346823488,GY,,1999,CC_BY_4_0,103.0
Rhynchonycteris naso,3346368180,SR,,2006,CC_BY_4_0,58.0
Rhynchonycteris naso,3346827511,GY,,1996,CC_BY_4_0,239.0
Rhynchonycteris naso,3346414177,SR,,2006,CC_BY_4_0,83.0
Rhynchonycteris naso,3346872584,GY,,1996,CC_BY_4_0,251.0
Rhynchonycteris naso,3346827410,EC,,2006,CC_BY_4_0,246.5
Rhynchonycteris naso,3350006558,SR,,2005,CC_BY_4_0,189.5
Rhynchonycteris naso,3346819511,GY,,2001,CC_BY_4_0,21.5
Rhynchonycteris naso,3350100725,GY,,1997,CC_BY_4_0,84.0
Rhynchonycteris naso,3351437013,PA,,2012,CC_BY_4_0,34.0
Rhynchonycteris naso,3349726000,GY,,1997,CC_BY_4_0,80.5
Rhynchonycteris naso,3350140609,GY,,1996,CC_BY_4_0,250.0
Rhynchonycteris naso,3346874757,GY,,1997,CC_BY_4_0,517.0
Rhynchonycteris naso,865743724,BR,10000.0,1978,CC_BY_4_0,538.5
Rhynchonycteris naso,865743980,PE,1000.0,1980,CC_BY_4_0,104.5
Rhynchonycteris naso,865743981,PE,1000.0,1980,CC_BY_4_0,115.5
Rhynchonycteris naso,2266111628,BZ,1.0,1983,CC0_1_0,7.5
Rhynchonycteris naso,2629043410,CR,,1989,CC_BY_4_0,71.5
Rhynchonycteris naso,2629043763,BZ,,1977,CC_BY_4_0,64.5
Rhynchonycteris naso,2629043798,BZ,,1973,CC_BY_4_0,29.0
Rhynchonycteris naso,4174649346,CR,,1984,CC_BY_4_0,10.0
Rhynchonycteris naso,6120815081,BR,,1986,CC_BY_4_0,125.0
Rhynchonycteris naso,1893579245,MX,110.0,1994,CC_BY_4_0,9.0
Rhynchonycteris naso,5898728309,GT,,2006,CC_BY_NC_4_0,98.5
Rhynchonycteris naso,5898728809,GT,,2006,CC_BY_NC_4_0,117.5
Rhynchonycteris naso,4026686699,CO,,2022,CC_BY_NC_4_0,73.5
Rhynchonycteris naso,4026686042,CO,,2021,CC_BY_NC_4_0,143.0
Rhynchonycteris naso,4026689140,CO,,2021,CC_BY_NC_4_0,67.5
Rhynchonycteris naso,1676065367,CO,,2016,CC0_1_0,155.5
Rhynchonycteris naso,1676065471,CO,,2015,CC0_1_0,158.0
Rhynchonycteris naso,5886788312,BR,,2007,CC_BY_NC_4_0,17.0
Rhynchonycteris naso,919427213,EC,7959.0,1981,CC0_1_0,45.5
Rhynchonycteris naso,919447553,BZ,4204.0,1979,CC0_1_0,29.0
Rhynchonycteris naso,919450659,BZ,2203.0,1979,CC0_1_0,19.0
Rhynchonycteris naso,5099433439,HN,6572.0,1981,CC0_1_0,0.0
Rhynchonycteris naso,5099723694,PA,100.0,2023,CC0_1_0,156.5
Rhynchonycteris naso,5099420500,CR,4844.0,1976,CC0_1_0,632.5
Rhynchonycteris naso,5099685593,PA,100.0,2015,CC0_1_0,111.0
Rhynchonycteris naso,5099612195,BO,,1994,CC0_1_0,355.5
Rhynchonycteris naso,5099418148,CR,4854.0,1974,CC0_1_0,50.0
Rhynchonycteris naso,2630327567,MX,110.0,1970,CC_BY_4_0,464.0
Rhynchonycteris naso,2630340958,MX,90.0,1991,CC_BY_4_0,120.5
Rhynchonycteris naso,2630344888,MX,110.0,1991,CC_BY_4_0,259.0
Rhynchonycteris naso,2630401071,MX,90.0,1980,CC_BY_4_0,28.0
Rhynchonycteris naso,2630374557,MX,110.0,1970,CC_BY_4_0,464.0
Rhynchonycteris naso,1065354815,BR,5284.0,1971,CC0_1_0,7.0
Rhynchonycteris naso,1065423558,CR,5469.0,1971,CC0_1_0,8.0
Rhynchonycteris naso,675907313,HN,,1983,CC0_1_0,337.0
Rhynchonycteris naso,1894600425,MX,100.0,1971,CC_BY_4_0,419.5
Rhynchonycteris naso,675835586,VE,,1973,CC0_1_0,47.0
Rhynchonycteris naso,476812140,NI,297465.0,1996,CC_BY_NC_4_0,119.5
Rhynchonycteris naso,4169277099,MX,80.0,1982,CC_BY_4_0,33.0
Rhynchonycteris naso,4169273373,MX,90.0,1987,CC_BY_4_0,146.5
Rhynchonycteris naso,4169214780,MX,600.0,1986,CC_BY_4_0,713.0
Rhynchonycteris naso,1661822478,CO,,2016,CC_BY_NC_4_0,257.5
Rhynchonycteris naso,1898048928,MX,,2003,CC_BY_4_0,0.0
Rhynchonycteris naso,1898048881,MX,,2009,CC_BY_4_0,66.5
Rhynchonycteris naso,1898048922,MX,,2000,CC_BY_4_0,24.5
Rhynchonycteris naso,2985623541,CO,,2014,CC_BY_NC_4_0,147.5
Rhynchonycteris naso,2985623691,CO,,2015,CC_BY_NC_4_0,272.0
Rhynchonycteris naso,5147204027,BR,4396.0,1993,CC0_1_0,47.0
Rhynchonycteris naso,1211792531,GY,,1972,CC_BY_4_0,119.0
Rhynchonycteris naso,1211800936,GY,,1971,CC_BY_4_0,166.5
Rhynchonycteris naso,1211804434,GY,,1990,CC_BY_4_0,82.0
Rhynchonycteris naso,5209154478,BZ,,2010,CC_BY_4_0,25.0
Rhynchonycteris naso,1323929765,GY,,2014,CC_BY_4_0,90.0
Rhynchonycteris naso,1323928518,PE,,2012,CC_BY_4_0,122.0
Rhynchonycteris naso,1211802568,GY,,1990,CC_BY_4_0,126.5
Rhynchonycteris naso,1211808393,GY,,1990,CC_BY_4_0,87.0
Rhynchonycteris naso,1211828630,BR,,1970,CC_BY_4_0,268.5
Rhynchonycteris naso,1211794470,GY,,1972,CC_BY_4_0,132.0
Rhynchonycteris naso,1211811968,GY,,1972,CC_BY_4_0,54.0
Rhynchonycteris naso,1211812468,GY,,1970,CC_BY_4_0,18.0
Rhynchonycteris naso,1211813556,VE,,1997,CC_BY_4_0,51.5
Rhynchonycteris naso,1323930233,SR,,2011,CC_BY_4_0,69.0
Rhynchonycteris naso,1211793959,GY,,1970,CC_BY_4_0,112.0
Rhynchonycteris naso,1211795735,GY,,1970,CC_BY_4_0,113.0
Rhynchonycteris naso,1211796391,GY,,1970,CC_BY_4_0,213.0
Rhynchonycteris naso,1211797246,GY,,1974,CC_BY_4_0,193.5
Rhynchonycteris naso,1211801188,GY,,1973,CC_BY_4_0,106.0
Rhynchonycteris naso,1211805173,GY,,1990,CC_BY_4_0,77.0
Rhynchonycteris naso,1211815030,GY,,1972,CC_BY_4_0,2.5
Rhynchonycteris naso,1323926214,GY,,2008,CC_BY_4_0,88.5
Rhynchonycteris naso,5147425866,PE,429.0,1979,CC0_1_0,185.0
Rhynchonycteris naso,5147423746,GT,2000.0,1978,CC0_1_0,205.0
Rhynchonycteris naso,5147088573,VE,11096.0,1984,CC0_1_0,317.5
Rhynchonycteris naso,1211810922,GY,,1992,CC_BY_4_0,3.0
Rhynchonycteris naso,1211816282,GY,,1991,CC_BY_4_0,17.0
Rhynchonycteris naso,686469826,CR,2.5,1987,CC_BY_4_0,99.5
Rhynchonycteris naso,686482001,GY,5.0,1997,CC_BY_4_0,81.0
Rhynchonycteris naso,686482004,GY,5.0,1997,CC_BY_4_0,94.0
Rhynchonycteris naso,686485974,CR,5.14,1988,CC_BY_4_0,46.0
Rhynchonycteris naso,686490598,NI,1.0,2003,CC_BY_4_0,175.5
Rhynchonycteris naso,686462241,PA,3.59,1972,CC_BY_4_0,151.0
Rhynchonycteris naso,686462247,CR,2.84,1973,CC_BY_4_0,43.0
Rhynchonycteris naso,686467326,PE,5.15,1980,CC_BY_4_0,94.5
Rhynchonycteris naso,1418246692,MX,100.0,1986,CC_BY_4_0,182.0
Rhynchonycteris naso,1418241866,MX,90.0,1990,CC_BY_4_0,42.0
Saccopteryx bilineata,1571716250,CO,544.0,2003,CC_BY_4_0,422.0
Saccopteryx bilineata,1571716527,CO,544.0,2004,CC_BY_4_0,466.5
Saccopteryx bilineata,1571716692,CO,544.0,2005,CC_BY_4_0,326.0
Saccopteryx bilineata,1571716908,CO,544.0,2007,CC_BY_4_0,633.5
Saccopteryx bilineata,1571717168,CO,17687.0,2010,CC_BY_4_0,109.0
Saccopteryx bilineata,1571717814,CO,3771.0,2014,CC_BY_4_0,300.5
Saccopteryx bilineata,1571717835,CO,505.0,2014,CC_BY_4_0,242.5
Saccopteryx bilineata,4022906369,EC,,2022,CC_BY_NC_4_0,320.5
Saccopteryx bilineata,1987345426,PE,5583.0,1984,CC_BY_NC_4_0,711.5
Saccopteryx bilineata,2863950581,GT,5195.0,2001,CC_BY_NC_4_0,0.0
Saccopteryx bilineata,2863950582,GT,1204.0,2000,CC_BY_NC_4_0,11.0
Saccopteryx bilineata,1656007107,CO,211.0,2006,CC_BY_NC_4_0,294.5
Saccopteryx bilineata,1656007110,CO,1367.0,2007,CC_BY_NC_4_0,137.5
Saccopteryx bilineata,1656007118,CO,210.0,2012,CC_BY_NC_4_0,0.0
Saccopteryx bilineata,1656007220,CO,2140.0,1993,CC_BY_NC_4_0,20.0
Saccopteryx bilineata,1656007221,CO,749.0,1992,CC_BY_NC_4_0,35.5
Saccopteryx bilineata,1893349492,MX,100.0,1978,CC_BY_4_0,184.0
Saccopteryx bilineata,4857900424,HN,5602.0,1972,CC0_1_0,49.0
Saccopteryx bilineata,4857993279,TT,816.0,1974,CC0_1_0,27.5
Saccopteryx bilineata,4857993737,TT,1316.0,1974,CC0_1_0,251.5
Saccopteryx bilineata,1318520939,VE,,1984,CC0_1_0,140.0
Saccopteryx bilineata,1322527367,EC,,1990,CC0_1_0,258.0
Saccopteryx bilineata,1318951899,GY,,1999,CC0_1_0,18.5
Saccopteryx bilineata,1322731440,PE,,1992,CC0_1_0,236.5
Saccopteryx bilineata,1317448802,GT,,1972,CC0_1_0,7.5
Saccopteryx bilineata,1317920510,GY,,1993,CC0_1_0,7.0
Saccopteryx bilineata,1320592587,BO,,1992,CC0_1_0,156.0
Saccopteryx bilineata,2804486346,EC,500.0,2006,CC0_1_0,235.5
Saccopteryx bilineata,2629113324,MX,70.0,1989,CC_BY_4_0,2.0
Saccopteryx bilineata,2629113559,MX,,1970,CC_BY_4_0,724.0
Saccopteryx bilineata,2629079634,MX,90.0,1995,CC_BY_4_0,42.0
Saccopteryx bilineata,2629101544,MX,90.0,1994,CC_BY_4_0,6.5
Saccopteryx bilineata,2629090285,MX,,2009,CC_BY_4_0,13.0
Saccopteryx bilineata,2629092449,MX,100.0,2004,CC_BY_4_0,9.0
Saccopteryx bilineata,1638731706,CO,,2015,CC_BY_NC_4_0,456.0
Saccopteryx bilineata,3013406556,BR,,1978,CC_BY_4_0,34.0
Saccopteryx bilineata,3013406560,BR,,1978,CC_BY_4_0,309.5
Saccopteryx bilineata,3013407515,BR,,1975,CC_BY_4_0,101.0
Saccopteryx bilineata,2824258510,BR,,2016,CC_BY_NC_4_0,60.5
Saccopteryx bilineata,4168734384,MX,80.0,2009,CC_BY_4_0,4.0
Saccopteryx bilineata,4168734312,MX,70.0,2010,CC_BY_4_0,0.0
Saccopteryx bilineata,1020747069,CO,600.0,2013,CC_BY_NC_4_0,238.0
Saccopteryx bilineata,3026678350,CO,,2019,CC_BY_NC_4_0,96.0
Saccopteryx bilineata,45894095,PE,,1971,CC0_1_0,281.5
Saccopteryx bilineata,45895777,PE,,1974,CC0_1_0,415.0
Saccopteryx bilineata,45896199,CR,,1987,CC0_1_0,9.5
Saccopteryx bilineata,3068260153,CO,,2010,CC0_1_0,87.0
Saccopteryx bilineata,5061132362,CO,,2016,CC0_1_0,302.0
Saccopteryx bilineata,3901044591,MX,,2012,CC_BY_4_0,163.0
Saccopteryx bilineata,1893477729,MX,136.02,1970,CC_BY_4_0,21.0
Saccopteryx bilineata,1893477678,MX,2578.0,1977,CC_BY_4_0,386.0
Saccopteryx bilineata,1314946099,CO,2195.0,1979,CC_BY_NC_4_0,31.5
Saccopteryx bilineata,1314946113,CO,1526.0,1978,CC_BY_NC_4_0,6.0
Saccopteryx bilineata,1314946070,CO,750.0,1984,CC_BY_NC_4_0,187.0
Saccopteryx bilineata,1806450547,CO,3656.0,1988,CC_BY_NC_4_0,458.0
Saccopteryx bilineata,1806452666,CO,18682.0,1993,CC_BY_NC_4_0,755.5
Saccopteryx bilineata,1314946102,CO,1422.0,1971,CC_BY_NC_4_0,24.5
Saccopteryx bilineata,1806449386,CO,7865.6,1988,CC_BY_NC_4_0,484.5
Saccopteryx bilineata,1806452949,CO,1440.6,1995,CC_BY_NC_4_0,71.5
Saccopteryx bilineata,3463354319,CO,,2021,CC_BY_NC_4_0,182.0
Saccopteryx bilineata,4979133106,CO,,2015,CC_BY_NC_4_0,349.0
Saccopteryx bilineata,4979160628,CO,,2003,CC_BY_NC_4_0,14.0
Saccopteryx bilineata,2365853605,BR,,2015,CC_BY_NC_4_0,15.5
Saccopteryx bilineata,665885081,BZ,1.87,1979,CC0_1_0,0.0
Saccopteryx bilineata,665903078,CR,5.35,1974,CC0_1_0,5.0
Saccopteryx bilineata,665887925,PA,36.1,1985,CC0_1_0,431.5
Saccopteryx bilineata,665729791,CR,4.49,1989,CC0_1_0,6.5
Saccopteryx bilineata,665896433,BR,,1976,CC0_1_0,20.0
Saccopteryx bilineata,665822556,BZ,0.92,1975,CC0_1_0,30.0
Saccopteryx bilineata,665903235,EC,,1983,CC0_1_0,226.0
Saccopteryx bilineata,665822551,BZ,0.92,1976,CC0_1_0,60.0
Saccopteryx bilineata,665721606,EC,,1983,CC0_1_0,285.5
Saccopteryx bilineata,665862101,EC,7.06,1983,CC0_1_0,328.0
Saccopteryx bilineata,665748036,BZ,1.32,1977,CC0_1_0,11.5
Saccopteryx bilineata,665748866,PE,,1971,CC0_1_0,149.0
Saccopteryx bilineata,665888039,CO,,1971,CC0_1_0,552.0
Saccopteryx bilineata,665890656,BZ,1.42,1977,CC0_1_0,22.0
Saccopteryx bilineata,665721987,BZ,2.35,1973,CC0_1_0,51.0
Saccopteryx bilineata,665914116,PE,,2001,CC0_1_0,472.5
Saccopteryx bilineata,3890565668,CO,,2016,CC_BY_NC_4_0,382.5
Saccopteryx bilineata,2422214578,CO,,2010,CC_BY_NC_4_0,89.0
Saccopteryx bilineata,1609371102,CO,,2003,CC_BY_NC_4_0,852.0
Saccopteryx bilineata,3710473347,CO,,2021,CC_BY_NC_4_0,66.0
Saccopteryx bilineata,3710474638,CO,,2018,CC_BY_NC_4_0,115.5
Saccopteryx bilineata,5904950336,CO,,2023,CC_BY_NC_4_0,407.5
Saccopteryx bilineata,3710474102,CO,,2019,CC_BY_NC_4_0,208.5
Saccopteryx bilineata,3710474920,CO,,2018,CC_BY_NC_4_0,113.0
Saccopteryx bilineata,3348819839,PA,,2013,CC_BY_4_0,34.5
Saccopteryx bilineata,3350060364,GY,,1995,CC_BY_4_0,88.0
Saccopteryx bilineata,3349680351,SR,,2006,CC_BY_4_0,109.0
Saccopteryx bilineata,3987087070,SV,,1993,CC_BY_4_0,240.5
Saccopteryx bilineata,3346808187,GY,,1997,CC_BY_4_0,81.0
Saccopteryx bilineata,3346820411,GY,,1997,CC_BY_4_0,303.5
Saccopteryx bilineata,3351341997,PA,,2012,CC_BY_4_0,27.0
Saccopteryx bilineata,3350001683,GY,,1996,CC_BY_4_0,250.0
Saccopteryx bilineata,3346370144,SR,,2006,CC_BY_4_0,58.0
Saccopteryx bilineata,3350006754,GY,,1997,CC_BY_4_0,94.0
Saccopteryx bilineata,3346699963,MX,,2008,CC_BY_4_0,266.5
Saccopteryx bilineata,3346365251,SR,,2006,CC_BY_4_0,296.5
Saccopteryx bilineata,3346874811,GY,,1994,CC_BY_4_0,144.0
Saccopteryx bilineata,3350077775,GY,,2002,CC_BY_4_0,27.0
Saccopteryx bilineata,3350006696,GY,,2007,CC_BY_4_0,141.0
Saccopteryx bilineata,3346803224,EC,,1995,CC_BY_4_0,265.0
Saccopteryx bilineata,3346890322,GY,,2000,CC_BY_4_0,21.5
Saccopteryx bilineata,3349774346,SR,,2006,CC_BY_4_0,111.0
Saccopteryx bilineata,3349682412,SR,,2006,CC_BY_4_0,83.0
Saccopteryx bilineata,583491989,MX,24072.0,1970,CC0_1_0,56.0
Saccopteryx bilineata,865744702,PE,1000.0,1980,CC_BY_4_0,104.5
Saccopteryx bilineata,865744697,BZ,10000.0,1997,CC_BY_4_0,17.0
Saccopteryx bilineata,2266111953,BZ,1.0,1983,CC0_1_0,6.0
Saccopteryx bilineata,6120824509,BR,,1986,CC_BY_4_0,125.0
Saccopteryx bilineata,1418522616,MX,,1989,CC_BY_4_0,43.5
Saccopteryx bilineata,1418522081,MX,,1988,CC_BY_4_0,483.0
Saccopteryx bilineata,1418529683,MX,,1990,CC_BY_4_0,299.0
Saccopteryx bilineata,1893575972,MX,90.0,1996,CC_BY_4_0,580.0
Saccopteryx bilineata,4026658766,CO,,2017,CC_BY_NC_4_0,77.0
Saccopteryx bilineata,4026684170,CO,,2015,CC_BY_NC_4_0,342.0
Saccopteryx bilineata,4026689123,CO,,2021,CC_BY_NC_4_0,61.0
Saccopteryx bilineata,4026684670,CO,,2015,CC_BY_NC_4_0,191.5
Saccopteryx bilineata,5886784898,BR,,2011,CC_BY_NC_4_0,97.0
Saccopteryx bilineata,859262849,GT,,1995,CC0_1_0,167.0
Saccopteryx bilineata,859262916,GT,,1979,CC0_1_0,2.0
Saccopteryx bilineata,3306340866,MX,,1999,CC_BY_4_0,6.0
Saccopteryx bilineata,919421074,BZ,4204.0,1979,CC0_1_0,29.0
Saccopteryx bilineata,919436260,EC,6357.0,1981,CC0_1_0,0.0
Saccopteryx bilineata,919421941,PA,6100.0,1973,CC0_1_0,90.0
Saccopteryx bilineata,202099510,MX,501.0,1973,CC0_1_0,516.0
Saccopteryx bilineata,5099537817,CR,100.0,2005,CC0_1_0,283.5
Saccopteryx bilineata,5099423906,MX,20388.0,1978,CC0_1_0,18.0
Saccopteryx bilineata,5099704181,PA,100.0,2014,CC0_1_0,13.0
Saccopteryx bilineata,5099693608,PA,1119.0,2015,CC0_1_0,47.0
Saccopteryx bilineata,5099719142,EC,,2017,CC0_1_0,21.0
Saccopteryx bilineata,5099727103,EC,,2017,CC0_1_0,109.0
Saccopteryx bilineata,5099720697,PA,5.0,2023,CC0_1_0,121.5
Saccopteryx bilineata,5099707845,PA,10.0,2016,CC0_1_0,399.5
Saccopteryx bilineata,5099439132,CO,3091.0,1983,CC0_1_0,16.5
Saccopteryx bilineata,5099410191,PA,6599.0,1974,CC0_1_0,103.0
Saccopteryx bilineata,5099440676,BO,3585.0,1986,CC0_1_0,200.5
Saccopteryx bilineata,5099591838,BO,1000.0,1986,CC0_1_0,196.0
Saccopteryx bilineata,2630324376,MX,80.0,1981,CC_BY_4_0,37.5
Saccopteryx bilineata,2630321581,MX,100.0,1977,CC_BY_4_0,47.5
Saccopteryx bilineata,2630374551,MX,100.0,1977,CC_BY_4_0,36.5
Saccopteryx bilineata,2630396830,MX,90.0,1991,CC_BY_4_0,178.0
Saccopteryx bilineata,2630319548,MX,100.0,1977,CC_BY_4_0,82.0
Saccopteryx bilineata,2630371376,MX,80.0,1981,CC_BY_4_0,135.0
Saccopteryx bilineata,1852481107,MX,9749.0,1971,CC0_1_0,233.0
Saccopteryx bilineata,3962334427,EC,,2021,CC_BY_NC_4_0,256.5
Saccopteryx bilineata,3341471431,MX,4548.0,1985,CC0_1_0,513.5
Saccopteryx bilineata,1065396164,MX,606.0,1970,CC0_1_0,576.5
Saccopteryx bilineata,1894593932,MX,90.0,1983,CC_BY_4_0,120.5
Saccopteryx bilineata,1894594111,MX,90.0,1992,CC_BY_4_0,460.0
Saccopteryx bilineata,1894594010,MX,80.0,1981,CC_BY_4_0,45.0
Saccopteryx bilineata,675848742,MX,,1978,CC0_1_0,9.0
Saccopteryx bilineata,675907321,HN,,1983,CC0_1_0,961.5
Saccopteryx bilineata,675928358,TT,,1983,CC0_1_0,20.5
Saccopteryx bilineata,675858307,CO,,1973,CC0_1_0,37.0
Saccopteryx bilineata,675909091,HN,,1983,CC0_1_0,0.0
Saccopteryx bilineata,675932108,MX,,1979,CC0_1_0,0.0
Saccopteryx bilineata,675834723,VE,,1973,CC0_1_0,47.0
Saccopteryx bilineata,675879167,MX,,1976,CC0_1_0,0.0
Saccopteryx bilineata,1122701956,CR,,1984,CC_BY_NC_4_0,87.0
Saccopteryx bilineata,1122695132,PA,,1973,CC_BY_NC_4_0,0.0
Saccopteryx bilineata,1122694669,VE,,1974,CC_BY_NC_4_0,279.0
Saccopteryx bilineata,1122694700,VE,,1974,CC_BY_NC_4_0,131.0
Saccopteryx bilineata,1122694746,VE,,1974,CC_BY_NC_4_0,121.0
Saccopteryx bilineata,476874036,MX,,1978,CC_BY_NC_4_0,7.5
Saccopteryx bilineata,4168937551,MX,100.0,1979,CC_BY_4_0,16.0
Saccopteryx bilineata,4169162662,MX,100.0,1978,CC_BY_4_0,72.0
Saccopteryx bilineata,4169256716,MX,100.0,1971,CC_BY_4_0,39.5
Saccopteryx bilineata,4169229394,MX,90.0,2012,CC_BY_4_0,33.5
Saccopteryx bilineata,4169181175,MX,156.02,1989,CC_BY_4_0,3.0
Saccopteryx bilineata,4169268517,MX,90.0,1999,CC_BY_4_0,390.0
Saccopteryx bilineata,4169176385,MX,90.0,2000,CC_BY_4_0,0.0
Saccopteryx bilineata,4169247622,MX,100.0,1983,CC_BY_4_0,129.5
Saccopteryx bilineata,4169273258,MX,80.0,1985,CC_BY_4_0,82.0
Saccopteryx bilineata,4169284260,MX,100.0,1976,CC_BY_4_0,4.0
Saccopteryx bilineata,4169184693,MX,90.0,1976,CC_BY_4_0,306.5
Saccopteryx bilineata,4169212782,MX,90.0,1978,CC_BY_4_0,86.5
Saccopteryx bilineata,1661822340,CO,,2015,CC_BY_NC_4_0,42.0
Saccopteryx bilineata,1661822466,CO,,2016,CC_BY_NC_4_0,257.5
Saccopteryx bilineata,2650655378,CO,1130.0,2004,CC_BY_NC_4_0,505.5
Saccopteryx bilineata,2650655945,CO,458.0,1998,CC_BY_NC_4_0,14.5
Saccopteryx bilineata,1898052036,MX,,2013,CC_BY_4_0,485.0
Saccopteryx bilineata,1898052070,MX,,2007,CC_BY_4_0,13.0
Saccopteryx bilineata,1898052076,MX,,2000,CC_BY_4_0,47.0
Saccopteryx bilineata,1898052030,MX,80.0,1992,CC_BY_4_0,10.0
Saccopteryx bilineata,1898052046,MX,,2005,CC_BY_4_0,215.0
Saccopteryx bilineata,1898052065,MX,,2010,CC_BY_4_0,19.0
Saccopteryx bilineata,1898052081,MX,,2000,CC_BY_4_0,23.0
Saccopteryx bilineata,1898052054,MX,,1999,CC_BY_4_0,254.0
Saccopteryx bilineata,1898052078,MX,,2007,CC_BY_4_0,186.5
Saccopteryx bilineata,1898052088,MX,,2010,CC_BY_4_0,15.0
Saccopteryx bilineata,1898052021,MX,,2009,CC_BY_4_0,119.0
Saccopteryx bilineata,1898052050,MX,,2008,CC_BY_4_0,76.0
Saccopteryx bilineata,1898052072,MX,90.0,1992,CC_BY_4_0,16.0
Saccopteryx bilineata,1898052085,MX,,1999,CC_BY_4_0,72.5
Saccopteryx bilineata,859471112,BO,,1993,CC0_1_0,455.5
Saccopteryx bilineata,859411403,BO,,1986,CC0_1_0,160.5
Saccopteryx bilineata,859491201,BO,,1983,CC0_1_0,174.5
Saccopteryx bilineata,1894144829,MX,90.0,1978,CC_BY_4_0,55.0
Saccopteryx bilineata,5147183211,GT,1150.0,1972,CC0_1_0,256.5
Saccopteryx bilineata,5147457651,GT,,2009,CC0_1_0,355.0
Saccopteryx bilineata,1211803625,GF,,1976,CC_BY_4_0,249.0
Saccopteryx bilineata,1211812388,GY,,1975,CC_BY_4_0,24.5
Saccopteryx bilineata,1211827623,MX,,1989,CC_BY_4_0,0.0
Saccopteryx bilineata,1211794721,GY,,1971,CC_BY_4_0,143.5
Saccopteryx bilineata,1211802598,GY,,1990,CC_BY_4_0,126.5
Saccopteryx bilineata,1323926707,SR,,2009,CC_BY_4_0,289.0
Saccopteryx bilineata,1837224813,SR,,2017,CC_BY_4_0,61.0
Saccopteryx bilineata,1211811199,GY,,1992,CC_BY_4_0,22.0
Saccopteryx bilineata,1211816108,VE,,1997,CC_BY_4_0,64.0
Saccopteryx bilineata,1211827147,MX,,1989,CC_BY_4_0,12.0
Saccopteryx bilineata,1323930375,BZ,,2010,CC_BY_4_0,70.0
Saccopteryx bilineata,1323933002,GY,,1994,CC_BY_4_0,79.5
Saccopteryx bilineata,1211796445,GY,,1970,CC_BY_4_0,213.0
Saccopteryx bilineata,1323929511,GY,,2013,CC_BY_4_0,144.0
Saccopteryx bilineata,1323929755,GY,,2012,CC_BY_4_0,89.0
Saccopteryx bilineata,1323930313,SR,,2011,CC_BY_4_0,79.0
Saccopteryx bilineata,1837224746,SR,,2017,CC_BY_4_0,61.5
Saccopteryx bilineata,1211785927,EC,,1996,CC_BY_4_0,249.0
Saccopteryx bilineata,1211797244,GY,,1974,CC_BY_4_0,193.5
Saccopteryx bilineata,1211812478,GY,,1973,CC_BY_4_0,30.0
Saccopteryx bilineata,1211818140,CR,,1986,CC_BY_4_0,183.5
Saccopteryx bilineata,1323925519,SR,,2009,CC_BY_4_0,240.0
Saccopteryx bilineata,1323926317,GY,,2008,CC_BY_4_0,88.5
Saccopteryx bilineata,1211793919,GY,,1970,CC_BY_4_0,112.0
Saccopteryx bilineata,1211801174,GY,,1973,CC_BY_4_0,106.0
Saccopteryx bilineata,1211804417,GY,,1990,CC_BY_4_0,82.0
Saccopteryx bilineata,1211810296,SR,,2002,CC_BY_4_0,399.5
Saccopteryx bilineata,1211811733,GY,,1970,CC_BY_4_0,74.5
Saccopteryx bilineata,1211812434,GY,,1973,CC_BY_4_0,84.5
Saccopteryx bilineata,1211813022,GY,,1973,CC_BY_4_0,28.0
Saccopteryx bilineata,1323928690,PE,,2012,CC_BY_4_0,122.0
Saccopteryx bilineata,1837224096,PE,,2014,CC_BY_4_0,235.0
Saccopteryx bilineata,5147325540,CR,3043.0,1983,CC0_1_0,109.0
Saccopteryx bilineata,1211803788,GY,,1970,CC_BY_4_0,111.0
Saccopteryx bilineata,1211813397,GY,,1973,CC_BY_4_0,28.5
Saccopteryx bilineata,5209154346,BZ,,2010,CC_BY_4_0,25.0
Saccopteryx bilineata,686462638,GF,1.5,1977,CC_BY_4_0,233.0
Saccopteryx bilineata,686462259,CR,4.85,1973,CC_BY_4_0,59.5
Saccopteryx bilineata,686485097,PE,2.5,1993,CC_BY_4_0,115.0
Saccopteryx bilineata,686471250,PE,15.37,1989,CC_BY_4_0,186.5
Saccopteryx bilineata,686482008,GY,5.0,1997,CC_BY_4_0,58.5
Saccopteryx bilineata,686485655,CR,9.19,1987,CC_BY_4_0,704.0
Saccopteryx bilineata,1418247855,MX,100.0,2003,CC_BY_4_0,303.0
Saccopteryx bilineata,1418250005,MX,100.0,1978,CC_BY_4_0,6.0
Saccopteryx bilineata,1418247823,MX,100.0,1980,CC_BY_4_0,793.5
Saccopteryx bilineata,1418245261,MX,110.0,1994,CC_BY_4_0,0.0
Saccopteryx bilineata,1418245709,MX,90.0,1990,CC_BY_4_0,206.0
Saccopteryx bilineata,1418246500,MX,90.0,1995,CC_BY_4_0,75.0
Saccopteryx bilineata,4169246234,MX,,2017,CC_BY_4_0,222.5
Sturnira erythromos,1571716191,CO,544.0,2003,CC_BY_4_0,2292.0
Sturnira erythromos,1571716263,CO,5353.0,2003,CC_BY_4_0,2370.0
Sturnira erythromos,1571716305,CO,544.0,2003,CC_BY_4_0,2883.0
Sturnira erythromos,1571716333,CO,3115.0,2002,CC_BY_4_0,1737.5
Sturnira erythromos,1571716952,CO,6110.0,2007,CC_BY_4_0,2844.0
Sturnira erythromos,1571717887,CO,505.0,2015,CC_BY_4_0,2242.5
Sturnira erythromos,4022906657,EC,,2020,CC_BY_NC_4_0,2234.0
Sturnira erythromos,4022906721,EC,,2019,CC_BY_NC_4_0,2430.0
Sturnira erythromos,4022906753,EC,,2020,CC_BY_NC_4_0,1731.0
Sturnira erythromos,5082839514,EC,,2024,CC_BY_NC_4_0,1799.5
Sturnira erythromos,5082839660,EC,,2023,CC_BY_NC_4_0,1988.5
Sturnira erythromos,1987321752,BO,12053.0,1980,CC_BY_NC_4_0,1842.5
Sturnira erythromos,5103754114,EC,,2016,CC_BY_NC_4_0,3284.5
Sturnira erythromos,5103754820,EC,,2007,CC_BY_NC_4_0,2400.5
Sturnira erythromos,5103754152,EC,,2005,CC_BY_NC_4_0,1871.5
Sturnira erythromos,1318811348,PE,,1997,CC0_1_0,3428.0
Sturnira erythromos,1319367629,PE,,1997,CC0_1_0,2026.5
Sturnira erythromos,1020746912,CO,9465.63,2009,CC_BY_NC_4_0,2350.0
Sturnira erythromos,1020747004,CO,600.0,2012,CC_BY_NC_4_0,1645.5
Sturnira erythromos,45906435,PE,,1972,CC0_1_0,2074.0
Sturnira erythromos,45908343,PE,,1973,CC0_1_0,2204.0
Sturnira erythromos,45908595,PE,,1983,CC0_1_0,3076.5
Sturnira erythromos,45906369,PE,,1970,CC0_1_0,3312.0
Sturnira erythromos,45906367,PE,,1970,CC0_1_0,1109.0
Sturnira erythromos,45906688,PE,,1978,CC0_1_0,3043.0
Sturnira erythromos,45908373,PE,,1975,CC0_1_0,2299.0
Sturnira erythromos,45908377,PE,,1975,CC0_1_0,1188.0
Sturnira erythromos,45908534,PE,,1980,CC0_1_0,3283.5
Sturnira erythromos,45908555,PE,,1981,CC0_1_0,3290.0
Sturnira erythromos,45906522,PE,,1974,CC0_1_0,2206.5
Sturnira erythromos,45906534,PE,,1974,CC0_1_0,2829.0
Sturnira erythromos,45906577,PE,,1974,CC0_1_0,2036.5
Sturnira erythromos,45906587,PE,,1974,CC0_1_0,2737.0
Sturnira erythromos,45906665,PE,,1978,CC0_1_0,1183.0
Sturnira erythromos,45906675,PE,,1978,CC0_1_0,3389.5
Sturnira erythromos,45906697,PE,,1977,CC0_1_0,2967.0
Sturnira erythromos,45906749,PE,,1977,CC0_1_0,2752.0
Sturnira erythromos,45908112,PE,,1979,CC0_1_0,2846.0
Sturnira erythromos,45908294,PE,,1980,CC0_1_0,2287.0
Sturnira erythromos,45908392,PE,,1975,CC0_1_0,1292.5
Sturnira erythromos,45908486,PE,,1982,CC0_1_0,2595.0
Sturnira erythromos,45908517,PE,,1980,CC0_1_0,3061.0
Sturnira erythromos,45908549,PE,,1981,CC0_1_0,2995.5
Sturnira erythromos,1078916806,CO,1081.0,1999,CC0_1_0,2130.5
Sturnira erythromos,919142711,CO,1587.0,2013,CC0_1_0,1336.0
Sturnira erythromos,919143801,CO,1270.0,2002,CC0_1_0,1750.5
Sturnira erythromos,1609371466,CO,,2013,CC0_1_0,2013.0
Sturnira erythromos,919143281,CO,3569.0,1998,CC0_1_0,2414.5
Sturnira erythromos,919143535,CO,1741.0,2004,CC0_1_0,2209.0
Sturnira erythromos,919143769,CO,1360.0,2001,CC0_1_0,2085.5
Sturnira erythromos,1949916532,CO,8.0,2017,CC_BY_NC_4_0,1517.0
Sturnira erythromos,1314940833,CO,440.0,1979,CC_BY_NC_4_0,3559.5
Sturnira erythromos,1314940920,CO,995.0,1983,CC_BY_NC_4_0,1723.5
Sturnira erythromos,1806450989,CO,2100.0,1991,CC_BY_NC_4_0,1519.0
Sturnira erythromos,1806451458,CO,1546.79,1991,CC_BY_NC_4_0,2872.5
Sturnira erythromos,1806451614,CO,88.0,1992,CC_BY_NC_4_0,1666.5
Sturnira erythromos,4979125840,CO,,2020,CC_BY_NC_4_0,2009.5
Sturnira erythromos,4979114981,CO,,2006,CC_BY_NC_4_0,2027.0
Sturnira erythromos,4979132390,CO,,2022,CC_BY_NC_4_0,2630.5
Sturnira erythromos,4979114973,CO,,2006,CC_BY_NC_4_0,2944.5
Sturnira erythromos,2855931705,CO,,1984,CC0_1_0,1668.0
Sturnira erythromos,665924104,BO,1.01,1997,CC0_1_0,1455.0
Sturnira erythromos,665738254,CO,,1970,CC0_1_0,1768.0
Sturnira erythromos,665877051,PE,,1979,CC0_1_0,2772.5
Sturnira erythromos,665925058,PE,,1981,CC0_1_0,1738.5
Sturnira erythromos,665884998,BO,29.22,1972,CC0_1_0,1649.5
Sturnira erythromos,665900234,CO,,1970,CC0_1_0,2877.0
Sturnira erythromos,665725250,PE,,1987,CC0_1_0,2773.0
Sturnira erythromos,665737376,BO,1.15,1972,CC0_1_0,1154.5
Sturnira erythromos,665734871,BO,1.15,1973,CC0_1_0,2601.0
Sturnira erythromos,665735959,PE,,1987,CC0_1_0,2519.0
Sturnira erythromos,665881548,PE,9.11,1987,CC0_1_0,2751.0
Sturnira erythromos,665823179,CO,3.61,1976,CC0_1_0,1760.0
Sturnira erythromos,665731611,BO,2.52,1973,CC0_1_0,1266.5
Sturnira erythromos,665739046,BO,2.52,1973,CC0_1_0,1918.0
Sturnira erythromos,665908522,PE,,1987,CC0_1_0,3030.5
Sturnira erythromos,3890564951,CO,,2018,CC_BY_NC_4_0,2207.0
Sturnira erythromos,5089382698,CO,,2021,CC_BY_NC_4_0,2023.5
Sturnira erythromos,2422214529,CO,,2012,CC_BY_NC_4_0,1914.5
Sturnira erythromos,1609371088,CO,,2003,CC_BY_NC_4_0,2468.5
Sturnira erythromos,2422214106,CO,,2005,CC_BY_NC_4_0,3028.0
Sturnira erythromos,2422214291,CO,,2006,CC_BY_NC_4_0,3566.0
Sturnira erythromos,2422214732,CO,,2009,CC_BY_NC_4_0,1346.5
Sturnira erythromos,3710473500,CO,,2003,CC_BY_NC_4_0,1773.0
Sturnira erythromos,3710473757,CO,,2019,CC_BY_NC_4_0,3382.0
Sturnira erythromos,5904950913,CO,,2022,CC_BY_NC_4_0,2373.5
Sturnira erythromos,1609371049,CO,,2001,CC_BY_NC_4_0,1641.0
Sturnira erythromos,2422214502,CO,,2012,CC_BY_NC_4_0,2432.5
Sturnira erythromos,2422214841,CO,,2012,CC_BY_NC_4_0,2576.0
Sturnira erythromos,2422214880,CO,,2015,CC_BY_NC_4_0,3107.0
Sturnira erythromos,5904951145,CO,,2024,CC_BY_NC_4_0,2818.5
Sturnira erythromos,3346911228,EC,,2001,CC_BY_4_0,1680.0
Sturnira erythromos,3346913195,EC,,2005,CC_BY_4_0,2877.5
Sturnira erythromos,3350011225,EC,,1997,CC_BY_4_0,2401.5
Sturnira erythromos,3346911229,EC,,2002,CC_BY_4_0,3422.5
Sturnira erythromos,3350142306,EC,,1996,CC_BY_4_0,1841.0
Sturnira erythromos,3350035351,EC,,2005,CC_BY_4_0,2067.5
Sturnira erythromos,3350145333,EC,,1998,CC_BY_4_0,1909.0
Sturnira erythromos,865747482,BO,10000.0,1993,CC_BY_4_0,2036.0
Sturnira erythromos,4026689167,CO,,2021,CC_BY_NC_4_0,1515.0
Sturnira erythromos,4026655359,CO,,2018,CC_BY_NC_4_0,2783.5
Sturnira erythromos,4026656053,CO,,2001,CC_BY_NC_4_0,2711.5
Sturnira erythromos,4026686888,CO,,2014,CC_BY_NC_4_0,3468.5
Sturnira erythromos,1427573822,CO,,2014,CC_BY_NC_4_0,1429.0
Sturnira erythromos,919430356,BO,10564.0,1979,CC0_1_0,2674.5
Sturnira erythromos,202105384,AR,,2003,CC0_1_0,1033.5
Sturnira erythromos,202105264,AR,,1998,CC0_1_0,1467.5
Sturnira erythromos,894780176,AR,301.0,1990,CC0_1_0,1191.0
Sturnira erythromos,894781574,AR,,1991,CC0_1_0,1342.5
Sturnira erythromos,894783757,AR,,2004,CC0_1_0,1475.5
Sturnira erythromos,894787269,AR,,2006,CC0_1_0,1652.5
Sturnira erythromos,894787457,AR,,2006,CC0_1_0,1449.5
Sturnira erythromos,894782947,AR,,1998,CC0_1_0,1426.5
Sturnira erythromos,894783592,AR,,2003,CC0_1_0,1051.5
Sturnira erythromos,894787254,AR,,2006,CC0_1_0,1449.0
Sturnira erythromos,5099620351,BO,,1991,CC0_1_0,2974.0
Sturnira erythromos,5099456324,BO,1043.0,1993,CC0_1_0,1791.0
Sturnira erythromos,5099614415,BO,,1991,CC0_1_0,1300.0
Sturnira erythromos,5099612147,BO,,1995,CC0_1_0,1568.5
Sturnira erythromos,5099614363,BO,,1991,CC0_1_0,1935.0
Sturnira erythromos,5099434278,PE,7597.0,1982,CC0_1_0,2891.5
Sturnira erythromos,5099457336,BO,1043.0,1993,CC0_1_0,2618.5
Sturnira erythromos,5099719078,EC,,2017,CC0_1_0,1976.5
Sturnira erythromos,1639432010,CO,,2016,CC_BY_NC_4_0,2603.0
Sturnira erythromos,3962334064,EC,,2021,CC_BY_NC_4_0,2485.0
Sturnira erythromos,4983335334,EC,,2023,CC_BY_4_0,2812.0
Sturnira erythromos,85189332,BO,,1984,CC_BY_NC_4_0,2598.0
Sturnira erythromos,5180144363,EC,,2021,CC_BY_NC_4_0,1803.5
Sturnira erythromos,3390876041,CO,,1982,CC_BY_NC_4_0,3314.5
Sturnira erythromos,3390876084,CO,,1984,CC_BY_NC_4_0,1849.5
Sturnira erythromos,3390876091,CO,,1982,CC_BY_NC_4_0,1766.5
Sturnira erythromos,3390876187,CO,,1982,CC_BY_NC_4_0,2210.5
Sturnira erythromos,3390876188,CO,,1980,CC_BY_NC_4_0,2573.0
Sturnira erythromos,3390876193,CO,,1983,CC_BY_NC_4_0,1565.0
Sturnira erythromos,3390876535,CO,,2015,CC_BY_NC_4_0,1402.0
Sturnira erythromos,2650654384,CO,544.0,2008,CC_BY_NC_4_0,1662.5
Sturnira erythromos,2650655477,CO,530.0,1994,CC_BY_NC_4_0,3608.0
Sturnira erythromos,2650655480,CO,544.0,1994,CC_BY_NC_4_0,2699.5
Sturnira erythromos,2650655860,CO,650.0,1991,CC_BY_NC_4_0,3211.5
Sturnira erythromos,2650655866,CO,610.0,2005,CC_BY_NC_4_0,1962.5
Sturnira erythromos,859473306,PE,,1970,CC0_1_0,3577.0
Sturnira erythromos,859358557,BO,,1992,CC0_1_0,2112.0
Sturnira erythromos,859397813,BO,,1990,CC0_1_0,2511.5
Sturnira erythromos,859499241,BO,,1993,CC0_1_0,1208.0
Sturnira erythromos,859425321,BO,,1993,CC0_1_0,2409.5
Sturnira erythromos,859394898,PE,,1970,CC0_1_0,2837.5
Sturnira erythromos,5147185114,PE,2046.0,1970,CC0_1_0,3095.0
Sturnira erythromos,5147428244,PE,797.0,1984,CC0_1_0,1591.0
Sturnira erythromos,1211793324,CO,,1972,CC_BY_4_0,2437.5
Sturnira erythromos,1211813678,CO,,1977,CC_BY_4_0,1629.0
Sturnira erythromos,5147086478,PE,347.0,1985,CC0_1_0,3291.5
Sturnira hondurensis,2863950690,GT,210.0,1991,CC_BY_NC_4_0,291.5
Sturnira hondurensis,3050510322,GT,,2005,CC_BY_NC_4_0,1475.5
Sturnira hondurensis,3050510323,GT,,2002,CC_BY_NC_4_0,1576.0
Sturnira hondurensis,3126865322,GT,3036.0,2013,CC_BY_NC_4_0,2085.0
Sturnira hondurensis,5101574678,MX,,2011,CC_BY_4_0,155.0
Sturnira hondurensis,5101574722,MX,,2010,CC_BY_4_0,348.0
Sturnira hondurensis,5101575690,MX,,2015,CC_BY_4_0,443.5
Sturnira hondurensis,1894241467,MX,70.0,1977,CC_BY_4_0,364.0
Sturnira hondurensis,1893786464,MX,,1999,CC_BY_4_0,652.0
Sturnira hondurensis,6187058351,MX,,2007,CC0_1_0,1142.0
Sturnira hondurensis,2629101670,MX,,1997,CC_BY_4_0,2253.5
Sturnira hondurensis,2629107139,MX,80.0,1983,CC_BY_4_0,1279.5
Sturnira hondurensis,2629086742,MX,,1970,CC_BY_4_0,724.0
Sturnira hondurensis,2629090857,MX,80.0,1982,CC_BY_4_0,1479.0
Sturnira hondurensis,2629115183,MX,90.0,1988,CC_BY_4_0,2031.5
Sturnira hondurensis,2629091442,MX,80.0,1985,CC_BY_4_0,2610.0
Sturnira hondurensis,2629091673,MX,90.0,1996,CC_BY_4_0,77.0
Sturnira hondurensis,2629091452,MX,90.0,1985,CC_BY_4_0,1382.5
Sturnira hondurensis,2629101233,MX,80.0,1982,CC_BY_4_0,1622.0
Sturnira hondurensis,2629105583,MX,90.0,1995,CC_BY_4_0,609.0
Sturnira hondurensis,2629108761,MX,90.0,1987,CC_BY_4_0,1742.0
Sturnira hondurensis,2629116474,MX,80.0,1981,CC_BY_4_0,221.5
Sturnira hondurensis,2629088208,MX,80.0,1977,CC_BY_4_0,1783.0
Sturnira hondurensis,2629096539,MX,80.0,1989,CC_BY_4_0,1756.5
Sturnira hondurensis,2629105697,MX,90.0,1991,CC_BY_4_0,1918.0
Sturnira hondurensis,2629108993,MX,80.0,1976,CC_BY_4_0,1934.5
Sturnira hondurensis,2629110173,MX,80.0,1982,CC_BY_4_0,989.5
Sturnira hondurensis,2629110768,MX,80.0,1989,CC_BY_4_0,1747.5
Sturnira hondurensis,2629113902,MX,90.0,1985,CC_BY_4_0,2180.0
Sturnira hondurensis,4168651049,MX,100.0,2003,CC_BY_4_0,574.5
Sturnira hondurensis,4168651501,MX,100.0,2001,CC_BY_4_0,1666.5
Sturnira hondurensis,4168650691,MX,100.0,2001,CC_BY_4_0,461.0
Sturnira hondurensis,4168650965,MX,100.0,2002,CC_BY_4_0,2395.5
Sturnira hondurensis,4168651413,MX,100.0,2001,CC_BY_4_0,1726.0
Sturnira hondurensis,4168651598,MX,100.0,2003,CC_BY_4_0,1305.0
Sturnira hondurensis,4168650622,MX,100.0,2001,CC_BY_4_0,1716.5
Sturnira hondurensis,4168650762,MX,100.0,2000,CC_BY_4_0,2099.0
Sturnira hondurensis,4168650493,MX,100.0,2002,CC_BY_4_0,1953.5
Sturnira hondurensis,4168650679,MX,100.0,2000,CC_BY_4_0,1225.5
Sturnira hondurensis,3901044514,MX,,2012,CC_BY_4_0,32.0
Sturnira hondurensis,3901046186,MX,,2010,CC_BY_4_0,97.5
Sturnira hondurensis,3901054828,MX,,2020,CC_BY_4_0,1684.5
Sturnira hondurensis,3901054857,MX,,2020,CC_BY_4_0,369.5
Sturnira hondurensis,1893486798,MX,1110.0,1977,CC_BY_4_0,949.0
Sturnira hondurensis,1893488277,MX,1314.0,1975,CC_BY_4_0,1298.0
Sturnira hondurensis,1893486701,MX,2464.0,1972,CC_BY_4_0,2004.5
Sturnira hondurensis,1893488304,MX,840.0,1975,CC_BY_4_0,1393.5
Sturnira hondurensis,1893488260,MX,20300.0,1975,CC_BY_4_0,122.5
Sturnira hondurensis,1893488306,MX,1390.02,1977,CC_BY_4_0,436.0
Sturnira hondurensis,4168517640,MX,100.0,2004,CC_BY_4_0,473.0
Sturnira hondurensis,4168517535,MX,90.0,2005,CC_BY_4_0,1282.5
Sturnira hondurensis,1895599439,MX,80.0,1983,CC_BY_4_0,1694.5
Sturnira hondurensis,1895599762,MX,70.0,1974,CC_BY_4_0,558.5
Sturnira hondurensis,1417815572,MX,70.0,1991,CC_BY_4_0,1983.5
Sturnira hondurensis,1417816481,MX,90.0,1993,CC_BY_4_0,267.0
Sturnira hondurensis,1417794533,MX,90.0,1990,CC_BY_4_0,1969.5
Sturnira hondurensis,1417812957,MX,100.0,1979,CC_BY_4_0,640.5
Sturnira hondurensis,1417792139,MX,90.0,1990,CC_BY_4_0,1780.0
Sturnira hondurensis,1417804783,MX,100.0,1991,CC_BY_4_0,888.5
Sturnira hondurensis,1417806238,MX,100.0,1990,CC_BY_4_0,2095.5
Sturnira hondurensis,6190854932,GT,,2007,CC_BY_4_0,1489.5
Sturnira hondurensis,1418521622,MX,,1988,CC_BY_4_0,1402.0
Sturnira hondurensis,1418526878,MX,,1984,CC_BY_4_0,789.5
Sturnira hondurensis,1418521138,MX,,1984,CC_BY_4_0,1712.5
Sturnira hondurensis,1418524805,MX,1310.0,1985,CC_BY_4_0,1605.5
Sturnira hondurensis,1418520316,MX,,1978,CC_BY_4_0,2058.5
Sturnira hondurensis,1418522325,MX,,1990,CC_BY_4_0,43.5
Sturnira hondurensis,1418529834,MX,,1986,CC_BY_4_0,734.0
Sturnira hondurensis,1418532820,MX,,1991,CC_BY_4_0,2652.5
Sturnira hondurensis,1418521778,MX,,1989,CC_BY_4_0,1338.5
Sturnira hondurensis,1418526468,MX,,1985,CC_BY_4_0,264.5
Sturnira hondurensis,1418526897,MX,,1983,CC_BY_4_0,420.0
Sturnira hondurensis,1418519361,MX,,1994,CC_BY_4_0,950.5
Sturnira hondurensis,1418521596,MX,,1983,CC_BY_4_0,1397.5
Sturnira hondurensis,1418522728,MX,,1993,CC_BY_4_0,89.0
Sturnira hondurensis,1418526267,MX,,1987,CC_BY_4_0,641.5
Sturnira hondurensis,1418531083,MX,,1981,CC_BY_4_0,1593.5
Sturnira hondurensis,1418532733,MX,,1984,CC_BY_4_0,204.0
Sturnira hondurensis,1418519257,MX,,1983,CC_BY_4_0,2186.0
Sturnira hondurensis,1418521366,MX,,1983,CC_BY_4_0,731.5
Sturnira hondurensis,1418522997,MX,,1985,CC_BY_4_0,327.5
Sturnira hondurensis,1418524223,MX,,1988,CC_BY_4_0,1307.0
Sturnira hondurensis,1418526227,MX,,1981,CC_BY_4_0,2516.5
Sturnira hondurensis,1418526425,MX,,1986,CC_BY_4_0,1099.5
Sturnira hondurensis,1418526521,MX,,1984,CC_BY_4_0,1566.0
Sturnira hondurensis,1418527898,MX,,1981,CC_BY_4_0,188.0
Sturnira hondurensis,1418528182,MX,,1988,CC_BY_4_0,926.0
Sturnira hondurensis,1418531122,MX,,1982,CC_BY_4_0,1747.5
Sturnira hondurensis,1418532146,MX,,1993,CC_BY_4_0,424.0
Sturnira hondurensis,1418532424,MX,,1982,CC_BY_4_0,401.5
Sturnira hondurensis,1893580686,MX,90.0,1996,CC_BY_4_0,580.0
Sturnira hondurensis,1893580664,MX,100.0,1996,CC_BY_4_0,1881.0
Sturnira hondurensis,1893580679,MX,100.0,1998,CC_BY_4_0,806.5
Sturnira hondurensis,1893580661,MX,100.0,1998,CC_BY_4_0,1543.0
Sturnira hondurensis,1893580637,MX,100.0,1999,CC_BY_4_0,1621.0
Sturnira hondurensis,1893580484,MX,100.0,1995,CC_BY_4_0,1516.5
Sturnira hondurensis,1893580632,MX,100.0,1995,CC_BY_4_0,962.5
Sturnira hondurensis,1893580643,MX,100.0,1992,CC_BY_4_0,2381.5
Sturnira hondurensis,1893580636,MX,100.0,1998,CC_BY_4_0,848.0
Sturnira hondurensis,1893580675,MX,100.0,1995,CC_BY_4_0,1509.5
Sturnira hondurensis,1893580677,MX,90.0,1998,CC_BY_4_0,997.5
Sturnira hondurensis,5898727878,GT,,2013,CC_BY_NC_4_0,1727.5
Sturnira hondurensis,5898727913,GT,,2012,CC_BY_NC_4_0,1547.5
Sturnira hondurensis,5898728000,GT,,2008,CC_BY_NC_4_0,1587.0
Sturnira hondurensis,5898728114,GT,,2009,CC_BY_NC_4_0,1442.5
Sturnira hondurensis,5898728498,GT,,2015,CC_BY_NC_4_0,1788.5
Sturnira hondurensis,5898728775,GT,,2010,CC_BY_NC_4_0,1609.5
Sturnira hondurensis,5898728947,GT,,2011,CC_BY_NC_4_0,2164.0
Sturnira hondurensis,5898729028,GT,,2008,CC_BY_NC_4_0,1860.0
Sturnira hondurensis,5898729099,GT,,2011,CC_BY_NC_4_0,2474.0
Sturnira hondurensis,5898729110,GT,,2011,CC_BY_NC_4_0,1436.0
Sturnira hondurensis,5898729144,GT,,2017,CC_BY_NC_4_0,474.0
Sturnira hondurensis,1895933516,MX,90.0,1999,CC_BY_4_0,2159.0
Sturnira hondurensis,1895933505,MX,90.0,1991,CC_BY_4_0,1931.0
Sturnira hondurensis,1895933527,MX,90.0,1999,CC_BY_4_0,1219.5
Sturnira hondurensis,1895933585,MX,90.0,1999,CC_BY_4_0,1391.5
Sturnira hondurensis,1895933604,MX,90.0,1997,CC_BY_4_0,2272.5
Sturnira hondurensis,1895933635,MX,90.0,1997,CC_BY_4_0,2831.5
Sturnira hondurensis,1895933647,MX,90.0,1999,CC_BY_4_0,1041.5
Sturnira hondurensis,1895933673,MX,90.0,1997,CC_BY_4_0,1656.5
Sturnira hondurensis,1895933718,MX,90.0,1999,CC_BY_4_0,1536.0
Sturnira hondurensis,1895933742,MX,90.0,1974,CC_BY_4_0,1430.0
Sturnira hondurensis,1895933746,MX,90.0,1990,CC_BY_4_0,1245.0
Sturnira hondurensis,1895933755,MX,90.0,1998,CC_BY_4_0,1336.0
Sturnira hondurensis,3306339608,MX,,2014,CC_BY_4_0,172.5
Sturnira hondurensis,3306340411,MX,,1993,CC_BY_4_0,156.5
Sturnira hondurensis,3306342847,MX,,2015,CC_BY_4_0,2088.5
Sturnira hondurensis,3306341933,MX,,1987,CC_BY_4_0,637.5
Sturnira hondurensis,3306342283,MX,,2013,CC_BY_4_0,2433.5
Sturnira hondurensis,3306339343,MX,,2010,CC_BY_4_0,469.5
Sturnira hondurensis,3306340336,MX,,2015,CC_BY_4_0,1496.5
Sturnira hondurensis,3306340693,MX,,1999,CC_BY_4_0,747.5
Sturnira hondurensis,3306341006,MX,,2010,CC_BY_4_0,1834.0
Sturnira hondurensis,3306341353,MX,,1994,CC_BY_4_0,47.5
Sturnira hondurensis,3306342312,MX,,2011,CC_BY_4_0,2774.5
Sturnira hondurensis,3306342478,MX,,1994,CC_BY_4_0,2793.0
Sturnira hondurensis,3306339769,MX,,2011,CC_BY_4_0,373.0
Sturnira hondurensis,3306340194,MX,,2010,CC_BY_4_0,997.5
Sturnira hondurensis,3306340401,MX,,1994,CC_BY_4_0,892.0
Sturnira hondurensis,3306340514,MX,,2010,CC_BY_4_0,1501.5
Sturnira hondurensis,3306340649,MX,,2014,CC_BY_4_0,2087.5
Sturnira hondurensis,3306340952,MX,,1985,CC_BY_4_0,1306.5
Sturnira hondurensis,3306341327,MX,,2012,CC_BY_4_0,1930.5
Sturnira hondurensis,3306341420,MX,,2015,CC_BY_4_0,1570.5
Sturnira hondurensis,3306341526,MX,,2012,CC_BY_4_0,1103.0
Sturnira hondurensis,3306342457,MX,,2013,CC_BY_4_0,1962.0
Sturnira hondurensis,3306342514,MX,,2012,CC_BY_4_0,1048.5
Sturnira hondurensis,1894607123,MX,90.0,2003,CC_BY_4_0,1805.0
Sturnira hondurensis,1418740549,MX,,2007,CC_BY_4_0,1009.5
Sturnira hondurensis,1418740071,MX,,2007,CC_BY_4_0,835.5
Sturnira hondurensis,2630394852,MX,100.0,1991,CC_BY_4_0,1067.5
Sturnira hondurensis,4168608550,MX,100.0,1996,CC_BY_4_0,517.0
Sturnira hondurensis,2630338083,MX,100.0,1982,CC_BY_4_0,816.5
Sturnira hondurensis,4168604718,MX,90.0,1994,CC_BY_4_0,1421.0
Sturnira hondurensis,2630340959,MX,100.0,1991,CC_BY_4_0,22.0
Sturnira hondurensis,2630392947,MX,90.0,1991,CC_BY_4_0,1611.0
Sturnira hondurensis,2630339088,MX,90.0,1971,CC_BY_4_0,2224.0
Sturnira hondurensis,2630327561,MX,100.0,1977,CC_BY_4_0,1101.5
Sturnira hondurensis,2630373323,MX,90.0,1991,CC_BY_4_0,610.5
Sturnira hondurensis,4168620904,MX,90.0,1995,CC_BY_4_0,1219.0
Sturnira hondurensis,1417864429,MX,100.0,2002,CC_BY_4_0,260.5
Sturnira hondurensis,1913336258,MX,,1993,CC0_1_0,1510.0
Sturnira hondurensis,1894604866,MX,100.0,1999,CC_BY_4_0,2334.0
Sturnira hondurensis,1894604870,MX,90.0,1995,CC_BY_4_0,1129.0
Sturnira hondurensis,1894604785,MX,90.0,1992,CC_BY_4_0,522.5
Sturnira hondurensis,675866775,MX,,1979,CC0_1_0,290.0
Sturnira hondurensis,1913336246,MX,,1993,CC0_1_0,7.0
Sturnira hondurensis,675832137,MX,,1973,CC0_1_0,2070.5
Sturnira hondurensis,675934834,MX,,1986,CC0_1_0,1764.0
Sturnira hondurensis,675829569,MX,,1970,CC0_1_0,1353.5
Sturnira hondurensis,675832287,MX,,1971,CC0_1_0,745.5
Sturnira hondurensis,4169267669,MX,,1971,CC_BY_4_0,571.5
Sturnira hondurensis,4169270076,MX,,1975,CC_BY_4_0,379.5
Sturnira hondurensis,4168974674,MX,90.0,1991,CC_BY_4_0,264.5
Sturnira hondurensis,4169236433,MX,90.0,2006,CC_BY_4_0,246.0
Sturnira hondurensis,4168888763,MX,,1976,CC_BY_4_0,725.5
Sturnira hondurensis,4169274314,MX,90.0,1990,CC_BY_4_0,2512.0
Sturnira hondurensis,4169198628,MX,,1998,CC_BY_4_0,1670.5
Sturnira hondurensis,4169239541,MX,90.0,2005,CC_BY_4_0,194.5
Sturnira hondurensis,4168986969,MX,90.0,1999,CC_BY_4_0,305.0
Sturnira hondurensis,4169260830,MX,,1974,CC_BY_4_0,865.5
Sturnira hondurensis,4169246403,MX,100.0,1993,CC_BY_4_0,2192.5
Sturnira hondurensis,4169258462,MX,80.0,1982,CC_BY_4_0,1894.0
Sturnira hondurensis,4169230515,MX,90.0,1990,CC_BY_4_0,1011.0
Sturnira hondurensis,4169243288,MX,,1973,CC_BY_4_0,8.0
Sturnira hondurensis,4169215006,MX,,1976,CC_BY_4_0,715.5
Sturnira hondurensis,4169218822,MX,90.0,1980,CC_BY_4_0,1229.5
Sturnira hondurensis,4168987180,MX,90.0,1990,CC_BY_4_0,619.0
Sturnira hondurensis,4169024546,MX,,1979,CC_BY_4_0,953.5
Sturnira hondurensis,4169174648,MX,90.0,2003,CC_BY_4_0,1948.5
Sturnira hondurensis,4168910371,MX,90.0,1984,CC_BY_4_0,887.5
Sturnira hondurensis,4169220977,MX,100.0,1972,CC_BY_4_0,458.0
Sturnira hondurensis,1898050509,MX,90.0,1991,CC_BY_4_0,430.0
Sturnira hondurensis,1898052366,MX,,2014,CC_BY_4_0,1472.5
Sturnira hondurensis,1898052349,MX,,2013,CC_BY_4_0,81.0
Sturnira hondurensis,1898052109,MX,,2014,CC_BY_4_0,1704.0
Sturnira hondurensis,1898052353,MX,,2013,CC_BY_4_0,1244.5
Sturnira hondurensis,1898052387,MX,,2008,CC_BY_4_0,2173.0
Sturnira hondurensis,1898052399,MX,,2010,CC_BY_4_0,729.0
Sturnira hondurensis,1898052098,MX,100.0,2000,CC_BY_4_0,1765.0
Sturnira hondurensis,1898052347,MX,,2011,CC_BY_4_0,597.0
Sturnira hondurensis,1898052329,MX,,2012,CC_BY_4_0,1716.5
Sturnira hondurensis,1898052323,MX,,2013,CC_BY_4_0,63.5
Sturnira hondurensis,1898052325,MX,,2007,CC_BY_4_0,1538.0
Sturnira hondurensis,1898052120,MX,90.0,1994,CC_BY_4_0,2121.5
Sturnira hondurensis,1898052135,MX,100.0,1995,CC_BY_4_0,1937.5
Sturnira hondurensis,1898052294,MX,,2013,CC_BY_4_0,485.0
Sturnira hondurensis,1898052301,MX,,2008,CC_BY_4_0,274.0
Sturnira hondurensis,1898052313,MX,,2009,CC_BY_4_0,2877.5
Sturnira hondurensis,1898052333,MX,,2010,CC_BY_4_0,964.0
Sturnira hondurensis,1898052351,MX,,2013,CC_BY_4_0,1192.5
Sturnira hondurensis,1898052356,MX,,2012,CC_BY_4_0,147.5
Sturnira hondurensis,1898052368,MX,,2005,CC_BY_4_0,15.0
Sturnira hondurensis,1898052421,GT,,2010,CC_BY_4_0,2683.0
Sturnira hondurensis,1894145821,MX,90.0,1986,CC_BY_4_0,2213.5
Sturnira hondurensis,1894145854,MX,80.0,1986,CC_BY_4_0,2581.0
Sturnira hondurensis,1894145711,MX,90.0,1976,CC_BY_4_0,1396.0
Sturnira hondurensis,1894145793,MX,90.0,1988,CC_BY_4_0,2027.5
Sturnira hondurensis,1894145798,MX,90.0,1988,CC_BY_4_0,2102.5
Sturnira hondurensis,1894145785,MX,90.0,1986,CC_BY_4_0,2422.5
Sturnira hondurensis,1894145830,MX,90.0,1988,CC_BY_4_0,2284.0
Sturnira hondurensis,1894145899,MX,90.0,1976,CC_BY_4_0,2349.5
Sturnira hondurensis,5147107681,GT,30.0,2009,CC0_1_0,1502.5
Sturnira hondurensis,5146989600,GT,,2009,CC0_1_0,1760.5
Sturnira hondurensis,5147104673,GT,,2009,CC0_1_0,2568.0
Sturnira hondurensis,5147352808,GT,500.0,2011,CC0_1_0,1707.5
Sturnira hondurensis,1418245749,MX,80.0,1989,CC_BY_4_0,1002.0
Sturnira hondurensis,1418250296,MX,70.0,2000,CC_BY_4_0,773.5
Sturnira hondurensis,1418248475,MX,100.0,1984,CC_BY_4_0,771.0
Sturnira hondurensis,1418249650,MX,90.0,1987,CC_BY_4_0,1967.5
Sturnira hondurensis,1418243007,MX,90.0,1991,CC_BY_4_0,587.0
Sturnira hondurensis,1418243433,MX,90.0,1984,CC_BY_4_0,1086.5
Sturnira hondurensis,1418246389,MX,90.0,1994,CC_BY_4_0,2223.5
Sturnira hondurensis,1418249312,MX,90.0,1995,CC_BY_4_0,507.5
Sturnira hondurensis,1418242326,MX,80.0,1991,CC_BY_4_0,1168.5
Sturnira hondurensis,1418242783,MX,90.0,1986,CC_BY_4_0,2441.0
Sturnira hondurensis,1418243196,MX,90.0,1976,CC_BY_4_0,22.0
Sturnira hondurensis,1418244395,MX,90.0,1986,CC_BY_4_0,1681.5
Sturnira hondurensis,1418250994,MX,80.0,1983,CC_BY_4_0,742.5
Sturnira hondurensis,1418251442,MX,80.0,1992,CC_BY_4_0,1707.5
Sturnira hondurensis,1418242983,MX,80.0,1982,CC_BY_4_0,1334.0
Sturnira hondurensis,1418243201,MX,80.0,1995,CC_BY_4_0,1019.0
Sturnira hondurensis,1418244231,MX,90.0,1980,CC_BY_4_0,1011.0
Sturnira hondurensis,1418244316,MX,90.0,1993,CC_BY_4_0,1014.5
Sturnira hondurensis,1418251413,MX,90.0,1979,CC_BY_4_0,1175.5
Sturnira hondurensis,1418243629,MX,80.0,1996,CC_BY_4_0,1479.0
Sturnira hondurensis,1418245543,MX,90.0,1995,CC_BY_4_0,81.0
Sturnira hondurensis,1418246909,MX,90.0,1986,CC_BY_4_0,2506.5
Sturnira hondurensis,1418249141,MX,80.0,1975,CC_BY_4_0,442.0
Sturnira hondurensis,1418250334,MX,90.0,1993,CC_BY_4_0,1320.0
Sturnira hondurensis,1418250423,MX,80.0,1983,CC_BY_4_0,2006.0
Sturnira hondurensis,1418241823,MX,90.0,1988,CC_BY_4_0,848.0
Sturnira hondurensis,1418242194,MX,100.0,1984,CC_BY_4_0,1011.5
Sturnira hondurensis,1418242539,MX,100.0,1987,CC_BY_4_0,2100.0
Sturnira hondurensis,1418243997,MX,100.0,2005,CC_BY_4_0,2437.5
Sturnira hondurensis,1418244477,MX,80.0,1992,CC_BY_4_0,455.0
Sturnira hondurensis,1418244790,MX,90.0,2004,CC_BY_4_0,2387.0
Sturnira hondurensis,1418246871,MX,90.0,1979,CC_BY_4_0,1702.5
Sturnira hondurensis,1418247988,MX,90.0,1987,CC_BY_4_0,2864.5
Sturnira hondurensis,1418248147,MX,90.0,2002,CC_BY_4_0,2622.5
Sturnira hondurensis,1418248165,MX,90.0,1994,CC_BY_4_0,2060.5
Sturnira hondurensis,1418248354,MX,80.0,1991,CC_BY_4_0,1650.5
Sturnira hondurensis,1418250110,MX,80.0,1983,CC_BY_4_0,1748.0
Sturnira hondurensis,1418250215,MX,80.0,1998,CC_BY_4_0,1079.0
Sturnira hondurensis,1418250568,MX,90.0,1990,CC_BY_4_0,2277.0
Sturnira hondurensis,1418251388,MX,100.0,1983,CC_BY_4_0,2646.5
Sturnira hondurensis,2013414549,MX,,1983,CC_BY_4_0,1686.0
Sturnira hondurensis,2013414575,MX,,2008,CC_BY_4_0,1654.0
Sturnira hondurensis,2013414664,MX,,2008,CC_BY_4_0,1488.0
Sturnira hondurensis,2013414685,MX,,2007,CC_BY_4_0,1524.5
Sturnira lilium,1987314076,PY,10892.0,1979,CC_BY_NC_4_0,70.0
Sturnira lilium,1987352861,PY,11423.0,1977,CC_BY_NC_4_0,224.0
Sturnira lilium,1987252026,PY,8670.0,1976,CC_BY_NC_4_0,65.0
Sturnira lilium,1987252195,PY,13053.0,1979,CC_BY_NC_4_0,103.0
Sturnira lilium,1987341428,PY,24017.0,1978,CC_BY_NC_4_0,246.0
Sturnira lilium,1987299660,PY,24011.0,1976,CC_BY_NC_4_0,175.0
Sturnira lilium,1987349519,PY,,1978,CC_BY_NC_4_0,110.5
Sturnira lilium,1987263047,PY,14490.0,1979,CC_BY_NC_4_0,137.5
Sturnira lilium,1987356718,PY,7178.0,1977,CC_BY_NC_4_0,76.0
Sturnira lilium,1322369747,BR,,1970,CC0_1_0,651.5
Sturnira lilium,5174685240,PY,2000.0,1996,CC_BY_NC_4_0,171.5
Sturnira lilium,5174792240,PY,1041.0,1996,CC_BY_NC_4_0,84.0
Sturnira lilium,3013405610,BR,,1977,CC_BY_4_0,552.0
Sturnira lilium,3013405662,BR,,2011,CC_BY_4_0,551.5
Sturnira lilium,3013405668,BR,,2011,CC_BY_4_0,494.0
Sturnira lilium,3013405688,BR,,2011,CC_BY_4_0,525.5
Sturnira lilium,3013405884,BR,,1994,CC_BY_4_0,765.5
Sturnira lilium,3013406520,BR,,2012,CC_BY_4_0,574.0
Sturnira lilium,3013406651,BR,,1979,CC_BY_4_0,818.5
Sturnira lilium,3013406772,BR,,1981,CC_BY_4_0,760.0
Sturnira lilium,3013407129,BR,,1991,CC_BY_4_0,683.0
Sturnira lilium,3013407225,BR,,1981,CC_BY_4_0,616.5
Sturnira lilium,3013407323,BR,,1974,CC_BY_4_0,756.0
Sturnira lilium,3013407363,BR,,1980,CC_BY_4_0,9.0
Sturnira lilium,3013407473,BR,,1986,CC_BY_4_0,347.0
Sturnira lilium,2824258314,BR,,2014,CC_BY_NC_4_0,56.0
Sturnira lilium,2824258647,BR,,2018,CC_BY_NC_4_0,77.5
Sturnira lilium,1700657806,PY,,2009,CC0_1_0,239.5
Sturnira lilium,1700657817,PY,,2009,CC0_1_0,291.0
Sturnira lilium,1700657777,PY,,2009,CC0_1_0,185.0
Sturnira lilium,382065706,AR,,1975,CC_BY_4_0,240.0
Sturnira lilium,382065711,AR,,1975,CC_BY_4_0,83.0
Sturnira lilium,382065926,AR,,1995,CC_BY_4_0,255.0
Sturnira lilium,382065937,AR,,1991,CC_BY_4_0,131.0
Sturnira lilium,382065699,AR,,1975,CC_BY_4_0,268.5
Sturnira lilium,382065701,AR,,1975,CC_BY_4_0,116.0
Sturnira lilium,382065728,AR,,1977,CC_BY_4_0,486.0
Sturnira lilium,382065814,AR,,1979,CC_BY_4_0,167.0
Sturnira lilium,382065877,AR,,1978,CC_BY_4_0,529.5
Sturnira lilium,382065929,AR,,1994,CC_BY_4_0,96.5
Sturnira lilium,382065946,AR,,1992,CC_BY_4_0,122.0
Sturnira lilium,1821670656,BR,,2008,CC_BY_NC_4_0,156.5
Sturnira lilium,1821670672,BR,,2011,CC_BY_NC_4_0,166.5
Sturnira lilium,1821670675,BR,,2004,CC_BY_NC_4_0,709.0
Sturnira lilium,1805727912,BR,,1993,CC0_1_0,867.5
Sturnira lilium,665864754,BO,1.15,1973,CC0_1_0,564.5
Sturnira lilium,3346846442,BR,,1998,CC_BY_4_0,681.0
Sturnira lilium,865747514,PY,1000.0,1989,CC_BY_4_0,116.0
Sturnira lilium,865747537,PY,1000.0,1991,CC_BY_4_0,72.0
Sturnira lilium,865747594,PY,1000.0,1983,CC_BY_4_0,167.0
Sturnira lilium,865747390,PY,10000.0,1981,CC_BY_4_0,218.0
Sturnira lilium,865747521,PY,1000.0,1989,CC_BY_4_0,214.5
Sturnira lilium,865747538,PY,1000.0,1991,CC_BY_4_0,115.0
Sturnira lilium,865747572,PY,1000.0,1985,CC_BY_4_0,283.5
Sturnira lilium,865747589,PY,1000.0,1983,CC_BY_4_0,123.0
Sturnira lilium,865747671,PY,1000.0,1982,CC_BY_4_0,81.5
Sturnira lilium,865747672,PY,1000.0,1982,CC_BY_4_0,132.0
Sturnira lilium,865747706,PY,10000.0,1979,CC_BY_4_0,144.5
Sturnira lilium,865747708,PY,10000.0,1979,CC_BY_4_0,95.0
Sturnira lilium,865747383,PY,10000.0,1980,CC_BY_4_0,98.5
Sturnira lilium,865747486,PY,1000.0,1980,CC_BY_4_0,268.0
Sturnira lilium,865747568,PY,1000.0,1985,CC_BY_4_0,114.0
Sturnira lilium,865747569,PY,10000.0,1985,CC_BY_4_0,144.0
Sturnira lilium,865747588,PY,1000.0,1983,CC_BY_4_0,249.0
Sturnira lilium,865747593,PY,1000.0,1983,CC_BY_4_0,133.0
Sturnira lilium,865747382,PY,1000.0,1990,CC_BY_4_0,136.0
Sturnira lilium,865747441,BR,10000.0,1975,CC_BY_4_0,853.0
Sturnira lilium,865747471,PY,10000.0,1988,CC_BY_4_0,68.5
Sturnira lilium,865747507,PY,1000.0,1981,CC_BY_4_0,194.0
Sturnira lilium,865747508,PY,10000.0,1978,CC_BY_4_0,234.5
Sturnira lilium,865747517,PY,1000.0,1989,CC_BY_4_0,127.0
Sturnira lilium,865747527,PY,10000.0,1991,CC_BY_4_0,194.5
Sturnira lilium,865747531,PY,1000.0,1991,CC_BY_4_0,139.0
Sturnira lilium,865747533,PY,10000.0,1989,CC_BY_4_0,175.0
Sturnira lilium,865747549,BR,10000.0,1985,CC_BY_4_0,56.5
Sturnira lilium,865747550,PY,10000.0,1981,CC_BY_4_0,224.5
Sturnira lilium,865747554,PY,10000.0,1981,CC_BY_4_0,140.0
Sturnira lilium,865747564,PY,1000.0,1985,CC_BY_4_0,209.0
Sturnira lilium,865747576,PY,1000.0,1985,CC_BY_4_0,267.0
Sturnira lilium,865747581,PY,1000.0,1985,CC_BY_4_0,134.5
Sturnira lilium,865747598,PY,10000.0,1983,CC_BY_4_0,97.0
Sturnira lilium,865747629,PY,10000.0,1982,CC_BY_4_0,203.5
Sturnira lilium,865747636,PY,10000.0,1982,CC_BY_4_0,326.5
Sturnira lilium,865747638,PY,1000.0,1982,CC_BY_4_0,60.0
Sturnira lilium,865747646,PY,1000.0,1982,CC_BY_4_0,229.5
Sturnira lilium,865747649,PY,10000.0,1982,CC_BY_4_0,118.0
Sturnira lilium,865747652,PY,1000.0,1982,CC_BY_4_0,54.0
Sturnira lilium,865747658,PY,1000.0,1982,CC_BY_4_0,53.0
Sturnira lilium,865747719,PY,1000.0,1979,CC_BY_4_0,213.0
Sturnira lilium,865747724,PY,10000.0,1979,CC_BY_4_0,289.0
Sturnira lilium,6120807271,BR,,2000,CC_BY_4_0,1145.0
Sturnira lilium,6120824779,BR,,1998,CC_BY_4_0,0.0
Sturnira lilium,6120805945,BR,,2006,CC_BY_4_0,32.5
Sturnira lilium,6120805607,BR,,2002,CC_BY_4_0,564.5
Sturnira lilium,6120817955,BR,,2003,CC_BY_4_0,1212.5
Sturnira lilium,5886779351,BR,,2004,CC_BY_NC_4_0,328.5
Sturnira lilium,5886779366,BR,,2007,CC_BY_NC_4_0,17.0
Sturnira lilium,5886779390,BR,,2007,CC_BY_NC_4_0,165.5
Sturnira lilium,5886779397,BR,,2005,CC_BY_NC_4_0,112.0
Sturnira lilium,5886779407,BR,,2005,CC_BY_NC_4_0,745.5
Sturnira lilium,5886779887,BR,,2006,CC_BY_NC_4_0,180.5
Sturnira lilium,5886779891,BR,,2006,CC_BY_NC_4_0,393.0
Sturnira lilium,5886786593,BR,,2009,CC_BY_NC_4_0,97.0
Sturnira lilium,5886787265,BR,,2009,CC_BY_NC_4_0,86.0
Sturnira lilium,202104839,BR,4046.0,1984,CC0_1_0,1057.0
Sturnira lilium,202104962,AR,,1982,CC0_1_0,65.0
Sturnira lilium,202104833,BR,8182.0,1984,CC0_1_0,1042.5
Sturnira lilium,202104978,PY,3036.0,1985,CC0_1_0,131.0
Sturnira lilium,894780893,AR,1000.0,1990,CC0_1_0,66.0
Sturnira lilium,4097141623,BR,,2002,CC_BY_NC_4_0,924.5
Sturnira lilium,4097141639,BR,,1992,CC_BY_NC_4_0,407.0
Sturnira lilium,4097141647,BR,,1984,CC_BY_NC_4_0,574.5
Sturnira lilium,4097141649,BR,,1992,CC_BY_NC_4_0,828.5
Sturnira lilium,4097141672,BR,,1991,CC_BY_NC_4_0,483.0
Sturnira lilium,4097141692,BR,,2018,CC_BY_NC_4_0,816.0
Sturnira lilium,4097141719,BR,,1990,CC_BY_NC_4_0,596.5
Sturnira lilium,1323972479,BR,,1974,CC_BY_4_0,846.0
Sturnira lilium,1323972495,BR,,1973,CC_BY_4_0,515.5
Sturnira lilium,1323972736,BR,,1992,CC_BY_4_0,66.5
Sturnira lilium,1323972829,BR,,1997,CC_BY_4_0,861.0
Sturnira lilium,1323974007,BR,,2007,CC_BY_4_0,698.5
Sturnira lilium,1323974043,BR,,2007,CC_BY_4_0,684.0
Sturnira lilium,1323974176,BR,,2008,CC_BY_4_0,756.0
Sturnira lilium,1323974212,BR,,2009,CC_BY_4_0,483.5
Sturnira lilium,1323974374,BR,,2010,CC_BY_4_0,1183.0
Sturnira lilium,5099442316,BO,7551.0,1984,CC0_1_0,301.5
Sturnira lilium,5099457439,PY,11010.0,1995,CC0_1_0,320.0
Sturnira lilium,5099449675,BO,3574.0,1991,CC0_1_0,791.0
Sturnira lilium,1065389527,BR,4534.0,1973,CC0_1_0,227.0
Sturnira lilium,2579428021,BR,,1970,CC_BY_NC_4_0,662.0
Sturnira lilium,859466736,BO,,1984,CC0_1_0,284.5
Sturnira lilium,859443580,BO,,1991,CC0_1_0,349.5
Sturnira lilium,859385590,BO,,1984,CC0_1_0,217.0
Sturnira lilium,5147322043,BR,38541.0,1993,CC0_1_0,276.0
Sturnira lilium,5147203044,BR,4075.0,1993,CC0_1_0,1291.0
Sturnira lilium,5147436052,BR,,1993,CC0_1_0,76.5
Sturnira lilium,5147204039,BR,21042.0,1993,CC0_1_0,0.0
Sturnira lilium,5147089049,BR,10004.0,1993,CC0_1_0,177.0
Sturnira lilium,5147324054,BR,1301.0,1993,CC0_1_0,754.5
Sturnira lilium,5147203043,BR,4536.0,1993,CC0_1_0,494.0
Sturnira lilium,5147089050,BR,2047.0,1993,CC0_1_0,176.0
Sturnira lilium,5147322044,BR,33527.0,1993,CC0_1_0,1105.0
Sturnira lilium,5147316315,PY,12012.0,1972,CC0_1_0,106.5
Sturnira lilium,5147309323,PY,12171.0,1973,CC0_1_0,75.0
Sturnira lilium,5147433034,BR,,1993,CC0_1_0,297.5
Sturnira lilium,5147437026,BR,18491.0,1993,CC0_1_0,309.5
Sturnira lilium,5147071326,PY,10497.0,1972,CC0_1_0,61.0
Sturnira lilium,5147190743,PY,1282.0,1977,CC0_1_0,169.5
Sturnira lilium,5147320045,BR,4555.0,1993,CC0_1_0,6.0
Sturnira lilium,5147328032,BR,4522.0,1993,CC0_1_0,426.5
Sturnira lilium,686486038,PY,5.0,2000,CC_BY_4_0,147.5
Sturnira lilium,686486061,PY,5.0,2000,CC_BY_4_0,420.5
Sturnira parvidens,1894480438,MX,50.0,1972,CC_BY_4_0,469.0
Sturnira parvidens,6244802307,MX,,1993,CC_BY_NC_4_0,0.0
Sturnira parvidens,1893349933,MX,90.0,1978,CC_BY_4_0,10.0
Sturnira parvidens,1893349985,MX,90.0,1987,CC_BY_4_0,1226.0
Sturnira parvidens,1893349990,MX,100.0,1991,CC_BY_4_0,563.0
Sturnira parvidens,1893350042,MX,90.0,1991,CC_BY_4_0,69.0
Sturnira parvidens,1320790868,GT,,1972,CC0_1_0,7.5
Sturnira parvidens,1320248291,BZ,,1995,CC0_1_0,265.5
Sturnira parvidens,1319883998,BZ,,1995,CC0_1_0,99.0
Sturnira parvidens,5101574462,MX,,2012,CC_BY_4_0,1136.5
Sturnira parvidens,5101575224,MX,,2012,CC_BY_4_0,1745.5
Sturnira parvidens,5101575334,MX,,2012,CC_BY_4_0,1058.5
Sturnira parvidens,5101576087,MX,,2009,CC_BY_4_0,348.0
Sturnira parvidens,1894905802,MX,100.0,1977,CC_BY_4_0,245.0
Sturnira parvidens,1894905815,MX,100.0,1977,CC_BY_4_0,207.0
Sturnira parvidens,1894505949,MX,90.0,1984,CC_BY_4_0,1475.5
Sturnira parvidens,3042303198,MX,,1987,CC0_1_0,0.0
Sturnira parvidens,3042302863,MX,,1987,CC0_1_0,0.0
Sturnira parvidens,1894829029,MX,90.0,1974,CC_BY_4_0,319.0
Sturnira parvidens,1894829015,MX,80.0,1971,CC_BY_4_0,118.0
Sturnira parvidens,1894829028,MX,90.0,1974,CC_BY_4_0,14.5
Sturnira parvidens,1894830923,MX,90.0,1977,CC_BY_4_0,38.5
Sturnira parvidens,2629097484,MX,90.0,1978,CC_BY_4_0,18.5
Sturnira parvidens,2629084722,MX,90.0,1985,CC_BY_4_0,1735.0
Sturnira parvidens,2629093603,MX,90.0,1985,CC_BY_4_0,1142.0
Sturnira parvidens,2629106746,MX,80.0,1990,CC_BY_4_0,1541.0
Sturnira parvidens,2629080999,MX,80.0,1989,CC_BY_4_0,1828.0
Sturnira parvidens,2629085343,MX,,2006,CC_BY_4_0,92.5
Sturnira parvidens,2629094065,MX,90.0,1988,CC_BY_4_0,1174.0
Sturnira parvidens,2629103828,MX,90.0,1988,CC_BY_4_0,1992.0
Sturnira parvidens,2629109020,MX,80.0,1982,CC_BY_4_0,1479.0
Sturnira parvidens,2629113103,MX,,2007,CC_BY_4_0,10.0
Sturnira parvidens,2629082679,MX,80.0,1982,CC_BY_4_0,309.5
Sturnira parvidens,2629089093,MX,80.0,1980,CC_BY_4_0,413.5
Sturnira parvidens,2629089622,MX,90.0,1998,CC_BY_4_0,1333.5
Sturnira parvidens,2629108308,MX,80.0,1982,CC_BY_4_0,1622.0
Sturnira parvidens,2629109728,MX,70.0,1989,CC_BY_4_0,3.0
Sturnira parvidens,2629082708,MX,90.0,1986,CC_BY_4_0,1246.5
Sturnira parvidens,2629083574,MX,110.0,1982,CC_BY_4_0,5.0
Sturnira parvidens,2629084001,MX,70.0,1989,CC_BY_4_0,7.0
Sturnira parvidens,2629088240,MX,70.0,1982,CC_BY_4_0,26.5
Sturnira parvidens,2629095302,MX,80.0,2010,CC_BY_4_0,507.0
Sturnira parvidens,2629099860,MX,70.0,1973,CC_BY_4_0,5.0
Sturnira parvidens,2629116090,MX,,1970,CC_BY_4_0,227.0
Sturnira parvidens,2629080900,MX,,1998,CC_BY_4_0,1718.5
Sturnira parvidens,2629082432,MX,100.0,1972,CC_BY_4_0,592.5
Sturnira parvidens,2629085508,MX,,1988,CC_BY_4_0,8.0
Sturnira parvidens,2629096178,MX,70.0,2000,CC_BY_4_0,108.5
Sturnira parvidens,2629096515,MX,90.0,1996,CC_BY_4_0,1290.5
Sturnira parvidens,2629103265,MX,90.0,1986,CC_BY_4_0,1325.0
Sturnira parvidens,2629104841,MX,90.0,1980,CC_BY_4_0,25.0
Sturnira parvidens,2629106642,MX,90.0,1976,CC_BY_4_0,399.5
Sturnira parvidens,2629110509,MX,90.0,1989,CC_BY_4_0,1048.5
Sturnira parvidens,2629111502,MX,90.0,1987,CC_BY_4_0,1936.5
Sturnira parvidens,2629112871,MX,,2005,CC_BY_4_0,978.5
Sturnira parvidens,2629113084,MX,70.0,1997,CC_BY_4_0,1.0
Sturnira parvidens,2629113557,MX,90.0,1989,CC_BY_4_0,1742.0
Sturnira parvidens,2629115412,MX,100.0,1978,CC_BY_4_0,786.5
Sturnira parvidens,2629116125,MX,100.0,1973,CC_BY_4_0,698.5
Sturnira parvidens,2629081040,MX,100.0,1972,CC_BY_4_0,530.0
Sturnira parvidens,2629085682,MX,90.0,1986,CC_BY_4_0,1140.0
Sturnira parvidens,2629088932,MX,90.0,1993,CC_BY_4_0,1184.0
Sturnira parvidens,2629093036,MX,,2008,CC_BY_4_0,40.5
Sturnira parvidens,2629093772,MX,80.0,1988,CC_BY_4_0,1355.0
Sturnira parvidens,2629094418,MX,,1970,CC_BY_4_0,724.0
Sturnira parvidens,2629095504,MX,90.0,1985,CC_BY_4_0,1382.5
Sturnira parvidens,2629095672,MX,80.0,1986,CC_BY_4_0,1570.0
Sturnira parvidens,2629095740,MX,100.0,1980,CC_BY_4_0,520.0
Sturnira parvidens,2629095922,MX,100.0,1991,CC_BY_4_0,981.0
Sturnira parvidens,2629096353,MX,80.0,1990,CC_BY_4_0,1879.0
Sturnira parvidens,2629098363,MX,90.0,1978,CC_BY_4_0,1193.0
Sturnira parvidens,2629098940,MX,90.0,1986,CC_BY_4_0,1347.0
Sturnira parvidens,2629103230,MX,90.0,1978,CC_BY_4_0,140.0
Sturnira parvidens,2629104326,MX,80.0,1987,CC_BY_4_0,1491.0
Sturnira parvidens,2629105605,MX,90.0,1990,CC_BY_4_0,1592.0
Sturnira parvidens,2629107093,MX,80.0,1972,CC_BY_4_0,191.0
Sturnira parvidens,2629109879,MX,70.0,1971,CC_BY_4_0,61.0
Sturnira parvidens,2629112336,MX,90.0,1986,CC_BY_4_0,270.0
Sturnira parvidens,2629112922,MX,,2003,CC_BY_4_0,1397.5
Sturnira parvidens,2629115117,MX,80.0,1987,CC_BY_4_0,313.0
Sturnira parvidens,2629116187,MX,90.0,1985,CC_BY_4_0,704.5
Sturnira parvidens,2629116697,MX,70.0,1989,CC_BY_4_0,3.0
Sturnira parvidens,4168651574,MX,100.0,2003,CC_BY_4_0,1001.5
Sturnira parvidens,4168651635,MX,100.0,2003,CC_BY_4_0,758.0
Sturnira parvidens,4168651581,MX,100.0,2003,CC_BY_4_0,1305.0
Sturnira parvidens,4168651659,MX,100.0,2003,CC_BY_4_0,1139.0
Sturnira parvidens,4168651690,MX,100.0,2000,CC_BY_4_0,850.0
Sturnira parvidens,4168651729,MX,100.0,2003,CC_BY_4_0,757.0
Sturnira parvidens,4168650400,MX,100.0,2002,CC_BY_4_0,1140.5
Sturnira parvidens,4168650783,MX,100.0,2001,CC_BY_4_0,1716.5
Sturnira parvidens,1897328268,MX,70.0,1981,CC_BY_4_0,1858.5
Sturnira parvidens,1897328296,MX,70.0,1970,CC_BY_4_0,334.5
Sturnira parvidens,1897328362,MX,60.0,1981,CC_BY_4_0,1953.5
Sturnira parvidens,1897328297,MX,70.0,1981,CC_BY_4_0,1936.0
Sturnira parvidens,3901044531,MX,,2012,CC_BY_4_0,32.0
Sturnira parvidens,3901046954,MX,,2010,CC_BY_4_0,60.5
Sturnira parvidens,3901047844,MX,,2009,CC_BY_4_0,917.0
Sturnira parvidens,3901054843,MX,,2020,CC_BY_4_0,1684.5
Sturnira parvidens,3901044274,MX,,2012,CC_BY_4_0,14.0
Sturnira parvidens,3901044525,MX,,2012,CC_BY_4_0,136.5
Sturnira parvidens,3901045705,MX,,2009,CC_BY_4_0,241.0
Sturnira parvidens,3901046481,MX,,2009,CC_BY_4_0,1222.0
Sturnira parvidens,3901046956,MX,,2010,CC_BY_4_0,29.5
Sturnira parvidens,3901047845,MX,,2009,CC_BY_4_0,98.5
Sturnira parvidens,3901054839,MX,,2020,CC_BY_4_0,369.5
Sturnira parvidens,1893493770,MX,3490.0,1986,CC_BY_4_0,20.0
Sturnira parvidens,1893493370,MX,553.0,1970,CC_BY_4_0,1184.5
Sturnira parvidens,1893493123,MX,840.0,1975,CC_BY_4_0,1393.5
Sturnira parvidens,1893493278,MX,1110.0,1977,CC_BY_4_0,949.0
Sturnira parvidens,1893493461,MX,242.0,1978,CC_BY_4_0,560.0
Sturnira parvidens,1893493092,MX,3688.0,1970,CC_BY_4_0,89.0
Sturnira parvidens,1893493375,MX,1314.0,1975,CC_BY_4_0,1298.0
Sturnira parvidens,1893493496,MX,3300.0,1975,CC_BY_4_0,122.5
Sturnira parvidens,1896009961,MX,90.0,2000,CC_BY_4_0,38.5
Sturnira parvidens,1896009923,MX,80.0,1988,CC_BY_4_0,1444.0
Sturnira parvidens,665903038,BZ,4.58,1977,CC0_1_0,5.5
Sturnira parvidens,665725284,BZ,1.72,1978,CC0_1_0,27.5
Sturnira parvidens,665743185,BZ,4.59,1974,CC0_1_0,141.5
Sturnira parvidens,665722963,BZ,0.82,1977,CC0_1_0,95.5
Sturnira parvidens,665902250,BZ,2.41,1979,CC0_1_0,0.0
Sturnira parvidens,665732734,SV,3.33,1975,CC0_1_0,155.5
Sturnira parvidens,665724227,BZ,0.92,1978,CC0_1_0,589.0
Sturnira parvidens,665886992,BZ,0.92,1976,CC0_1_0,37.5
Sturnira parvidens,665822681,BZ,1.08,1977,CC0_1_0,29.0
Sturnira parvidens,665755215,MX,4.42,1975,CC0_1_0,1426.5
Sturnira parvidens,665877805,BZ,6.8,1974,CC0_1_0,775.0
Sturnira parvidens,665822678,BZ,0.92,1976,CC0_1_0,60.0
Sturnira parvidens,665883705,BZ,0.28,1975,CC0_1_0,301.5
Sturnira parvidens,665822680,BZ,1.42,1977,CC0_1_0,22.0
Sturnira parvidens,665751835,BZ,2.35,1978,CC0_1_0,28.0
Sturnira parvidens,665748052,BZ,1.32,1977,CC0_1_0,11.5
Sturnira parvidens,665899384,BZ,0.92,1975,CC0_1_0,30.0
Sturnira parvidens,1895600966,MX,80.0,1972,CC_BY_4_0,1992.0
Sturnira parvidens,1895600473,MX,70.0,1972,CC_BY_4_0,634.0
Sturnira parvidens,1417789915,MX,,1978,CC_BY_4_0,105.0
Sturnira parvidens,1417800963,MX,90.0,1988,CC_BY_4_0,44.0
Sturnira parvidens,1417804603,MX,80.0,1984,CC_BY_4_0,0.0
Sturnira parvidens,1417792922,MX,,1981,CC_BY_4_0,184.5
Sturnira parvidens,1417798207,MX,90.0,1984,CC_BY_4_0,1836.0
Sturnira parvidens,1417799157,MX,80.0,1993,CC_BY_4_0,1211.5
Sturnira parvidens,1417788508,MX,90.0,1984,CC_BY_4_0,823.5
Sturnira parvidens,1417789627,MX,80.0,1984,CC_BY_4_0,0.0
Sturnira parvidens,1417815189,MX,70.0,1990,CC_BY_4_0,19.0
Sturnira parvidens,1417793516,MX,80.0,1983,CC_BY_4_0,1407.0
Sturnira parvidens,1417813546,MX,70.0,1992,CC_BY_4_0,779.5
Sturnira parvidens,1417796788,MX,90.0,1984,CC_BY_4_0,7.0
Sturnira parvidens,1417804536,MX,100.0,1991,CC_BY_4_0,888.5
Sturnira parvidens,1417813003,MX,100.0,1979,CC_BY_4_0,640.5
Sturnira parvidens,865747476,BZ,10000.0,1997,CC_BY_4_0,3.0
Sturnira parvidens,865747480,BZ,10000.0,1997,CC_BY_4_0,17.0
Sturnira parvidens,2266112941,BZ,,1983,CC0_1_0,7.0
Sturnira parvidens,2266108361,MX,2.0,1973,CC0_1_0,9.0
Sturnira parvidens,2266110699,CR,6.0,1974,CC0_1_0,5.0
Sturnira parvidens,2266112012,MX,1.0,1975,CC0_1_0,9.0
Sturnira parvidens,1418519472,MX,,1989,CC_BY_4_0,5.0
Sturnira parvidens,1418520798,MX,,1982,CC_BY_4_0,1740.5
Sturnira parvidens,1418523005,MX,,1985,CC_BY_4_0,327.5
Sturnira parvidens,1418532883,MX,,1981,CC_BY_4_0,1098.5
Sturnira parvidens,1418525470,MX,,1983,CC_BY_4_0,875.5
Sturnira parvidens,1418528134,MX,,1981,CC_BY_4_0,1309.5
Sturnira parvidens,1418521049,MX,,1978,CC_BY_4_0,190.0
Sturnira parvidens,1418527154,MX,,1983,CC_BY_4_0,1467.0
Sturnira parvidens,1418531413,MX,,1977,CC_BY_4_0,1357.0
Sturnira parvidens,1418525539,MX,,1988,CC_BY_4_0,1172.5
Sturnira parvidens,1418527931,MX,,1981,CC_BY_4_0,188.0
Sturnira parvidens,1418528407,MX,,1991,CC_BY_4_0,443.0
Sturnira parvidens,1418528458,MX,,1985,CC_BY_4_0,442.0
Sturnira parvidens,1418530708,MX,,1985,CC_BY_4_0,1585.0
Sturnira parvidens,1418533814,MX,,1982,CC_BY_4_0,1018.5
Sturnira parvidens,1418520884,MX,,1978,CC_BY_4_0,1187.0
Sturnira parvidens,1418521128,MX,,1988,CC_BY_4_0,1858.5
Sturnira parvidens,1418526854,MX,,1983,CC_BY_4_0,420.0
Sturnira parvidens,1418520923,MX,,1982,CC_BY_4_0,550.0
Sturnira parvidens,1418521226,MX,,1984,CC_BY_4_0,600.0
Sturnira parvidens,1418521748,MX,,1988,CC_BY_4_0,1847.0
Sturnira parvidens,1418525272,MX,,1985,CC_BY_4_0,1686.0
Sturnira parvidens,1418526299,MX,,1988,CC_BY_4_0,1304.5
Sturnira parvidens,1418526445,MX,,1986,CC_BY_4_0,1099.5
Sturnira parvidens,1418526844,MX,,1988,CC_BY_4_0,1404.0
Sturnira parvidens,1418528155,MX,,1977,CC_BY_4_0,1177.0
Sturnira parvidens,1418528435,MX,,1973,CC_BY_4_0,1646.0
Sturnira parvidens,1418529196,MX,,1990,CC_BY_4_0,919.5
Sturnira parvidens,1418529561,MX,,1977,CC_BY_4_0,1212.0
Sturnira parvidens,1418529824,MX,,1986,CC_BY_4_0,734.0
Sturnira parvidens,1418531769,MX,,1977,CC_BY_4_0,1830.0
Sturnira parvidens,1418532102,MX,,1993,CC_BY_4_0,424.0
Sturnira parvidens,1418532192,MX,,1988,CC_BY_4_0,1319.5
Sturnira parvidens,1418532427,MX,,1982,CC_BY_4_0,401.5
Sturnira parvidens,1418532675,MX,,1987,CC_BY_4_0,1511.0
Sturnira parvidens,1418532734,MX,,1984,CC_BY_4_0,204.0
Sturnira parvidens,4168719514,MX,90.0,1986,CC_BY_4_0,1604.5
Sturnira parvidens,1893581065,MX,100.0,1998,CC_BY_4_0,909.0
Sturnira parvidens,1893581150,MX,100.0,1999,CC_BY_4_0,1109.0
Sturnira parvidens,1893581161,MX,100.0,1995,CC_BY_4_0,962.5
Sturnira parvidens,1893581092,MX,90.0,1985,CC_BY_4_0,632.5
Sturnira parvidens,1893581134,MX,100.0,1999,CC_BY_4_0,279.0
Sturnira parvidens,1893581093,MX,100.0,1998,CC_BY_4_0,848.0
Sturnira parvidens,1893581107,MX,100.0,1995,CC_BY_4_0,1516.5
Sturnira parvidens,1895933314,MX,90.0,1999,CC_BY_4_0,1219.5
Sturnira parvidens,1895933418,MX,90.0,1999,CC_BY_4_0,1041.5
Sturnira parvidens,1895933444,MX,90.0,1999,CC_BY_4_0,1391.5
Sturnira parvidens,3306340431,MX,,2009,CC_BY_4_0,1000.5
Sturnira parvidens,3306340888,MX,,1991,CC_BY_4_0,385.5
Sturnira parvidens,3306342593,MX,,2014,CC_BY_4_0,1431.5
Sturnira parvidens,3306339741,MX,,2010,CC_BY_4_0,373.0
Sturnira parvidens,3306340883,MX,,2010,CC_BY_4_0,1605.5
Sturnira parvidens,3306340887,MX,,2009,CC_BY_4_0,153.0
Sturnira parvidens,3306341024,MX,,2017,CC_BY_4_0,1382.0
Sturnira parvidens,3306342184,MX,,1983,CC_BY_4_0,46.0
Sturnira parvidens,3306339324,MX,,2010,CC_BY_4_0,146.0
Sturnira parvidens,3306339369,MX,,2011,CC_BY_4_0,1451.5
Sturnira parvidens,3306342976,MX,,2014,CC_BY_4_0,955.5
Sturnira parvidens,3306339533,MX,,2015,CC_BY_4_0,1165.0
Sturnira parvidens,3306339815,MX,,2010,CC_BY_4_0,882.5
Sturnira parvidens,3306341066,MX,,2000,CC_BY_4_0,1412.0
Sturnira parvidens,3306341373,MX,,2011,CC_BY_4_0,140.5
Sturnira parvidens,3306341481,MX,,2012,CC_BY_4_0,1048.5
Sturnira parvidens,3306342013,MX,,2010,CC_BY_4_0,192.0
Sturnira parvidens,3306342239,MX,,2010,CC_BY_4_0,1501.5
Sturnira parvidens,3306342509,MX,,2014,CC_BY_4_0,172.5
Sturnira parvidens,1418740218,MX,,2007,CC_BY_4_0,1009.5
Sturnira parvidens,1418740655,MX,,2007,CC_BY_4_0,1532.0
Sturnira parvidens,919417396,MX,3340.0,1975,CC0_1_0,1134.5
Sturnira parvidens,919451163,MX,4410.0,1970,CC0_1_0,1069.5
Sturnira parvidens,919435314,MX,165.0,1971,CC0_1_0,406.0
Sturnira parvidens,919452251,MX,6250.0,1971,CC0_1_0,378.5
Sturnira parvidens,919426122,MX,2620.0,1970,CC0_1_0,163.5
Sturnira parvidens,919436823,MX,11210.0,1972,CC0_1_0,173.0
Sturnira parvidens,919452219,MX,11210.0,1972,CC0_1_0,472.5
Sturnira parvidens,919430216,MX,6250.0,1971,CC0_1_0,1825.0
Sturnira parvidens,5099438039,MX,1910.0,1980,CC0_1_0,428.5
Sturnira parvidens,5099416718,MX,15440.0,1971,CC0_1_0,158.0
Sturnira parvidens,5099422910,MX,20388.0,1978,CC0_1_0,18.0
Sturnira parvidens,2630319550,MX,90.0,1977,CC_BY_4_0,171.5
Sturnira parvidens,4168604401,MX,90.0,1994,CC_BY_4_0,298.5
Sturnira parvidens,2630342897,MX,90.0,1991,CC_BY_4_0,1306.0
Sturnira parvidens,2630320547,MX,100.0,1977,CC_BY_4_0,47.5
Sturnira parvidens,2630339930,MX,90.0,1991,CC_BY_4_0,529.0
Sturnira parvidens,2630373560,MX,110.0,1970,CC_BY_4_0,502.0
Sturnira parvidens,2630391924,MX,100.0,1991,CC_BY_4_0,1067.5
Sturnira parvidens,2630399869,MX,100.0,1991,CC_BY_4_0,679.5
Sturnira parvidens,2630399872,MX,100.0,1991,CC_BY_4_0,753.5
Sturnira parvidens,2630401816,MX,100.0,1991,CC_BY_4_0,284.5
Sturnira parvidens,2630401830,MX,100.0,1991,CC_BY_4_0,890.5
Sturnira parvidens,2630328549,MX,100.0,1977,CC_BY_4_0,1101.5
Sturnira parvidens,2630374511,MX,100.0,1982,CC_BY_4_0,7.5
Sturnira parvidens,2630393881,MX,100.0,1991,CC_BY_4_0,552.5
Sturnira parvidens,2630398920,MX,100.0,1991,CC_BY_4_0,530.5
Sturnira parvidens,2630394842,MX,100.0,1991,CC_BY_4_0,544.5
Sturnira parvidens,2630395920,MX,100.0,1991,CC_BY_4_0,559.5
Sturnira parvidens,2630396839,MX,100.0,1991,CC_BY_4_0,1624.0
Sturnira parvidens,2630401024,MX,90.0,1991,CC_BY_4_0,492.5
Sturnira parvidens,2630344882,MX,100.0,1991,CC_BY_4_0,1084.0
Sturnira parvidens,2630346402,MX,90.0,1996,CC_BY_4_0,817.5
Sturnira parvidens,2630374558,MX,110.0,1970,CC_BY_4_0,106.5
Sturnira parvidens,4168616818,MX,90.0,1985,CC_BY_4_0,188.5
Sturnira parvidens,4168617148,MX,110.0,1994,CC_BY_4_0,16.0
Sturnira parvidens,4168622237,MX,100.0,1994,CC_BY_4_0,1441.0
Sturnira parvidens,2630321375,MX,80.0,1981,CC_BY_4_0,3.0
Sturnira parvidens,2630342887,MX,100.0,1991,CC_BY_4_0,696.0
Sturnira parvidens,4168617104,MX,90.0,1997,CC_BY_4_0,841.0
Sturnira parvidens,2630379372,MX,80.0,1981,CC_BY_4_0,14.0
Sturnira parvidens,2630390774,MX,90.0,1985,CC_BY_4_0,931.0
Sturnira parvidens,2630393887,MX,100.0,1991,CC_BY_4_0,525.0
Sturnira parvidens,2630394853,MX,100.0,1991,CC_BY_4_0,1894.0
Sturnira parvidens,4168615977,MX,100.0,1988,CC_BY_4_0,784.5
Sturnira parvidens,4168622053,MX,90.0,1995,CC_BY_4_0,1219.0
Sturnira parvidens,4168623240,MX,90.0,1994,CC_BY_4_0,1421.0
Sturnira parvidens,1325916518,MX,577.0,1978,CC0_1_0,10.0
Sturnira parvidens,1417864422,MX,100.0,2002,CC_BY_4_0,260.5
Sturnira parvidens,1422070633,MX,50.0,2003,CC_BY_4_0,628.0
Sturnira parvidens,1422072710,MX,70.0,2003,CC_BY_4_0,1395.5
Sturnira parvidens,1422071245,MX,80.0,1995,CC_BY_4_0,277.5
Sturnira parvidens,1422071031,MX,,2009,CC_BY_4_0,732.0
Sturnira parvidens,1422072203,MX,70.0,2004,CC_BY_4_0,1540.5
Sturnira parvidens,1422072746,MX,50.0,2001,CC_BY_4_0,1745.5
Sturnira parvidens,1422074171,MX,60.0,2004,CC_BY_4_0,672.0
Sturnira parvidens,675859089,NI,,1978,CC0_1_0,18.5
Sturnira parvidens,675934786,MX,,1986,CC0_1_0,546.0
Sturnira parvidens,675934814,MX,,1986,CC0_1_0,1759.5
Sturnira parvidens,1894591600,MX,90.0,1983,CC_BY_4_0,120.5
Sturnira parvidens,1894591706,MX,90.0,1995,CC_BY_4_0,1129.0
Sturnira parvidens,1894592120,MX,100.0,1977,CC_BY_4_0,0.0
Sturnira parvidens,1894591665,MX,100.0,1982,CC_BY_4_0,603.0
Sturnira parvidens,1894591745,MX,90.0,1978,CC_BY_4_0,67.0
Sturnira parvidens,1894591781,MX,90.0,1998,CC_BY_4_0,59.0
Sturnira parvidens,1894592228,MX,100.0,1971,CC_BY_4_0,419.5
Sturnira parvidens,1894591631,MX,80.0,1982,CC_BY_4_0,33.0
Sturnira parvidens,1894591891,MX,90.0,1985,CC_BY_4_0,1221.5
Sturnira parvidens,1894591907,MX,100.0,1980,CC_BY_4_0,918.0
Sturnira parvidens,1894591962,MX,100.0,1996,CC_BY_4_0,42.0
Sturnira parvidens,1894591985,MX,80.0,1977,CC_BY_4_0,56.5
Sturnira parvidens,1894592076,MX,90.0,1979,CC_BY_4_0,633.5
Sturnira parvidens,1894592105,MX,90.0,1992,CC_BY_4_0,460.0
Sturnira parvidens,1894592219,MX,100.0,1972,CC_BY_4_0,554.5
Sturnira parvidens,1894592269,MX,100.0,1999,CC_BY_4_0,1604.0
Sturnira parvidens,1894592302,MX,90.0,2000,CC_BY_4_0,194.5
Sturnira parvidens,675912498,HN,,1983,CC0_1_0,22.0
Sturnira parvidens,675829497,MX,,1970,CC0_1_0,196.5
Sturnira parvidens,675851881,MX,,1977,CC0_1_0,44.0
Sturnira parvidens,675891681,CR,,1982,CC0_1_0,59.0
Sturnira parvidens,675869676,MX,,1980,CC0_1_0,680.0
Sturnira parvidens,675869669,MX,,1980,CC0_1_0,54.5
Sturnira parvidens,675846320,MX,,1976,CC0_1_0,0.0
Sturnira parvidens,675912052,HN,,1983,CC0_1_0,324.5
Sturnira parvidens,675851229,MX,,1977,CC0_1_0,120.0
Sturnira parvidens,675851891,MX,,1977,CC0_1_0,421.5
Sturnira parvidens,1913336226,MX,,1993,CC0_1_0,7.0
Sturnira parvidens,675829600,MX,,1970,CC0_1_0,1353.5
Sturnira parvidens,675879959,MX,,1979,CC0_1_0,13.0
Sturnira parvidens,675823625,MX,,1971,CC0_1_0,205.0
Sturnira parvidens,675848752,NI,,1978,CC0_1_0,5.5
Sturnira parvidens,675934820,MX,,1986,CC0_1_0,6.0
Sturnira parvidens,675823646,MX,,1971,CC0_1_0,745.5
Sturnira parvidens,675880982,MX,,1981,CC0_1_0,69.0
Sturnira parvidens,675874168,MX,,1980,CC0_1_0,45.0
Sturnira parvidens,675874146,MX,,1980,CC0_1_0,175.0
Sturnira parvidens,675857454,MX,,1978,CC0_1_0,9.0
Sturnira parvidens,675871208,MX,,1979,CC0_1_0,906.0
Sturnira parvidens,675912506,HN,,1983,CC0_1_0,0.0
Sturnira parvidens,675851901,MX,,1977,CC0_1_0,7.0
Sturnira parvidens,675911930,HN,,1983,CC0_1_0,961.5
Sturnira parvidens,675912040,HN,,1982,CC0_1_0,1238.5
Sturnira parvidens,675876226,MX,,1979,CC0_1_0,0.0
Sturnira parvidens,675912223,HN,,1983,CC0_1_0,526.0
Sturnira parvidens,675930549,MX,,1989,CC0_1_0,188.5
Sturnira parvidens,675934731,MX,,1987,CC0_1_0,790.0
Sturnira parvidens,1422086673,MX,,2009,CC_BY_4_0,21.0
Sturnira parvidens,1422086453,MX,,2003,CC_BY_4_0,604.5
Sturnira parvidens,476874883,CR,500.0,2002,CC_BY_NC_4_0,278.5
Sturnira parvidens,476874163,CR,,2002,CC_BY_NC_4_0,642.5
Sturnira parvidens,476877129,NI,297465.0,1996,CC_BY_NC_4_0,119.5
Sturnira parvidens,4169272858,MX,,1970,CC_BY_4_0,25.0
Sturnira parvidens,4169091699,MX,100.0,1971,CC_BY_4_0,22.0
Sturnira parvidens,4169235567,MX,90.0,1970,CC_BY_4_0,298.5
Sturnira parvidens,4169012500,MX,90.0,2000,CC_BY_4_0,237.0
Sturnira parvidens,4169178503,MX,90.0,1980,CC_BY_4_0,994.0
Sturnira parvidens,4169102368,MX,100.0,1984,CC_BY_4_0,586.5
Sturnira parvidens,4169242542,MX,90.0,1994,CC_BY_4_0,1809.0
Sturnira parvidens,4169178981,MX,80.0,1982,CC_BY_4_0,80.5
Sturnira parvidens,4169279052,MX,90.0,1987,CC_BY_4_0,269.0
Sturnira parvidens,4169064251,MX,,1973,CC_BY_4_0,1291.5
Sturnira parvidens,4169235307,MX,,1985,CC_BY_4_0,1730.5
Sturnira parvidens,4169273655,MX,90.0,2012,CC_BY_4_0,36.0
Sturnira parvidens,4169246366,MX,90.0,1999,CC_BY_4_0,118.5
Sturnira parvidens,4168987009,MX,,1970,CC_BY_4_0,10.5
Sturnira parvidens,4169229855,MX,90.0,1987,CC_BY_4_0,146.5
Sturnira parvidens,4169252434,MX,90.0,1990,CC_BY_4_0,619.0
Sturnira parvidens,4169279318,MX,90.0,1994,CC_BY_4_0,254.5
Sturnira parvidens,4169219270,MX,100.0,1978,CC_BY_4_0,96.0
Sturnira parvidens,4169257017,MX,80.0,2012,CC_BY_4_0,182.0
Sturnira parvidens,4169114587,MX,70.0,1981,CC_BY_4_0,127.0
Sturnira parvidens,4169184389,MX,,1974,CC_BY_4_0,865.5
Sturnira parvidens,4169268617,MX,,1992,CC_BY_4_0,216.0
Sturnira parvidens,4169243918,MX,90.0,1994,CC_BY_4_0,1195.0
Sturnira parvidens,4169146305,MX,,1980,CC_BY_4_0,65.0
Sturnira parvidens,4168899390,MX,,1982,CC_BY_4_0,945.5
Sturnira parvidens,4169259629,MX,,1998,CC_BY_4_0,652.0
Sturnira parvidens,4168986968,MX,90.0,2000,CC_BY_4_0,0.0
Sturnira parvidens,4169240254,MX,,1975,CC_BY_4_0,379.5
Sturnira parvidens,4169243947,MX,90.0,1991,CC_BY_4_0,264.5
Sturnira parvidens,4168865462,MX,100.0,1980,CC_BY_4_0,8.5
Sturnira parvidens,4169256410,MX,90.0,2005,CC_BY_4_0,246.0
Sturnira parvidens,4169159810,MX,90.0,1999,CC_BY_4_0,14.0
Sturnira parvidens,4168974469,MX,2731.0,1973,CC_BY_4_0,1068.5
Sturnira parvidens,4169135737,MX,100.0,1993,CC_BY_4_0,923.0
Sturnira parvidens,4168866045,MX,600.0,1986,CC_BY_4_0,713.0
Sturnira parvidens,4168961997,MX,90.0,1993,CC_BY_4_0,259.0
Sturnira parvidens,4169247929,MX,80.0,1979,CC_BY_4_0,502.5
Sturnira parvidens,4168923986,MX,90.0,1988,CC_BY_4_0,21.0
Sturnira parvidens,4169037289,MX,80.0,1988,CC_BY_4_0,3.0
Sturnira parvidens,4169194845,MX,90.0,1984,CC_BY_4_0,1678.0
Sturnira parvidens,4169178334,MX,,1998,CC_BY_4_0,1670.5
Sturnira parvidens,4168923891,MX,90.0,1976,CC_BY_4_0,18.0
Sturnira parvidens,4169200436,MX,80.0,2003,CC_BY_4_0,1400.0
Sturnira parvidens,4169192577,MX,100.0,1980,CC_BY_4_0,459.5
Sturnira parvidens,4169264122,MX,80.0,1990,CC_BY_4_0,102.5
Sturnira parvidens,4169167038,MX,90.0,2001,CC_BY_4_0,892.5
Sturnira parvidens,4169178856,MX,90.0,2001,CC_BY_4_0,645.5
Sturnira parvidens,4169284850,MX,80.0,2006,CC_BY_4_0,1751.0
Sturnira parvidens,4169049799,MX,100.0,1972,CC_BY_4_0,458.0
Sturnira parvidens,4169212626,MX,90.0,2006,CC_BY_4_0,1594.5
Sturnira parvidens,4169284245,MX,90.0,1989,CC_BY_4_0,1264.5
Sturnira parvidens,4169186497,MX,100.0,2008,CC_BY_4_0,25.5
Sturnira parvidens,4169205002,MX,90.0,1999,CC_BY_4_0,390.0
Sturnira parvidens,4169076732,MX,,2001,CC_BY_4_0,950.5
Sturnira parvidens,4169186453,MX,100.0,1981,CC_BY_4_0,16.0
Sturnira parvidens,4169252622,MX,90.0,1984,CC_BY_4_0,1696.0
Sturnira parvidens,4169221111,MX,90.0,1999,CC_BY_4_0,48.5
Sturnira parvidens,4169036568,MX,,1973,CC_BY_4_0,12.0
Sturnira parvidens,4169234771,MX,90.0,1984,CC_BY_4_0,468.5
Sturnira parvidens,4169253494,MX,90.0,1970,CC_BY_4_0,1213.5
Sturnira parvidens,4169256986,MX,70.0,1983,CC_BY_4_0,363.5
Sturnira parvidens,4169281718,MX,,1976,CC_BY_4_0,438.5
Sturnira parvidens,4168899851,MX,,1976,CC_BY_4_0,715.5
Sturnira parvidens,4169135350,MX,80.0,1983,CC_BY_4_0,87.0
Sturnira parvidens,4169256487,MX,90.0,1979,CC_BY_4_0,1669.0
Sturnira parvidens,4169178399,MX,,1971,CC_BY_4_0,747.0
Sturnira parvidens,4169186669,MX,70.0,1994,CC_BY_4_0,424.0
Sturnira parvidens,4169214708,MX,90.0,1984,CC_BY_4_0,1635.0
Sturnira parvidens,4169252158,MX,100.0,1986,CC_BY_4_0,149.5
Sturnira parvidens,4169091578,MX,,1998,CC_BY_4_0,983.0
Sturnira parvidens,4169102754,MX,,1979,CC_BY_4_0,9.5
Sturnira parvidens,4169208674,MX,80.0,1990,CC_BY_4_0,17.0
Sturnira parvidens,4169183091,MX,100.0,1973,CC_BY_4_0,129.0
Sturnira parvidens,4169216453,MX,90.0,1993,CC_BY_4_0,1245.0
Sturnira parvidens,4169230215,MX,100.0,1972,CC_BY_4_0,273.5
Sturnira parvidens,4169255721,MX,90.0,1975,CC_BY_4_0,1564.5
Sturnira parvidens,2573305005,BZ,548.0,2014,CC_BY_NC_4_0,135.0
Sturnira parvidens,4168752308,MX,,2018,CC_BY_4_0,133.0
Sturnira parvidens,1898049568,MX,,2004,CC_BY_4_0,1487.5
Sturnira parvidens,1898049607,MX,80.0,1986,CC_BY_4_0,26.5
Sturnira parvidens,1898049647,MX,,2013,CC_BY_4_0,485.0
Sturnira parvidens,1898048890,MX,90.0,2001,CC_BY_4_0,71.0
Sturnira parvidens,1898049468,MX,80.0,1996,CC_BY_4_0,6.5
Sturnira parvidens,1898049613,MX,,2006,CC_BY_4_0,1181.0
Sturnira parvidens,1898049615,MX,80.0,1993,CC_BY_4_0,1.5
Sturnira parvidens,1898049631,MX,,2001,CC_BY_4_0,30.0
Sturnira parvidens,1898049501,MX,,1999,CC_BY_4_0,72.5
Sturnira parvidens,1898049509,MX,80.0,1993,CC_BY_4_0,10.0
Sturnira parvidens,1898049528,MX,,2010,CC_BY_4_0,216.0
Sturnira parvidens,1898049584,MX,70.0,1988,CC_BY_4_0,7.0
Sturnira parvidens,1898049665,MX,80.0,1995,CC_BY_4_0,8.0
Sturnira parvidens,1898049688,MX,,2000,CC_BY_4_0,1.5
Sturnira parvidens,1898048879,MX,90.0,1994,CC_BY_4_0,323.0
Sturnira parvidens,1898048892,MX,90.0,1993,CC_BY_4_0,347.0
Sturnira parvidens,1898049489,MX,,2011,CC_BY_4_0,119.0
Sturnira parvidens,1898049535,MX,,2010,CC_BY_4_0,207.5
Sturnira parvidens,1898049566,MX,,1998,CC_BY_4_0,0.0
Sturnira parvidens,1898049570,MX,90.0,2010,CC_BY_4_0,72.0
Sturnira parvidens,1898049601,MX,,2009,CC_BY_4_0,964.0
Sturnira parvidens,1898049652,MX,80.0,1994,CC_BY_4_0,179.0
Sturnira parvidens,1898049482,MX,,2000,CC_BY_4_0,34.5
Sturnira parvidens,1898049511,MX,,2004,CC_BY_4_0,397.5
Sturnira parvidens,1898049608,MX,,2006,CC_BY_4_0,8.5
Sturnira parvidens,1898049619,MX,,2001,CC_BY_4_0,13.5
Sturnira parvidens,1898049487,MX,90.0,1991,CC_BY_4_0,147.0
Sturnira parvidens,1898049498,MX,,1998,CC_BY_4_0,258.0
Sturnira parvidens,1898049502,MX,,1998,CC_BY_4_0,141.5
Sturnira parvidens,1898049514,MX,,2003,CC_BY_4_0,0.0
Sturnira parvidens,1898049533,MX,,2006,CC_BY_4_0,2.0
Sturnira parvidens,1898049542,MX,,2009,CC_BY_4_0,37.0
Sturnira parvidens,1898049553,MX,,2010,CC_BY_4_0,19.0
Sturnira parvidens,1898049560,MX,,1999,CC_BY_4_0,226.5
Sturnira parvidens,1898049578,MX,,2001,CC_BY_4_0,47.0
Sturnira parvidens,1898049600,MX,,2008,CC_BY_4_0,274.0
Sturnira parvidens,1898048863,MX,90.0,1996,CC_BY_4_0,853.0
Sturnira parvidens,1898048870,MX,100.0,1995,CC_BY_4_0,1189.0
Sturnira parvidens,1898049474,MX,,2010,CC_BY_4_0,729.0
Sturnira parvidens,1898049510,MX,,2005,CC_BY_4_0,15.0
Sturnira parvidens,1898049516,MX,,1998,CC_BY_4_0,286.0
Sturnira parvidens,1898049594,MX,,2012,CC_BY_4_0,147.5
Sturnira parvidens,1898049598,MX,,2011,CC_BY_4_0,597.0
Sturnira parvidens,1898049621,MX,,2000,CC_BY_4_0,24.5
Sturnira parvidens,1898049633,MX,,2010,CC_BY_4_0,272.0
Sturnira parvidens,1898049648,MX,,2005,CC_BY_4_0,13.5
Sturnira parvidens,1894144037,MX,90.0,1976,CC_BY_4_0,1290.5
Sturnira parvidens,1894143957,MX,90.0,1986,CC_BY_4_0,1781.0
Sturnira parvidens,1894143903,MX,90.0,1976,CC_BY_4_0,10.5
Sturnira parvidens,1894143915,MX,90.0,1976,CC_BY_4_0,1154.5
Sturnira parvidens,1894143916,MX,90.0,1976,CC_BY_4_0,549.5
Sturnira parvidens,1894143938,MX,90.0,1986,CC_BY_4_0,1022.5
Sturnira parvidens,1894143953,MX,90.0,1976,CC_BY_4_0,727.5
Sturnira parvidens,1894143954,MX,90.0,1976,CC_BY_4_0,30.5
Sturnira parvidens,1894143991,MX,90.0,1976,CC_BY_4_0,855.5
Sturnira parvidens,5147113663,GT,,2009,CC0_1_0,355.0
Sturnira parvidens,5147071944,CR,6001.0,1977,CC0_1_0,15.5
Sturnira parvidens,5147196745,GT,2000.0,1978,CC0_1_0,205.0
Sturnira parvidens,5147185209,GT,7000.0,1972,CC0_1_0,135.0
Sturnira parvidens,5147316894,CR,28995.0,1977,CC0_1_0,5.0
Sturnira parvidens,1211827590,MX,,1989,CC_BY_4_0,0.0
Sturnira parvidens,1211829345,MX,,1979,CC_BY_4_0,1367.5
Sturnira parvidens,1211820907,SV,,1971,CC_BY_4_0,599.0
Sturnira parvidens,1211827042,MX,,1990,CC_BY_4_0,272.5
Sturnira parvidens,1211829030,MX,,1989,CC_BY_4_0,52.5
Sturnira parvidens,1211828357,MX,,1989,CC_BY_4_0,0.0
Sturnira parvidens,1323930342,BZ,,2010,CC_BY_4_0,25.0
Sturnira parvidens,1211781635,MX,,1971,CC_BY_4_0,30.0
Sturnira parvidens,1211821774,GT,,1990,CC_BY_4_0,360.0
Sturnira parvidens,1211825914,MX,,1989,CC_BY_4_0,178.0
Sturnira parvidens,1211828469,MX,,1990,CC_BY_4_0,1.0
Sturnira parvidens,1211829464,MX,,1989,CC_BY_4_0,31.5
Sturnira parvidens,1211829935,MX,,1990,CC_BY_4_0,5.0
Sturnira parvidens,1211821217,SV,,1993,CC_BY_4_0,504.0
Sturnira parvidens,1211821311,SV,,1979,CC_BY_4_0,1465.5
Sturnira parvidens,1211821928,GT,,1991,CC_BY_4_0,291.5
Sturnira parvidens,1211826534,MX,,1989,CC_BY_4_0,145.5
Sturnira parvidens,1211826945,MX,,1990,CC_BY_4_0,4.0
Sturnira parvidens,1211827664,MX,,1990,CC_BY_4_0,219.5
Sturnira parvidens,5147075774,GT,4000.0,1978,CC0_1_0,48.0
Sturnira parvidens,5146966168,MX,1910.0,1971,CC0_1_0,342.0
Sturnira parvidens,1211820960,SV,,1979,CC_BY_4_0,764.0
Sturnira parvidens,1211821208,SV,,1979,CC_BY_4_0,872.0
Sturnira parvidens,1211825340,MX,,1989,CC_BY_4_0,4.0
Sturnira parvidens,1211826903,MX,,1972,CC_BY_4_0,132.0
Sturnira parvidens,1211827105,MX,,1989,CC_BY_4_0,12.0
Sturnira parvidens,686484841,NI,11.29,1998,CC_BY_4_0,1458.5
Sturnira parvidens,686486451,MX,2.5,1971,CC_BY_4_0,49.0
Sturnira parvidens,686470732,MX,10.0,1990,CC_BY_4_0,761.0
Sturnira parvidens,1418248802,MX,70.0,2006,CC_BY_4_0,158.0
Sturnira parvidens,1418250241,MX,70.0,1993,CC_BY_4_0,135.0
Sturnira parvidens,1418244004,MX,110.0,1979,CC_BY_4_0,21.5
Sturnira parvidens,1418247067,MX,90.0,2009,CC_BY_4_0,904.0
Sturnira parvidens,1418247814,MX,80.0,1981,CC_BY_4_0,256.0
Sturnira parvidens,1418248600,MX,90.0,1984,CC_BY_4_0,101.5
Sturnira parvidens,1418249193,MX,80.0,1975,CC_BY_4_0,442.0
Sturnira parvidens,1418243387,MX,90.0,1980,CC_BY_4_0,1638.5
Sturnira parvidens,1418243772,MX,90.0,1994,CC_BY_4_0,1321.5
Sturnira parvidens,1418245495,MX,80.0,1992,CC_BY_4_0,1964.0
Sturnira parvidens,1418250431,MX,80.0,1991,CC_BY_4_0,41.0
Sturnira parvidens,1418243224,MX,70.0,1999,CC_BY_4_0,297.5
Sturnira parvidens,1418245773,MX,80.0,1990,CC_BY_4_0,1012.5
Sturnira parvidens,1418242534,MX,90.0,1984,CC_BY_4_0,122.0
Sturnira parvidens,1418242877,MX,90.0,1987,CC_BY_4_0,1321.0
Sturnira parvidens,1418247578,MX,90.0,1986,CC_BY_4_0,1811.5
Sturnira parvidens,1418247835,MX,100.0,2003,CC_BY_4_0,303.0
Sturnira parvidens,1418249371,MX,90.0,1988,CC_BY_4_0,137.0
Sturnira parvidens,1418250408,MX,90.0,1984,CC_BY_4_0,629.5
Sturnira parvidens,1418243496,MX,80.0,1992,CC_BY_4_0,1424.0
Sturnira parvidens,1418243615,MX,80.0,1996,CC_BY_4_0,1479.0
Sturnira parvidens,1418244754,MX,80.0,2000,CC_BY_4_0,6.0
Sturnira parvidens,1418244941,MX,80.0,1984,CC_BY_4_0,435.0
Sturnira parvidens,1418245738,MX,90.0,1983,CC_BY_4_0,1326.0
Sturnira parvidens,1418246265,MX,90.0,1986,CC_BY_4_0,24.5
Sturnira parvidens,1418246491,MX,90.0,2006,CC_BY_4_0,1194.5
Sturnira parvidens,1418246590,MX,90.0,1993,CC_BY_4_0,968.5
Sturnira parvidens,1418247827,MX,90.0,1984,CC_BY_4_0,1023.5
Sturnira parvidens,1418248068,MX,80.0,1996,CC_BY_4_0,1596.5
Sturnira parvidens,1418243620,MX,90.0,2008,CC_BY_4_0,302.5
Sturnira parvidens,1418245754,MX,80.0,1981,CC_BY_4_0,252.0
Sturnira parvidens,1418246331,MX,90.0,1983,CC_BY_4_0,1283.0
Sturnira parvidens,1418246583,MX,90.0,1995,CC_BY_4_0,75.0
Sturnira parvidens,1418248023,MX,80.0,1992,CC_BY_4_0,47.5
Sturnira parvidens,1418250154,MX,80.0,1992,CC_BY_4_0,425.5
Sturnira parvidens,1418250340,MX,70.0,1999,CC_BY_4_0,773.5
Sturnira parvidens,1418250679,MX,70.0,1999,CC_BY_4_0,652.0
Sturnira parvidens,1418250869,MX,90.0,1994,CC_BY_4_0,1690.5
Sturnira parvidens,1418242157,MX,100.0,1984,CC_BY_4_0,1011.5
Sturnira parvidens,1418242483,MX,80.0,1983,CC_BY_4_0,1336.5
Sturnira parvidens,1418242832,MX,90.0,1979,CC_BY_4_0,1960.5
Sturnira parvidens,1418243209,MX,80.0,1994,CC_BY_4_0,1019.0
Sturnira parvidens,1418244749,MX,100.0,1981,CC_BY_4_0,433.5
Sturnira parvidens,1418244861,MX,80.0,2003,CC_BY_4_0,427.0
Sturnira parvidens,1418245143,MX,90.0,1987,CC_BY_4_0,119.0
Sturnira parvidens,1418245461,MX,80.0,1980,CC_BY_4_0,33.5
Sturnira parvidens,1418245888,MX,80.0,1985,CC_BY_4_0,5.0
Sturnira parvidens,1418246846,MX,90.0,1979,CC_BY_4_0,1702.5
Sturnira parvidens,1418246885,MX,90.0,1997,CC_BY_4_0,729.0
Sturnira parvidens,1418247240,MX,90.0,1985,CC_BY_4_0,8.0
Sturnira parvidens,1418248322,MX,80.0,1982,CC_BY_4_0,676.5
Sturnira parvidens,1418248387,MX,80.0,1992,CC_BY_4_0,134.0
Sturnira parvidens,1418248421,MX,100.0,1984,CC_BY_4_0,771.0
Sturnira parvidens,1418248969,MX,100.0,1984,CC_BY_4_0,1235.0
Sturnira parvidens,1418249357,MX,90.0,1995,CC_BY_4_0,507.5
Sturnira parvidens,1418249551,MX,80.0,1985,CC_BY_4_0,34.0
Sturnira parvidens,1418249571,MX,80.0,1996,CC_BY_4_0,566.0
Sturnira parvidens,1418250052,MX,80.0,1983,CC_BY_4_0,1748.0
Sturnira parvidens,1418250164,MX,80.0,1993,CC_BY_4_0,1814.5
Sturnira parvidens,2013414497,MX,,1984,CC_BY_4_0,1686.0
Sturnira parvidens,2013414641,MX,,2007,CC_BY_4_0,1533.0
Sturnira parvidens,2013414700,MX,,2008,CC_BY_4_0,1654.0
Trachops cirrhosus,1571716695,CO,544.0,2005,CC_BY_4_0,386.5
Trachops cirrhosus,1571716890,CO,544.0,2007,CC_BY_4_0,293.0
Trachops cirrhosus,1571717710,CO,505.0,2014,CC_BY_4_0,263.0
Trachops cirrhosus,1571717750,CO,501.0,2014,CC_BY_4_0,282.5
Trachops cirrhosus,1987232789,EC,179615.0,1984,CC_BY_NC_4_0,320.0
Trachops cirrhosus,5103753647,GY,,1995,CC_BY_NC_4_0,99.0
Trachops cirrhosus,5103754160,VE,,1997,CC_BY_NC_4_0,87.0
Trachops cirrhosus,2863950418,GT,25382.0,1999,CC_BY_NC_4_0,223.5
Trachops cirrhosus,1656007226,CO,1984.0,2002,CC_BY_NC_4_0,185.0
Trachops cirrhosus,1656007238,CO,749.0,1992,CC_BY_NC_4_0,35.5
Trachops cirrhosus,1322610176,GF,,1984,CC0_1_0,87.5
Trachops cirrhosus,1318197897,PE,,1992,CC0_1_0,236.5
Trachops cirrhosus,1319119072,BO,,2000,CC0_1_0,180.5
Trachops cirrhosus,1321605352,GY,,1993,CC0_1_0,7.0
Trachops cirrhosus,1319372374,GY,,1999,CC0_1_0,18.5
Trachops cirrhosus,1894905763,MX,100.0,1977,CC_BY_4_0,207.0
Trachops cirrhosus,5285019978,CR,,2014,CC0_1_0,16.5
Trachops cirrhosus,2629109661,MX,90.0,1982,CC_BY_4_0,9.0
Trachops cirrhosus,1638731730,CO,,2015,CC_BY_NC_4_0,456.0
Trachops cirrhosus,3013406172,BR,,1977,CC_BY_4_0,34.0
Trachops cirrhosus,3013406690,BR,,1975,CC_BY_4_0,32.5
Trachops cirrhosus,3013407283,BR,,1973,CC_BY_4_0,23.0
Trachops cirrhosus,3013407299,BR,,1986,CC_BY_4_0,347.0
Trachops cirrhosus,3013407403,BR,,1977,CC_BY_4_0,70.0
Trachops cirrhosus,2824258589,BR,,2016,CC_BY_NC_4_0,53.5
Trachops cirrhosus,2824258653,BR,,2018,CC_BY_NC_4_0,51.0
Trachops cirrhosus,1676080019,CO,7.0,2015,CC_BY_NC_4_0,115.0
Trachops cirrhosus,1020747061,CO,600.0,2013,CC_BY_NC_4_0,238.0
Trachops cirrhosus,3026678347,CO,,2019,CC_BY_NC_4_0,84.5
Trachops cirrhosus,45914924,PE,,1979,CC0_1_0,214.0
Trachops cirrhosus,45914749,PE,,1971,CC0_1_0,281.5
Trachops cirrhosus,45915072,PE,,1984,CC0_1_0,144.0
Trachops cirrhosus,3068260150,CO,,2012,CC0_1_0,58.0
Trachops cirrhosus,919144223,CO,1043.0,1985,CC0_1_0,131.5
Trachops cirrhosus,3463354321,CO,,2021,CC_BY_NC_4_0,172.0
Trachops cirrhosus,1314936703,CO,840.0,2000,CC_BY_NC_4_0,433.5
Trachops cirrhosus,1806449434,CO,7865.6,1988,CC_BY_NC_4_0,484.5
Trachops cirrhosus,4979160799,CO,,2013,CC_BY_NC_4_0,137.0
Trachops cirrhosus,665889049,EC,17.03,1983,CC0_1_0,238.0
Trachops cirrhosus,665729792,CR,4.49,1989,CC0_1_0,6.5
Trachops cirrhosus,665896471,BR,,1976,CC0_1_0,20.0
Trachops cirrhosus,3890565535,CO,,2016,CC_BY_NC_4_0,342.5
Trachops cirrhosus,5089381801,CO,,2024,CC_BY_NC_4_0,28.0
Trachops cirrhosus,5904951853,CO,,2025,CC_BY_NC_4_0,164.5
Trachops cirrhosus,2422213955,CO,,2010,CC_BY_NC_4_0,89.0
Trachops cirrhosus,5904951720,CO,,2023,CC_BY_NC_4_0,136.0
Trachops cirrhosus,3821076454,CO,,2022,CC_BY_NC_4_0,188.0
Trachops cirrhosus,3351432994,PA,,2013,CC_BY_4_0,3.0
Trachops cirrhosus,3346831368,GY,,1997,CC_BY_4_0,80.5
Trachops cirrhosus,3346872647,GT,,1991,CC_BY_4_0,59.5
Trachops cirrhosus,3349739350,SR,,2006,CC_BY_4_0,293.5
Trachops cirrhosus,3349776320,SR,,2006,CC_BY_4_0,109.5
Trachops cirrhosus,3350006566,GY,,2005,CC_BY_4_0,452.0
Trachops cirrhosus,3350006755,GY,,2001,CC_BY_4_0,113.5
Trachops cirrhosus,3349994479,GY,,1995,CC_BY_4_0,88.0
Trachops cirrhosus,3349746245,SR,,2006,CC_BY_4_0,58.0
Trachops cirrhosus,3349981290,GY,,1997,CC_BY_4_0,443.0
Trachops cirrhosus,3350060366,GY,,1997,CC_BY_4_0,84.0
Trachops cirrhosus,3349665040,GY,,1994,CC_BY_4_0,144.0
Trachops cirrhosus,3350084417,GY,,1995,CC_BY_4_0,66.5
Trachops cirrhosus,3350077431,GY,,1996,CC_BY_4_0,250.0
Trachops cirrhosus,3346385968,GY,,2002,CC_BY_4_0,27.0
Trachops cirrhosus,3349994831,GY,,2001,CC_BY_4_0,116.0
Trachops cirrhosus,3350000594,GY,,2007,CC_BY_4_0,177.5
Trachops cirrhosus,3346871461,GY,,2007,CC_BY_4_0,113.0
Trachops cirrhosus,3346821386,SR,,2005,CC_BY_4_0,189.5
Trachops cirrhosus,3350064290,EC,,1995,CC_BY_4_0,308.0
Trachops cirrhosus,3346883670,GY,,1996,CC_BY_4_0,251.0
Trachops cirrhosus,865749085,BZ,10000.0,1997,CC_BY_4_0,3.0
Trachops cirrhosus,2629043310,GT,,1977,CC_BY_4_0,280.0
Trachops cirrhosus,2629043355,BZ,,1995,CC_BY_4_0,101.0
Trachops cirrhosus,4174649308,CR,,1972,CC_BY_4_0,269.5
Trachops cirrhosus,4174649361,CO,,1988,CC_BY_4_0,458.0
Trachops cirrhosus,6120808221,BR,,2006,CC_BY_4_0,481.0
Trachops cirrhosus,6120808757,BR,,1986,CC_BY_4_0,125.0
Trachops cirrhosus,1893578500,MX,100.0,1999,CC_BY_4_0,268.0
Trachops cirrhosus,4026662636,CO,,2015,CC_BY_NC_4_0,304.0
Trachops cirrhosus,4026679009,CO,,2014,CC_BY_NC_4_0,92.0
Trachops cirrhosus,4026684693,CO,,2015,CC_BY_NC_4_0,45.0
Trachops cirrhosus,4026662523,CO,,2015,CC_BY_NC_4_0,182.0
Trachops cirrhosus,4026684160,CO,,2015,CC_BY_NC_4_0,342.0
Trachops cirrhosus,3356327303,BR,5500.0,1993,CC0_1_0,443.0
Trachops cirrhosus,3356332581,BR,426464.0,1991,CC0_1_0,251.5
Trachops cirrhosus,1676065430,CO,,2015,CC0_1_0,149.0
Trachops cirrhosus,5886779916,BR,,2006,CC_BY_NC_4_0,166.5
Trachops cirrhosus,5886784365,BR,,2011,CC_BY_NC_4_0,54.5
Trachops cirrhosus,5886785012,BR,,2010,CC_BY_NC_4_0,149.0
Trachops cirrhosus,5886788698,BR,,2011,CC_BY_NC_4_0,97.0
Trachops cirrhosus,5886789074,BR,,2006,CC_BY_NC_4_0,17.0
Trachops cirrhosus,5886789076,BR,,2004,CC_BY_NC_4_0,346.5
Trachops cirrhosus,5886789085,BR,,2006,CC_BY_NC_4_0,165.5
Trachops cirrhosus,859262890,GT,,2001,CC0_1_0,165.0
Trachops cirrhosus,859263620,GT,,1995,CC0_1_0,271.0
Trachops cirrhosus,859263094,GT,,1989,CC0_1_0,13.5
Trachops cirrhosus,202107517,BR,,1976,CC0_1_0,490.5
Trachops cirrhosus,1323973715,BR,,1987,CC_BY_4_0,244.0
Trachops cirrhosus,1323974079,BR,,2007,CC_BY_4_0,195.5
Trachops cirrhosus,1323974273,BR,,2009,CC_BY_4_0,14.0
Trachops cirrhosus,5099593758,BO,1000.0,1985,CC0_1_0,179.0
Trachops cirrhosus,5099416802,CR,5344.0,1972,CC0_1_0,19.0
Trachops cirrhosus,5099415146,CR,4854.0,1974,CC0_1_0,50.0
Trachops cirrhosus,5099615164,BO,,1994,CC0_1_0,355.5
Trachops cirrhosus,5099723090,EC,,2017,CC0_1_0,139.5
Trachops cirrhosus,5099708194,PA,,2018,CC0_1_0,67.5
Trachops cirrhosus,5099689602,PA,10.0,2015,CC0_1_0,141.5
Trachops cirrhosus,5099685595,PA,100.0,2015,CC0_1_0,111.0
Trachops cirrhosus,4412289359,CO,,2023,CC_BY_NC_4_0,170.5
Trachops cirrhosus,1065402929,CR,1202.0,1971,CC0_1_0,165.5
Trachops cirrhosus,675826249,VE,,1973,CC0_1_0,47.0
Trachops cirrhosus,1894600465,MX,100.0,1971,CC_BY_4_0,176.5
Trachops cirrhosus,675742834,GF,,1987,CC0_1_0,0.0
Trachops cirrhosus,675929104,TT,,1983,CC0_1_0,20.5
Trachops cirrhosus,675870370,VE,,1979,CC0_1_0,25.0
Trachops cirrhosus,85190245,VE,,1976,CC_BY_NC_4_0,71.0
Trachops cirrhosus,1122695069,PA,,1973,CC_BY_NC_4_0,0.0
Trachops cirrhosus,1122711360,PA,,1984,CC_BY_NC_4_0,151.0
Trachops cirrhosus,2573304971,BZ,548.0,2014,CC_BY_NC_4_0,135.0
Trachops cirrhosus,4169190417,MX,100.0,1985,CC_BY_4_0,149.5
Trachops cirrhosus,4169204652,MX,90.0,1984,CC_BY_4_0,468.5
Trachops cirrhosus,1661822392,CO,,2016,CC_BY_NC_4_0,84.5
Trachops cirrhosus,1661822428,CO,,2016,CC_BY_NC_4_0,84.0
Trachops cirrhosus,2650655088,CO,2193.0,2003,CC_BY_NC_4_0,130.0
Trachops cirrhosus,2650655626,CO,,2011,CC_BY_NC_4_0,62.0
Trachops cirrhosus,2650655998,CO,,2012,CC_BY_NC_4_0,68.5
Trachops cirrhosus,1898049140,MX,80.0,1993,CC_BY_4_0,26.5
Trachops cirrhosus,859433615,BO,,1988,CC0_1_0,169.5
Trachops cirrhosus,859444702,BO,,1985,CC0_1_0,243.5
Trachops cirrhosus,5147423868,PE,1640.0,1979,CC0_1_0,196.5
Trachops cirrhosus,5147201043,BR,4396.0,1993,CC0_1_0,47.0
Trachops cirrhosus,5147313297,MX,1292.0,1970,CC0_1_0,152.5
Trachops cirrhosus,5147192241,PE,1097.0,1984,CC0_1_0,410.5
Trachops cirrhosus,5147426240,PE,1461.0,1984,CC0_1_0,498.5
Trachops cirrhosus,1323926244,GY,,2008,CC_BY_4_0,88.5
Trachops cirrhosus,1323929811,GY,,2012,CC_BY_4_0,89.0
Trachops cirrhosus,1837224049,PE,,2014,CC_BY_4_0,235.0
Trachops cirrhosus,1837224574,SR,,2017,CC_BY_4_0,61.5
Trachops cirrhosus,1211792549,GY,,1972,CC_BY_4_0,119.0
Trachops cirrhosus,1211825882,MX,,1989,CC_BY_4_0,178.0
Trachops cirrhosus,1323930105,SR,,2010,CC_BY_4_0,234.0
Trachops cirrhosus,1323930353,BZ,,2010,CC_BY_4_0,25.0
Trachops cirrhosus,1211804382,GY,,1990,CC_BY_4_0,82.0
Trachops cirrhosus,1211811892,GY,,1971,CC_BY_4_0,74.5
Trachops cirrhosus,1211815528,VE,,1997,CC_BY_4_0,58.5
Trachops cirrhosus,1323930337,SR,,2011,CC_BY_4_0,79.0
Trachops cirrhosus,1211786211,EC,,1996,CC_BY_4_0,241.0
Trachops cirrhosus,1211811121,GY,,1992,CC_BY_4_0,22.0
Trachops cirrhosus,1211815894,GY,,1992,CC_BY_4_0,130.0
Trachops cirrhosus,1323926083,SR,,2009,CC_BY_4_0,289.0
Trachops cirrhosus,5209157475,BZ,,2010,CC_BY_4_0,70.0
Trachops cirrhosus,1211800856,GY,,1971,CC_BY_4_0,166.5
Trachops cirrhosus,1211813376,GY,,1973,CC_BY_4_0,28.5
Trachops cirrhosus,1323926065,SR,,2012,CC_BY_4_0,252.5
Trachops cirrhosus,1211816013,GY,,1991,CC_BY_4_0,4.0
Trachops cirrhosus,1323929817,GY,,2014,CC_BY_4_0,90.0
Trachops cirrhosus,1323930669,SR,,2012,CC_BY_4_0,287.5
Trachops cirrhosus,1211796078,GY,,1972,CC_BY_4_0,157.0
Trachops cirrhosus,1211814269,VE,,1997,CC_BY_4_0,235.0
Trachops cirrhosus,1211816189,VE,,1997,CC_BY_4_0,64.0
Trachops cirrhosus,1211792922,GY,,1974,CC_BY_4_0,177.0
Trachops cirrhosus,1211793787,GY,,1970,CC_BY_4_0,112.0
Trachops cirrhosus,1211794447,GY,,1971,CC_BY_4_0,132.0
Trachops cirrhosus,1211801673,GY,,1971,CC_BY_4_0,106.0
Trachops cirrhosus,1211813573,VE,,1997,CC_BY_4_0,51.5
Trachops cirrhosus,1323927658,GY,,2013,CC_BY_4_0,104.0
Trachops cirrhosus,1837224004,GY,,2014,CC_BY_4_0,111.5
Trachops cirrhosus,5147312864,PE,429.0,1979,CC0_1_0,185.0
Trachops cirrhosus,5147315891,TT,5154.0,1977,CC0_1_0,238.0
Trachops cirrhosus,5146976047,BR,,1993,CC0_1_0,297.5
Trachops cirrhosus,5147328045,BR,4602.0,1993,CC0_1_0,27.0
Trachops cirrhosus,1211795431,GY,,1970,CC_BY_4_0,113.0
Trachops cirrhosus,1211796349,GY,,1970,CC_BY_4_0,213.0
Trachops cirrhosus,1211796983,GY,,1974,CC_BY_4_0,193.5
Trachops cirrhosus,1211817642,VE,,1997,CC_BY_4_0,175.0
Trachops cirrhosus,1323929738,GY,,2013,CC_BY_4_0,144.0
Trachops cirrhosus,1323930118,SR,,2010,CC_BY_4_0,223.0
Trachops cirrhosus,1837224903,SR,,2016,CC_BY_4_0,399.5
Trachops cirrhosus,686482378,GY,5.0,1997,CC_BY_4_0,94.0
Trachops cirrhosus,686482379,GY,5.0,1997,CC_BY_4_0,97.0
Trachops cirrhosus,686485264,PE,2.5,1993,CC_BY_4_0,115.0
Trachops cirrhosus,686485267,PE,6.5,1993,CC_BY_4_0,240.5
Trachops cirrhosus,686482382,GY,5.0,1997,CC_BY_4_0,81.0
Trachops cirrhosus,1418243650,MX,90.0,1994,CC_BY_4_0,436.0
Trachops cirrhosus,1418245168,MX,90.0,1988,CC_BY_4_0,119.0
Uroderma bilobatum,4022906357,EC,,2022,CC_BY_NC_4_0,302.5
Uroderma bilobatum,5082839613,EC,,2023,CC_BY_NC_4_0,829.5
Uroderma bilobatum,5082839756,EC,,2024,CC_BY_NC_4_0,1107.0
Uroderma bilobatum,1987234493,BO,30641.0,1980,CC_BY_NC_4_0,314.0
Uroderma bilobatum,1987311380,BO,10513.0,1978,CC_BY_NC_4_0,255.5
Uroderma bilobatum,1987261443,BO,24787.0,1978,CC_BY_NC_4_0,240.5
Uroderma bilobatum,1835169728,TT,,2001,CC_BY_4_0,46.0
Uroderma bilobatum,1835169765,TT,,2013,CC_BY_4_0,400.5
Uroderma bilobatum,1321399842,PE,,1992,CC0_1_0,194.5
Uroderma bilobatum,1320899405,BO,,1992,CC0_1_0,209.5
Uroderma bilobatum,1322238417,EC,,1977,CC0_1_0,283.0
Uroderma bilobatum,1319483943,GY,,1993,CC0_1_0,150.5
Uroderma bilobatum,1318157891,VE,,1984,CC0_1_0,140.0
Uroderma bilobatum,1320420404,BO,,1992,CC0_1_0,162.0
Uroderma bilobatum,1320567719,GY,,1999,CC0_1_0,18.5
Uroderma bilobatum,1322608969,GY,,1993,CC0_1_0,7.0
Uroderma bilobatum,2804482111,EC,500.0,2006,CC0_1_0,429.0
Uroderma bilobatum,3013406196,BR,,1975,CC_BY_4_0,309.5
Uroderma bilobatum,3013407520,BR,,1975,CC_BY_4_0,178.0
Uroderma bilobatum,45914847,PE,,1974,CC0_1_0,726.0
Uroderma bilobatum,45914759,PE,,1971,CC0_1_0,281.5
Uroderma bilobatum,45915020,PE,,1982,CC0_1_0,1266.0
Uroderma bilobatum,45914762,PE,,1971,CC0_1_0,777.0
Uroderma bilobatum,45914826,PE,,1974,CC0_1_0,1271.5
Uroderma bilobatum,45914829,PE,,1974,CC0_1_0,415.0
Uroderma bilobatum,45915069,PE,,1984,CC0_1_0,144.0
Uroderma bilobatum,45915075,PE,,1983,CC0_1_0,90.5
Uroderma bilobatum,45914757,PE,,1971,CC0_1_0,160.0
Uroderma bilobatum,45914833,PE,,1974,CC0_1_0,1023.0
Uroderma bilobatum,45914888,EC,,1976,CC0_1_0,250.5
Uroderma bilobatum,45914900,BO,,1981,CC0_1_0,589.0
Uroderma bilobatum,919144148,CO,2083.0,1989,CC0_1_0,240.0
Uroderma bilobatum,1949916557,CO,8.0,2017,CC_BY_NC_4_0,803.0
Uroderma bilobatum,1314934469,CO,750.0,1984,CC_BY_NC_4_0,187.0
Uroderma bilobatum,1806452830,CO,712.6,1995,CC_BY_NC_4_0,696.0
Uroderma bilobatum,1314934448,CO,1106.0,1979,CC_BY_NC_4_0,340.0
Uroderma bilobatum,1314934502,CO,2061.0,1983,CC_BY_NC_4_0,182.5
Uroderma bilobatum,1806450017,CO,2890.0,1989,CC_BY_NC_4_0,800.0
Uroderma bilobatum,1314934492,CO,1626.0,1985,CC_BY_NC_4_0,590.0
Uroderma bilobatum,1806451153,CO,3410.0,1992,CC_BY_NC_4_0,484.5
Uroderma bilobatum,1806451790,CO,,1992,CC_BY_NC_4_0,176.0
Uroderma bilobatum,1806452908,CO,766.0,1995,CC_BY_NC_4_0,772.0
Uroderma bilobatum,4979110577,CO,,2018,CC_BY_NC_4_0,252.5
Uroderma bilobatum,4979119854,CO,,2015,CC_BY_NC_4_0,179.0
Uroderma bilobatum,4979160794,CO,,2013,CC_BY_NC_4_0,143.0
Uroderma bilobatum,4979119878,CO,,2015,CC_BY_NC_4_0,198.5
Uroderma bilobatum,4979133108,CO,,2015,CC_BY_NC_4_0,349.0
Uroderma bilobatum,4979133217,CO,,2015,CC_BY_NC_4_0,753.5
Uroderma bilobatum,4979139132,CO,,2016,CC_BY_NC_4_0,96.0
Uroderma bilobatum,3008955315,CO,,2018,CC_BY_4_0,332.0
Uroderma bilobatum,3008956189,CO,,2004,CC_BY_4_0,460.0
Uroderma bilobatum,3008956259,CO,,2018,CC_BY_4_0,186.0
Uroderma bilobatum,665738067,EC,20.26,1983,CC0_1_0,196.0
Uroderma bilobatum,665925505,PE,,1985,CC0_1_0,1713.0
Uroderma bilobatum,665898418,EC,60.06,1971,CC0_1_0,269.0
Uroderma bilobatum,665862118,EC,7.06,1983,CC0_1_0,328.0
Uroderma bilobatum,665908394,PE,,2001,CC0_1_0,1121.0
Uroderma bilobatum,665751266,PE,,1980,CC0_1_0,1598.0
Uroderma bilobatum,1883747390,PE,,2013,CC0_1_0,1039.5
Uroderma bilobatum,1805743310,PE,,2007,CC0_1_0,1062.0
Uroderma bilobatum,665885727,PE,,1980,CC0_1_0,119.5
Uroderma bilobatum,665735201,PE,,1983,CC0_1_0,214.0
Uroderma bilobatum,665896719,BR,,1976,CC0_1_0,20.0
Uroderma bilobatum,665898564,EC,6.13,1983,CC0_1_0,291.0
Uroderma bilobatum,665733443,PE,,1985,CC0_1_0,603.5
Uroderma bilobatum,665754854,PE,,1985,CC0_1_0,900.0
Uroderma bilobatum,1805743145,PE,,2007,CC0_1_0,815.5
Uroderma bilobatum,665732619,PE,63.23,1980,CC0_1_0,125.5
Uroderma bilobatum,3710473951,CO,,2019,CC_BY_NC_4_0,268.0
Uroderma bilobatum,3346894502,GY,,1994,CC_BY_4_0,144.0
Uroderma bilobatum,3349993677,GY,,2001,CC_BY_4_0,113.5
Uroderma bilobatum,3346827518,GY,,2007,CC_BY_4_0,177.5
Uroderma bilobatum,3346874481,GY,,1999,CC_BY_4_0,127.5
Uroderma bilobatum,3349993678,SR,,2005,CC_BY_4_0,224.0
Uroderma bilobatum,3349697257,SR,,2006,CC_BY_4_0,58.0
Uroderma bilobatum,3346831724,GY,,1996,CC_BY_4_0,250.0
Uroderma bilobatum,3346846317,EC,,1995,CC_BY_4_0,235.5
Uroderma bilobatum,3346831370,GY,,1999,CC_BY_4_0,82.0
Uroderma bilobatum,3346883335,EC,,1996,CC_BY_4_0,305.0
Uroderma bilobatum,3350007674,GY,,2005,CC_BY_4_0,451.0
Uroderma bilobatum,3350060368,GY,,1997,CC_BY_4_0,567.0
Uroderma bilobatum,3346827568,GY,,2001,CC_BY_4_0,21.5
Uroderma bilobatum,3349663336,SR,,2006,CC_BY_4_0,293.5
Uroderma bilobatum,3346883671,GY,,2002,CC_BY_4_0,707.0
Uroderma bilobatum,3346820769,GY,,1997,CC_BY_4_0,443.0
Uroderma bilobatum,3350140663,EC,,1996,CC_BY_4_0,241.0
Uroderma bilobatum,865749308,PE,1000.0,1980,CC_BY_4_0,104.5
Uroderma bilobatum,865749311,PE,1000.0,1980,CC_BY_4_0,102.5
Uroderma bilobatum,865749326,PE,1000.0,1980,CC_BY_4_0,113.5
Uroderma bilobatum,6120814547,BR,,1986,CC_BY_4_0,125.0
Uroderma bilobatum,4026663122,CO,,2015,CC_BY_NC_4_0,541.5
Uroderma bilobatum,4026658754,CO,,2017,CC_BY_NC_4_0,77.5
Uroderma bilobatum,4026677261,CO,,2021,CC_BY_NC_4_0,592.5
Uroderma bilobatum,4026685690,CO,,2020,CC_BY_NC_4_0,178.0
Uroderma bilobatum,4026685716,CO,,2021,CC_BY_NC_4_0,147.0
Uroderma bilobatum,4026678189,CO,,2017,CC_BY_NC_4_0,109.5
Uroderma bilobatum,3356352475,BR,5500.0,1993,CC0_1_0,443.0
Uroderma bilobatum,1676065459,CO,,2016,CC0_1_0,157.5
Uroderma bilobatum,1676065578,CO,,2016,CC0_1_0,155.5
Uroderma bilobatum,5886788328,BR,,2004,CC_BY_NC_4_0,121.0
Uroderma bilobatum,919426300,TT,1609.0,1977,CC0_1_0,440.5
Uroderma bilobatum,919448894,TT,70505.0,1977,CC0_1_0,53.5
Uroderma bilobatum,919433684,BO,7573.0,1979,CC0_1_0,158.0
Uroderma bilobatum,919442382,BO,13041.0,1979,CC0_1_0,529.5
Uroderma bilobatum,919450536,BO,7567.0,1978,CC0_1_0,1198.5
Uroderma bilobatum,5099439739,BO,3592.0,1986,CC0_1_0,125.0
Uroderma bilobatum,5099593828,BO,1000.0,1986,CC0_1_0,135.5
Uroderma bilobatum,5099443516,BO,,1985,CC0_1_0,188.0
Uroderma bilobatum,5099442212,BO,3554.0,1988,CC0_1_0,398.5
Uroderma bilobatum,5099591755,BO,1000.0,1985,CC0_1_0,236.0
Uroderma bilobatum,5099441305,BO,3036.0,1984,CC0_1_0,315.5
Uroderma bilobatum,5099443224,BO,3553.0,1988,CC0_1_0,370.0
Uroderma bilobatum,5099620998,BO,,1993,CC0_1_0,241.0
Uroderma bilobatum,5099450672,BO,1043.0,1991,CC0_1_0,741.5
Uroderma bilobatum,5099594772,BO,1000.0,1985,CC0_1_0,171.0
Uroderma bilobatum,5099619303,BO,,1991,CC0_1_0,308.5
Uroderma bilobatum,5099587803,BO,1000.0,1985,CC0_1_0,186.5
Uroderma bilobatum,5099618733,BO,1000.0,1986,CC0_1_0,285.0
Uroderma bilobatum,5099454333,BO,1043.0,1993,CC0_1_0,450.5
Uroderma bilobatum,5099481971,BO,,2000,CC0_1_0,247.0
Uroderma bilobatum,5099621178,BO,,1994,CC0_1_0,355.5
Uroderma bilobatum,5099441728,BO,14581.0,1986,CC0_1_0,235.0
Uroderma bilobatum,5099442522,BO,21366.0,1985,CC0_1_0,263.0
Uroderma bilobatum,5099593596,BO,1000.0,1984,CC0_1_0,233.0
Uroderma bilobatum,5099590813,BO,1000.0,1986,CC0_1_0,127.0
Uroderma bilobatum,5099440685,BO,3586.0,1986,CC0_1_0,231.0
Uroderma bilobatum,4412289378,CO,,2023,CC_BY_NC_4_0,176.0
Uroderma bilobatum,4412289383,CO,,2023,CC_BY_NC_4_0,196.0
Uroderma bilobatum,3962334090,EC,,2021,CC_BY_NC_4_0,242.5
Uroderma bilobatum,675836862,PE,,1972,CC0_1_0,84.0
Uroderma bilobatum,675876846,VE,,1979,CC0_1_0,25.0
Uroderma bilobatum,675740035,PE,,1983,CC0_1_0,565.5
Uroderma bilobatum,675936923,PE,,1983,CC0_1_0,730.5
Uroderma bilobatum,675929126,TT,,1983,CC0_1_0,317.5
Uroderma bilobatum,675834788,PE,,1972,CC0_1_0,98.0
Uroderma bilobatum,675882510,VE,,1980,CC0_1_0,1478.5
Uroderma bilobatum,675739312,PE,,1983,CC0_1_0,830.0
Uroderma bilobatum,675876856,VE,,1979,CC0_1_0,81.0
Uroderma bilobatum,85190318,BO,,1986,CC_BY_NC_4_0,184.0
Uroderma bilobatum,85190333,BO,,1986,CC_BY_NC_4_0,239.0
Uroderma bilobatum,1122694556,VE,,1974,CC_BY_NC_4_0,131.0
Uroderma bilobatum,1122701748,VE,,1974,CC_BY_NC_4_0,229.5
Uroderma bilobatum,2650654668,CO,,2006,CC_BY_NC_4_0,352.0
Uroderma bilobatum,859517427,BO,,1992,CC0_1_0,183.0
Uroderma bilobatum,859372739,BO,,1984,CC0_1_0,159.0
Uroderma bilobatum,859517958,BO,,1991,CC0_1_0,349.5
Uroderma bilobatum,859517582,BO,,1985,CC0_1_0,174.0
Uroderma bilobatum,859517622,BO,,1983,CC0_1_0,174.5
Uroderma bilobatum,859517417,BO,,1991,CC0_1_0,334.0
Uroderma bilobatum,859517740,BO,,1983,CC0_1_0,153.0
Uroderma bilobatum,859517592,PE,,1970,CC0_1_0,1505.5
Uroderma bilobatum,859517730,BO,,1985,CC0_1_0,391.5
Uroderma bilobatum,859517412,BO,,1985,CC0_1_0,287.5
Uroderma bilobatum,859517674,BO,,1984,CC0_1_0,256.0
Uroderma bilobatum,859517684,BO,,1994,CC0_1_0,206.5
Uroderma bilobatum,859517735,PE,,1970,CC0_1_0,1626.5
Uroderma bilobatum,859458062,BO,,1986,CC0_1_0,196.0
Uroderma bilobatum,859517560,BO,,1986,CC0_1_0,172.0
Uroderma bilobatum,859517689,BO,,1985,CC0_1_0,296.0
Uroderma bilobatum,859517725,BO,,1991,CC0_1_0,271.5
Uroderma bilobatum,859410417,BO,,1986,CC0_1_0,124.5
Uroderma bilobatum,859517555,BO,,1985,CC0_1_0,186.5
Uroderma bilobatum,859517584,BO,,1984,CC0_1_0,228.5
Uroderma bilobatum,859517760,BO,,1984,CC0_1_0,281.0
Uroderma bilobatum,2985623676,CO,,2017,CC_BY_NC_4_0,193.0
Uroderma bilobatum,5146973574,VE,11096.0,1984,CC0_1_0,317.5
Uroderma bilobatum,5147078242,PE,850.0,1984,CC0_1_0,650.5
Uroderma bilobatum,5147075246,PE,1097.0,1984,CC0_1_0,410.5
Uroderma bilobatum,1211813487,GY,,1973,CC_BY_4_0,46.0
Uroderma bilobatum,1323929766,GY,,2014,CC_BY_4_0,90.0
Uroderma bilobatum,1211795391,GY,,1970,CC_BY_4_0,113.0
Uroderma bilobatum,1211802590,GY,,1990,CC_BY_4_0,126.5
Uroderma bilobatum,1211806126,CO,,1975,CC_BY_4_0,474.5
Uroderma bilobatum,1211806330,CO,,1972,CC_BY_4_0,79.0
Uroderma bilobatum,1211812521,GY,,1974,CC_BY_4_0,30.0
Uroderma bilobatum,1323930317,SR,,2012,CC_BY_4_0,287.5
Uroderma bilobatum,1837224089,PE,,2014,CC_BY_4_0,235.0
Uroderma bilobatum,1211806791,BR,,1972,CC_BY_4_0,99.0
Uroderma bilobatum,1837224882,SR,,2016,CC_BY_4_0,399.5
Uroderma bilobatum,1211787239,EC,,1996,CC_BY_4_0,272.0
Uroderma bilobatum,1211811711,GY,,1970,CC_BY_4_0,46.5
Uroderma bilobatum,1211813280,GY,,1973,CC_BY_4_0,42.0
Uroderma bilobatum,1211815014,GY,,1972,CC_BY_4_0,2.5
Uroderma bilobatum,1323925758,GY,,2008,CC_BY_4_0,88.5
Uroderma bilobatum,1211812690,GY,,1973,CC_BY_4_0,84.5
Uroderma bilobatum,1323929570,GY,,2013,CC_BY_4_0,262.5
Uroderma bilobatum,1323930135,SR,,2010,CC_BY_4_0,238.0
Uroderma bilobatum,1837223957,GY,,2014,CC_BY_4_0,60.0
Uroderma bilobatum,1211810840,GY,,1992,CC_BY_4_0,3.0
Uroderma bilobatum,1211811217,GY,,1971,CC_BY_4_0,86.5
Uroderma bilobatum,1211811710,GY,,1970,CC_BY_4_0,74.5
Uroderma bilobatum,1211814790,GY,,1972,CC_BY_4_0,0.0
Uroderma bilobatum,1211815670,GY,,1992,CC_BY_4_0,130.0
Uroderma bilobatum,1211816106,GY,,1991,CC_BY_4_0,18.0
Uroderma bilobatum,1211816125,GY,,1991,CC_BY_4_0,27.5
Uroderma bilobatum,1211816256,GY,,1991,CC_BY_4_0,4.0
Uroderma bilobatum,1323925460,SR,,2009,CC_BY_4_0,240.0
Uroderma bilobatum,1323928815,PE,,2012,CC_BY_4_0,122.0
Uroderma bilobatum,1323930256,SR,,2011,CC_BY_4_0,69.0
Uroderma bilobatum,1837224569,SR,,2017,CC_BY_4_0,55.0
Uroderma bilobatum,5147428871,PE,429.0,1979,CC0_1_0,185.0
Uroderma bilobatum,5146967300,PE,5796.0,1973,CC0_1_0,146.5
Uroderma bilobatum,5147313242,PE,1461.0,1984,CC0_1_0,498.5
Uroderma bilobatum,5147327569,VE,203600.0,1984,CC0_1_0,163.5
Uroderma bilobatum,5146971697,PE,411.0,1977,CC0_1_0,254.0
Uroderma bilobatum,686462637,GF,1.5,1977,CC_BY_4_0,233.0
Uroderma bilobatum,686485268,PE,2.5,1993,CC_BY_4_0,115.0
Uroderma bilobatum,686466873,EC,4.95,1971,CC_BY_4_0,320.5
Uroderma bilobatum,686467403,PE,5.15,1980,CC_BY_4_0,94.5
Uroderma bilobatum,686471403,PE,15.37,1990,CC_BY_4_0,186.5
Uroderma bilobatum,686482383,GY,5.0,1997,CC_BY_4_0,97.0
Uroderma bilobatum,686482384,GY,5.0,1997,CC_BY_4_0,81.0
Uroderma magnirostrum,1987254869,BO,14405.0,1979,CC_BY_NC_4_0,172.0
Uroderma magnirostrum,1656007232,CO,749.0,1992,CC_BY_NC_4_0,35.5
Uroderma magnirostrum,1319938670,BO,,1992,CC0_1_0,162.0
Uroderma magnirostrum,1320040581,EC,,1990,CC0_1_0,258.0
Uroderma magnirostrum,1319518707,BO,,2000,CC0_1_0,180.5
Uroderma magnirostrum,1321008737,PE,,1992,CC0_1_0,236.5
Uroderma magnirostrum,2824258521,BR,,2016,CC_BY_NC_4_0,66.5
Uroderma magnirostrum,2824258597,BR,,2017,CC_BY_NC_4_0,77.5
Uroderma magnirostrum,45914772,PE,,1971,CC0_1_0,160.0
Uroderma magnirostrum,45915066,PE,,1984,CC0_1_0,144.0
Uroderma magnirostrum,45915047,BO,,1982,CC0_1_0,149.5
Uroderma magnirostrum,45915049,BO,,1981,CC0_1_0,241.0
Uroderma magnirostrum,45915050,BO,,1981,CC0_1_0,133.0
Uroderma magnirostrum,1314934507,CO,2061.0,1983,CC_BY_NC_4_0,182.5
Uroderma magnirostrum,1314934512,CO,1106.0,1979,CC_BY_NC_4_0,340.0
Uroderma magnirostrum,1806451813,CO,,1992,CC_BY_NC_4_0,176.0
Uroderma magnirostrum,1314934541,CO,750.0,1984,CC_BY_NC_4_0,187.0
Uroderma magnirostrum,1806450674,CO,3656.0,1988,CC_BY_NC_4_0,458.0
Uroderma magnirostrum,1806451768,CO,1000.0,1993,CC_BY_NC_4_0,996.5
Uroderma magnirostrum,1314934535,CO,1587.0,1983,CC_BY_NC_4_0,240.0
Uroderma magnirostrum,1314934536,CO,1626.0,1985,CC_BY_NC_4_0,590.0
Uroderma magnirostrum,1806449272,CO,248.0,1988,CC_BY_NC_4_0,996.0
Uroderma magnirostrum,1806451115,CO,3410.0,1992,CC_BY_NC_4_0,484.5
Uroderma magnirostrum,1806452638,CO,18682.0,1993,CC_BY_NC_4_0,755.5
Uroderma magnirostrum,1806453040,CO,1001.6,1995,CC_BY_NC_4_0,82.0
Uroderma magnirostrum,1806453497,CO,576.0,1996,CC_BY_NC_4_0,264.0
Uroderma magnirostrum,4979115138,CO,,2016,CC_BY_NC_4_0,946.0
Uroderma magnirostrum,4979119889,CO,,2015,CC_BY_NC_4_0,197.0
Uroderma magnirostrum,4979152938,CO,,1980,CC_BY_NC_4_0,31.0
Uroderma magnirostrum,4979152946,CO,,1979,CC_BY_NC_4_0,6.0
Uroderma magnirostrum,4979156979,CO,,2011,CC_BY_NC_4_0,4.5
Uroderma magnirostrum,3008955547,CO,,2018,CC_BY_4_0,322.0
Uroderma magnirostrum,3008955706,CO,,2015,CC_BY_4_0,302.5
Uroderma magnirostrum,665737157,PE,,2001,CC0_1_0,472.5
Uroderma magnirostrum,665878175,PE,,1999,CC0_1_0,410.5
Uroderma magnirostrum,3710474573,CO,,2018,CC_BY_NC_4_0,114.0
Uroderma magnirostrum,3710473543,CO,,2021,CC_BY_NC_4_0,122.5
Uroderma magnirostrum,3710473952,CO,,2019,CC_BY_NC_4_0,268.0
Uroderma magnirostrum,3710474567,CO,,2018,CC_BY_NC_4_0,115.5
Uroderma magnirostrum,3821076459,CO,,2022,CC_BY_NC_4_0,196.0
Uroderma magnirostrum,1417807069,MX,,1980,CC_BY_4_0,17.5
Uroderma magnirostrum,3346883623,GY,,2007,CC_BY_4_0,177.5
Uroderma magnirostrum,6190212148,BO,,2001,CC_BY_4_0,224.5
Uroderma magnirostrum,865749288,CO,1000.0,1970,CC_BY_4_0,22.0
Uroderma magnirostrum,865749312,PE,1000.0,1982,CC_BY_4_0,233.5
Uroderma magnirostrum,865749305,BO,10000.0,1993,CC_BY_4_0,315.0
Uroderma magnirostrum,6120819386,BR,,1986,CC_BY_4_0,125.0
Uroderma magnirostrum,1274799560,CO,,2009,CC_BY_NC_4_0,35.0
Uroderma magnirostrum,4026687412,CO,,2022,CC_BY_NC_4_0,81.0
Uroderma magnirostrum,4026685693,CO,,2020,CC_BY_NC_4_0,178.0
Uroderma magnirostrum,1676065435,CO,,2016,CC0_1_0,556.5
Uroderma magnirostrum,5886787290,BR,,2010,CC_BY_NC_4_0,97.0
Uroderma magnirostrum,5886787291,BR,,2007,CC_BY_NC_4_0,15.5
Uroderma magnirostrum,5886787292,BR,,2007,CC_BY_NC_4_0,4.0
Uroderma magnirostrum,5886787297,BR,,2008,CC_BY_NC_4_0,104.5
Uroderma magnirostrum,1323972960,BR,,1998,CC_BY_4_0,673.5
Uroderma magnirostrum,5099443461,BO,21366.0,1985,CC0_1_0,263.0
Uroderma magnirostrum,5099439465,BO,51891.0,1985,CC0_1_0,245.0
Uroderma magnirostrum,5099617752,BO,1000.0,1986,CC0_1_0,162.5
Uroderma magnirostrum,5099444221,BO,3553.0,1988,CC0_1_0,370.0
Uroderma magnirostrum,5099594563,BO,1000.0,1984,CC0_1_0,233.0
Uroderma magnirostrum,5099594790,BO,1000.0,1985,CC0_1_0,186.5
Uroderma magnirostrum,5099660366,PA,500.0,2012,CC0_1_0,19.5
Uroderma magnirostrum,5099439693,BO,3590.0,1986,CC0_1_0,216.5
Uroderma magnirostrum,5099440459,BO,7557.0,1985,CC0_1_0,307.0
Uroderma magnirostrum,5099443517,BO,14581.0,1985,CC0_1_0,235.0
Uroderma magnirostrum,5099443690,BO,3591.0,1986,CC0_1_0,139.0
Uroderma magnirostrum,4412289347,CO,,2023,CC_BY_NC_4_0,170.5
Uroderma magnirostrum,4983335309,EC,,2023,CC_BY_4_0,222.5
Uroderma magnirostrum,675834920,VE,,1974,CC0_1_0,97.5
Uroderma magnirostrum,675911136,HN,,1983,CC0_1_0,0.0
Uroderma magnirostrum,675834906,VE,,1973,CC0_1_0,47.0
Uroderma magnirostrum,85190312,BO,,1983,CC_BY_NC_4_0,177.0
Uroderma magnirostrum,85190248,VE,,1976,CC_BY_NC_4_0,71.0
Uroderma magnirostrum,85190329,BO,,1986,CC_BY_NC_4_0,182.5
Uroderma magnirostrum,85190332,BO,,1986,CC_BY_NC_4_0,837.5
Uroderma magnirostrum,1122697464,VE,,1981,CC_BY_NC_4_0,102.0
Uroderma magnirostrum,4169177217,MX,,1986,CC_BY_4_0,9.0
Uroderma magnirostrum,4169263143,MX,100.0,1973,CC_BY_4_0,36.0
Uroderma magnirostrum,1661822359,CO,,2015,CC_BY_NC_4_0,42.0
Uroderma magnirostrum,1661822383,CO,,2016,CC_BY_NC_4_0,84.5
Uroderma magnirostrum,2650654810,CO,,2006,CC_BY_NC_4_0,352.0
Uroderma magnirostrum,2650655388,CO,516.0,2010,CC_BY_NC_4_0,29.0
Uroderma magnirostrum,2650655413,CO,1130.0,2004,CC_BY_NC_4_0,505.5
Uroderma magnirostrum,2650656059,CO,,2011,CC_BY_NC_4_0,62.0
Uroderma magnirostrum,2650656215,CO,,2011,CC_BY_NC_4_0,68.5
Uroderma magnirostrum,1898049111,MX,,2008,CC_BY_4_0,274.0
Uroderma magnirostrum,1898049141,MX,,2013,CC_BY_4_0,485.0
Uroderma magnirostrum,859427019,BO,,1986,CC0_1_0,141.5
Uroderma magnirostrum,859491091,BO,,1985,CC0_1_0,174.0
Uroderma magnirostrum,859462792,BO,,1984,CC0_1_0,263.0
Uroderma magnirostrum,859471202,BO,,1993,CC0_1_0,455.5
Uroderma magnirostrum,859441243,BO,,1986,CC0_1_0,172.0
Uroderma magnirostrum,859473097,BO,,1986,CC0_1_0,176.0
Uroderma magnirostrum,859363340,BO,,1986,CC0_1_0,150.0
Uroderma magnirostrum,859397516,BO,,1985,CC0_1_0,186.5
Uroderma magnirostrum,859431497,BO,,1986,CC0_1_0,203.0
Uroderma magnirostrum,859494187,BO,,1987,CC0_1_0,232.5
Uroderma magnirostrum,859421972,BO,,1985,CC0_1_0,391.5
Uroderma magnirostrum,859407287,BO,,1986,CC0_1_0,196.0
Uroderma magnirostrum,859470857,BO,,1985,CC0_1_0,287.5
Uroderma magnirostrum,859422421,BO,,1983,CC0_1_0,153.0
Uroderma magnirostrum,859432515,BO,,1985,CC0_1_0,183.5
Uroderma magnirostrum,859481602,BO,,1984,CC0_1_0,174.0
Uroderma magnirostrum,859517840,BO,,1985,CC0_1_0,296.0
Uroderma magnirostrum,859403847,BO,,1984,CC0_1_0,256.0
Uroderma magnirostrum,859448447,BO,,1984,CC0_1_0,228.5
Uroderma magnirostrum,1894148203,MX,90.0,1976,CC_BY_4_0,55.0
Uroderma magnirostrum,1211810450,CO,,1970,CC_BY_4_0,803.5
Uroderma magnirostrum,1211792927,GY,,1974,CC_BY_4_0,177.0
Uroderma magnirostrum,1211806630,CO,,1974,CC_BY_4_0,317.0
Uroderma magnirostrum,1211806346,CO,,1972,CC_BY_4_0,79.0
