arbol,log_dist_media,log_dist_sd,elev_rango_robusto,D_log_niche_volume,D_log_dist_media,D_log_dist_sd,E_elev_sin_curvatura,log_niche_volume,dAIC_vol_cuad,dAIC_dmedia_cuad,dAIC_dsd_cuad,dAIC_elev_cuad_vs_lineal
1,-22.384802113707252,90.07294963064251,795.4534532293429,101.1007793270013,-20.435747202110093,91.95999834897944,804.2161635757576,NA,NA,1.949054911597159,1.8870487183369278,-8.762710346414678
2,-22.384803660764845,90.07294942099261,795.5549594129407,101.34864240993952,-20.435748673698896,91.95999830661182,804.2633748923733,101.32163519905973,0.027007210879787635,1.9490549870659493,1.8870488856192082,-8.708415479432688
3,-22.384802918293957,90.07295000855075,795.2846285712972,100.97238012087581,-20.435747942865277,91.95999880779308,804.0105095612889,100.95545376297412,0.01692635790169561,1.9490549754286803,1.8870487992423364,-8.725880989991765
4,-22.38480202239282,90.07294895817546,795.4859664234991,101.33138731937566,-20.435747098363777,91.95999767274236,804.2268521935308,101.2904049726668,0.040982346708858586,1.949054924029042,1.8870487145669017,-8.740885770031696
5,-22.384802948870714,90.07294953697411,795.3575041028486,101.0540654288605,-20.435747986744417,91.95999830842877,804.1012207846586,NA,NA,1.9490549621262971,1.8870487714546584,-8.743716681810042
6,-22.38480089808968,90.07295126236045,795.3298661700701,100.82755455033137,-20.43574595472984,91.95999995796257,804.0096262482422,100.93688839925699,-0.10933384892561548,1.9490549433598403,1.8870486956021182,-8.67976007817208
7,-22.384801761832364,90.07295076121017,795.5391031461875,101.34401465179562,-20.435746824341834,91.95999951378411,804.2737220164356,101.32791260641739,0.016102045378232788,1.94905493749053,1.8870487525739463,-8.734618870248141
8,-22.384802980104638,90.07295126038926,795.4829225050925,101.05924451192382,-20.43574806629752,91.95999999055962,804.1929220070421,101.13265382526387,-0.07340931334005063,1.9490549138071174,1.8870487301703633,-8.709999501949596
9,-22.38480382367851,90.07294954451271,795.3458373097147,100.96740023172634,-20.435748879738128,91.95999835152946,804.1545012106865,101.07336226422004,-0.10596203249369296,1.9490549439403821,1.887048807016754,-8.808663900971737
10,-22.38480270388135,90.07295086472402,795.4010613951654,101.42015510833443,-20.435747770678006,91.95999964041687,804.1076573533577,101.38859859281578,0.0315565155186448,1.9490549332033424,1.887048775692847,-8.706595958192338
11,-22.384800158880097,90.07295097919851,795.2689711134851,101.59280391494315,-20.435745235881967,91.95999969393907,804.046199479754,101.48750065970006,0.10530325524308637,1.9490549229981298,1.8870487147405584,-8.7772283662689
12,-22.384803139873924,90.07294890414047,795.0499949800324,100.80841415283317,-20.43574815798044,91.95999771992021,803.7951194116142,100.81745896379726,-0.009044810964098815,1.9490549818934824,1.8870488157797354,-8.745124431581871
13,-22.384804166831515,90.07295111835,795.5708693392112,101.50777113364111,-20.435749094146303,91.96000016230718,804.2773910263569,101.49655694614947,0.011214187491646044,1.949055072685212,1.8870490439571768,-8.70652168714571
14,-22.384802153999317,90.07295090712398,795.4264372739588,101.3488636302234,-20.43574725789307,91.95999961241347,804.09421466926506,101.3147871071557,0.034076523067710696,1.9490548961062473,1.8870487052894873,-8.667777395306302
15,-22.38480125313032,90.07295088220496,795.2705917168595,101.33457739967707,-20.43574624832422,91.95999978835471,804.0758379471667,101.35889194572124,-0.02431454604416672,1.9490550048060982,1.8870489061497437,-8.805246230307262
16,-22.384802708660317,90.07295040001546,795.5037747282508,101.65188992927017,-20.435747698030383,91.95999930783691,804.25332644363,101.59429284159316,0.057597087677009995,1.9490550106299338,1.8870489078214518,-8.749551715379198
17,-22.38480218757465,90.0729507648991,795.3974791641929,101.13206919340351,-20.435747251887193,91.95999954344595,804.204989045952,101.20478625720665,-0.07271706380313958,1.9490549356874567,1.8870487785468413,-8.807509881759074
18,-22.38480401239383,90.07295024464099,795.4778487303972,101.29847463414717,-20.435748974548574,91.95999923186304,804.1594799394227,101.29489045931624,0.0035841748309337618,1.9490550378452554,1.8870489872220446,-8.681631209025454
19,-22.38480407707962,90.07295036984598,795.5583343511977,101.44235881601682,-20.435749101841026,91.95999920980844,804.2578489933408,101.41663408848885,0.02572472752797239,1.949054975238596,1.8870488399624605,-8.699514642143072
20,-22.384801099524594,90.07295111917401,795.4824874547413,101.44095463468787,-20.435746241421185,91.95999973194992,804.2077567966229,101.3842129699643,0.05674166472357456,1.949054858103409,1.8870486127759136,-8.725269341881585
21,-22.384801113427955,90.07295174673362,795.2194964301791,101.17620252598331,-20.4357461365841,91.96000056305724,803.9345474959796,101.17955163930534,-0.0033491133220309166,1.949054976843854,1.8870488163236132,-8.71505106580048
22,-22.384803273605314,90.07295002835457,795.3810753171804,101.34112825975441,-20.435748289602543,91.95999889578923,804.1280792560551,101.2787906181413,0.06233764161311228,1.949054984002771,1.8870488674346575,-8.747003938874741
23,-22.384802199019077,90.0729499159657,795.3934191587365,101.18245631077659,-20.435747200363323,91.95999881748816,804.107055200706,101.18775750564853,-0.005301194871947246,1.949054998655754,1.887048901522462,-8.713636041969494
24,-22.38480226808889,90.07295005630834,795.4652524566882,101.87681070480829,-20.43574725893427,91.95999899083733,804.2191607844169,101.76330879944993,0.11350190535836191,1.9490550091546197,1.8870489345289911,-8.753908327728709
25,-22.384802266448332,90.07295097432399,795.2936296919302,101.04217183626565,-20.43574730759508,91.95999982178063,804.029558172331,101.06782560190459,-0.02565376563893551,1.949054958853253,1.88704884745664,-8.735928480400844
26,-22.384800900182285,90.07295136494977,795.3839440261252,101.28564373542775,-20.4357459659889,91.9600001514942,804.0508124547448,101.30944226979341,-0.023798534365653268,1.9490549341933843,1.887048786544426,-8.666868428619637
27,-22.384804026575466,90.07295174395773,795.2118256168203,100.78676735724352,-20.43574897341597,91.96000073608616,803.9084992087793,100.81847422311344,-0.03170686586992133,1.9490550531594977,1.8870489921284275,-8.696673591958984
28,-22.384804132276656,90.07294910295064,795.2908957528186,101.54074797740046,-20.435749091692344,91.95999804874594,804.090144274708,101.45467458090877,0.08607339649168466,1.9490550405843123,1.8870489457953,-8.799248521889353
29,-22.384804239931725,90.07294868664457,795.1972242920506,100.84267674562835,-20.435749269630094,91.9599974775308,803.9598549923865,100.83448888043591,0.008187865192439858,1.9490549703016313,1.8870487908862401,-8.762630700335876
30,-22.384802737193212,90.07294898994243,795.4036255935519,101.07363357501782,-20.435747748775015,91.95999779850743,804.1319994651145,101.09150537139277,-0.017871796374947735,1.9490549884181974,1.8870488085649981,-8.728373871562667
31,-22.384801203496636,90.07295121677271,795.3715205671258,101.24402118110606,-20.435746321247848,91.95999986602362,804.1261157976496,101.28798078592379,-0.043959604817729314,1.949054882248788,1.8870486492509144,-8.754595230523819
32,-22.384802018270676,90.0729504366233,795.3861065549513,101.260224111426,-20.435747104231524,91.95999913793437,804.0391619808913,101.23834217965108,0.02188193177491371,1.9490549140391522,1.8870487013110733,-8.65305542594001
33,-22.384802294344524,90.07295004296287,795.4571006640919,101.40405891690884,-20.435747314733135,91.9599989077899,804.1789778374568,101.37867286565213,0.025386051256703013,1.9490549796113896,1.8870488648270225,-8.721877173364987
34,-22.384803299348192,90.07294983700453,795.3537680187304,101.54706794584558,-20.43574831524964,91.9599986997666,804.1163143912395,101.50894852171567,0.03811942412991698,1.9490549840985523,1.8870488627620716,-8.762546372509064
35,-22.384802233977467,90.07295100263676,795.37788484508,101.1889415183258,-20.4357472563635,91.95999984832477,804.1242104206451,101.20767744057571,-0.018735922249902615,1.9490549776139687,1.887048845688014,-8.746325575565152
36,-22.384802999379758,90.07294992468474,795.3369325262631,101.20946366897999,-20.435747992730512,91.95999881652574,804.027002019406,101.28080967173045,-0.07134600275045955,1.949055006649246,1.8870488918410047,-8.690069493142914
37,-22.384802712182278,90.07295094926454,795.3662651485735,101.35167011906088,-20.43574773730208,91.95999979404914,804.0915171244706,101.36179965677914,-0.010129537718256643,1.9490549748801982,1.8870488447846014,-8.725251975897095
38,-22.38480286149371,90.07294933733664,795.5797938186647,101.35344163276832,-20.43574792927376,91.95999807914393,804.3225747707837,101.33824081297536,0.015200819792966058,1.9490549322199513,1.8870487418072912,-8.742780952119006
39,-22.384805883256433,90.07294652673932,795.2383052268689,100.84854252238043,-20.435750856407026,91.95999541828036,804.0124491798067,100.88381688276183,-0.03527436038140763,1.9490550268494076,1.887048891541042,-8.774143952937834
40,-22.38480448700895,90.07294857182708,795.30524744184,101.12645495597422,-20.43574941948495,91.9599975643724,804.071127054403,101.13648937347511,-0.010034417500889958,1.9490550675240002,1.887048992545317,-8.765879612562912
41,-22.384801970506004,90.07295064157236,795.424607958648,101.91123736477451,-20.435747022213917,91.95999949795342,804.1235633651199,101.72730406210937,0.18393330266513885,1.949054948292087,1.8870488563810568,-8.698955406471896
42,-22.384802401465464,90.0729486880816,795.4209745047305,101.22695717094857,-20.435747433376463,91.95999746421447,804.1658257583556,101.26759894904058,-0.04064177809200942,1.9490549680890012,1.8870487761328718,-8.744851253625143
43,-22.38480121386098,90.07295198692319,795.3846612030936,101.30535669903773,-20.43574625781534,91.9600007672934,804.0902017776986,101.29259530798424,0.012761391053487614,1.949054956045643,1.8870487803702076,-8.705540574604925
44,-22.38480369060366,90.07294877905488,795.5656761668756,101.24207638668145,-20.435748731372968,91.95999757902413,804.354634389427,101.26551884075116,-0.02344245406970913,1.9490549592306934,1.88704879996925,-8.7889582225514
45,-22.384801577170975,90.0729496183711,795.1942574687744,101.26182002199266,-20.43574663768638,91.95999833959243,803.9438282473476,101.17440466395888,0.08741535803378042,1.949054939484597,1.8870487212213334,-8.74957077857323
46,-22.384801930925704,90.07295122052997,795.5534086066724,101.80183675838273,-20.435746936299466,91.96000010677486,804.2814344304227,101.70460143556565,0.09723532281708458,1.9490549946262377,1.8870488862448838,-8.728025823750272
47,-22.384804625426767,90.07294986242087,795.445928236855,101.59196767969704,-20.435749533842824,91.95999897407088,804.1622938397463,101.51591888125503,0.07604879844200241,1.9490550915839435,1.8870491116500148,-8.716365602891301
48,-22.3848030400585,90.07295075184754,795.3588486910396,101.17355221758763,-20.435748038053816,91.95999965154937,804.0846147193694,101.23611334705618,-0.06256112946854842,1.949055002004684,1.8870488997018242,-8.725766028329758
49,-22.38480140277855,90.07295113181911,795.5887695167007,101.4532447502412,-20.43574650273976,91.95999981008308,804.3185127125178,101.46106652393485,-0.007821773693649448,1.9490549000387887,1.887048678263966,-8.729743195817036
50,-22.384802518913972,90.07294982787963,795.4616312352227,101.35495461013394,-20.435747520747242,91.95999870019355,804.2512676236047,101.36594702413618,-0.010992414002231499,1.94905499816673,1.887048872313926,-8.78963638838195
51,-22.384802032433925,90.07295058492747,795.4129641878524,101.31759673834648,-20.435747001846153,91.95999951720313,804.1572794721649,101.32621121279678,-0.008614474450297394,1.9490550305877719,1.8870489322756612,-8.744315284312506
52,-22.3848030537458,90.07294979231673,795.3611866962509,101.18542923795229,-20.435748032633256,91.95999870470413,804.0677902889114,101.1691670857544,0.016262152197896285,1.9490550211125424,1.8870489123873995,-8.706603592660485
53,-22.384802204936022,90.07295023245916,795.514607073423,101.48846224780027,-20.435747258379536,91.95999905142781,804.2521086029466,101.4553213941193,0.03314085368097608,1.9490549465564868,1.8870488189686512,-8.73750152952357
54,-22.38480172352601,90.07295048340379,795.4372027536901,101.06391499066098,-20.435746810198196,91.95999915826386,804.1472569349471,101.0976059963177,-0.03369100565672056,1.9490549133278137,1.8870486748600683,-8.710054181256965
55,-22.38480202892319,90.07295067775587,795.3242729516684,101.17028095565414,-20.435747047139756,91.9599995454005,804.0540087741741,101.17199768698333,-0.0017167313291963637,1.9490549817834335,1.887048867644637,-8.729735822505745
56,-22.384800600276577,90.07295147272859,795.3425244413218,101.24705969352385,-20.43574566448595,91.96000020243983,804.0641677968448,101.25602224690803,-0.008962553384179728,1.9490549357906275,1.887048729711239,-8.721643355523042
57,-22.38480201877053,90.07295096949645,795.2841455592142,100.7927160000138,-20.435747136305224,91.9599996204002,803.9699763854793,100.95066549702807,-0.15794949701427186,1.9490548824653047,1.8870486509037505,-8.685830826265146
58,-22.384804662928417,90.07295063496738,795.4153799145674,101.61092238250168,-20.435749538137287,91.95999979717786,804.1540523688442,101.5159552548277,0.09496712767398208,1.9490551247911299,1.8870491622104737,-8.738672454276752
59,-22.384802780404783,90.072949437687015,795.3486439329733,101.1884909724237,-20.43574781234227,91.95999819647002,804.0885799497804,101.17763277931971,0.010858193103985059,1.9490549680625122,1.8870487587830098,-8.739936016807064
60,-22.384801030527285,90.07295158935312,795.1247322967347,101.39803065798307,-20.43574608865248,91.96000037386875,803.8470571054133,101.36844824780718,0.029582410175891027,1.949054941874806,1.8870487845156276,-8.72232480867865
61,-22.3848029647215,90.0729495907805,795.2101654756618,101.26619798721549,-20.435747916405575,91.95999856586636,803.9238748010742,101.17930903274367,0.08688895447181721,1.9490550483159268,1.887048975085861,-8.713709325412424
62,-22.38480369997825,90.07294972885228,795.3510467349572,101.11492543697406,-20.435748693684104,91.95999863493836,804.0806442145013,101.13760615062648,-0.02268071365242008,1.9490550062941452,1.8870489060860791,-8.729597479544054
63,-22.384803154860805,90.07294887930098,795.538164956545,101.17814920560687,-20.43574822181435,91.95999762901627,804.2720620707416,NA,NA,1.9490549330464546,1.8870487497152908,-8.73389711419668
64,-22.384802020692348,90.07295155125684,795.4790112554062,101.2664020881717,-20.435747046399797,91.96000040891465,804.1490618906884,101.26953135802017,-0.0031292698484719494,1.949054974292551,1.8870488576578168,-8.67005063528211
65,-22.384802772775373,90.07294924209171,795.2937694653758,101.06796055045226,-20.43574776322552,91.95999810553613,804.1231532385914,NA,NA,1.949055009549852,1.88704886344442,-8.829383773215568
66,-22.38480359268783,90.07294965593138,795.1515459045153,100.89393270648898,-20.435748632043044,91.95999846083492,803.8812075993364,100.85683607401535,0.03709663247363437,1.9490549606447871,1.887048804903543,-8.729661694821175
67,-22.384801516798717,90.07295090616313,795.562004539004,101.53035026450115,-20.435746610680866,91.95999963516144,804.3023763685422,101.50801995630908,0.022330308192067605,1.9490549061178513,1.8870487289983089,-8.740371829538276
68,-22.38480192256108,90.07295129388754,795.1806535669915,101.2995234898691,-20.435747043001385,91.95999996511492,803.9150193361195,101.31261262630395,-0.013089136434842885,1.9490548795596965,1.887048671227376,-8.734365769127976
69,-22.384801801347322,90.07295093306763,795.3829430682796,101.16293853147562,-20.435746805202342,91.95999980568646,804.1435534924879,101.17207586345683,-0.009137331981207808,1.9490549961449801,1.8870488726188341,-8.760610424208267
70,-22.38480152279604,90.07295084563842,795.4230298089964,101.28102491741393,-20.43574659883072,91.9599995933219,804.1100885426488,101.26501187759825,0.016013039815675256,1.9490549239653205,1.8870487476834796,-8.687058733652407
71,-22.384801617106092,90.07295190205619,795.321769605642,101.12376605563918,-20.435746645981652,91.96000070532594,803.9729589567592,101.16038195414009,-0.03661589850091218,1.9490549711244398,1.8870488032697494,-8.651189351117182
72,-22.384800901016547,90.07294996707282,795.5647694181159,101.39037821775966,-20.435746018042153,91.95999860487456,804.3416747554887,101.36741342885003,0.022964788909632716,1.9490548829743943,1.8870486378017404,-8.776905337372796
73,-22.384803412409838,90.07295020765054,795.2238828104506,101.16686670420003,-20.435748353159283,91.95999917569446,803.9242774695272,101.18345633966882,-0.01658963546879022,1.9490550592505542,1.8870489680439277,-8.70039465907655
74,-22.384803401660577,90.07294993647338,795.3606046981706,101.12442001114172,-20.435748372627756,91.9599988186705,804.050197821766,101.12793737858155,-0.0035173674398265575,1.9490550290328201,1.8870488821971207,-8.689593123595387
75,-22.3848008014873,90.07295130654393,795.3320920540317,101.13049043469582,-20.435745907153375,91.95999997685783,804.05387250102,101.13597114567074,-0.005480710974921976,1.9490548943339263,1.8870486703139022,-8.721780446988305
76,-22.384805019111894,90.07294891651972,795.5581281893917,101.21942135043895,-20.435750012092313,91.95999784607702,804.2818410935455,101.22012860753841,-7.072570994637317e-4,1.949055007019581,1.8870489295572952,-8.723712904153786
77,-22.384803373715584,90.07294940567502,795.3946819209101,101.36667251945144,-20.4357483879472,91.9599982240048,804.1650837359359,101.34804545731922,0.018627062132225092,1.9490549857683845,1.887048818329788,-8.77040181502582
78,-22.38480412100006,90.07294932345297,795.4544732368067,101.28226869578381,-20.435749087490365,91.95999825802483,804.1852586218571,101.29430078937662,-0.012032093592807769,1.9490550335096941,1.887048934571851,-8.730785385050353
79,-22.38480330930696,90.07295013709557,795.3922782285251,101.11831617148249,-20.435748295764938,91.95999906234954,804.1137557571094,101.17830537146412,-0.059989199981629326,1.9490550135420222,1.8870489252539642,-8.721477528584273
80,-22.38479637747443,90.07295302523252,795.4963233406459,101.45817900255702,-20.43574167927065,91.96000136648072,804.1751352104944,101.46663876735633,-0.008459764799312097,1.9490546982037813,1.887048341248203,-8.678811869848573
81,-22.384801888766447,90.07294997240723,795.3140980814808,101.23127474732354,-20.435746921062503,91.95999877640787,804.0887755890067,101.24423079468181,-0.012956047358272826,1.949054967703944,1.8870488040006421,-8.774677507525894
82,-22.384801777272884,90.07295039282079,795.4471243358964,101.13989949369841,-20.435746813371708,91.95999921072328,804.1313118759891,101.16697010907276,-0.027070615374356066,1.949054963901176,1.887048817902496,-8.684187540092694
83,-22.384801231318363,90.07295100219136,795.3116379695193,101.11760460653656,-20.43574624667997,91.95999984569863,804.0807117214517,101.14688394851049,-0.02927934197393256,1.9490549846383942,1.887048843507273,-8.76907375193241
84,-22.384802857837627,90.07295101239569,795.4999519427079,101.56602059428462,-20.435747923129014,91.95999983640425,804.212967340676,101.5757457525225,-0.009725158237870346,1.949054934708613,1.8870488240085592,-8.713015397968093
85,-22.384802689724097,90.07294958955754,795.4552706450777,101.18096390136577,-20.43574777835363,91.95999828053999,804.1462093836424,101.13108792569645,0.049875975669323225,1.9490549113704674,1.8870486909824535,-8.690938738564682
86,-22.384802303385925,90.07294910289482,795.5571797763479,101.39469797466211,-20.435747370573893,91.95999782573608,804.3058419838866,101.40058530223635,-0.005887327574242818,1.9490549328120323,1.8870487228412571,-8.7486622075387
87,-22.38480307671682,90.07294968203155,795.2600896510326,101.37380583885482,-20.435748119176594,91.95999850253213,804.0533585579268,101.28974953368095,0.08405630517387408,1.949054957540227,1.8870488205005813,-8.793268906894241
88,-22.384802448175577,90.07294963376674,795.5738181850068,101.56870635312703,-20.43574754598663,91.95999830359429,804.2862910283015,101.5344159440991,0.0342904090279319,1.9490549021889478,1.88704866982755,-8.71247284329479
89,-22.38480335153264,90.07294966122396,795.4973947222863,101.38279919540409,-20.43574844259416,91.95999836443718,804.2413822493041,101.42289113891846,-0.04009194351436918,1.9490549089384785,1.8870487032132246,-8.743987527017794
90,-22.38480427230303,90.0729482688426,795.4969666912324,101.43282341305795,-20.43574930045463,91.95999714183824,804.3277398435629,101.4504897550184,-0.017666341960449472,1.9490549718483976,1.8870488729956492,-8.830773152330494
91,-22.38480144396121,90.0729509158422,795.5222559530964,101.53507836843113,-20.43574650697738,91.95999971471005,804.2795710416851,101.48816309943032,0.04691526900080589,1.9490549369838277,1.887048798867852,-8.757315088588712
92,-22.384802079438373,90.07295050868976,795.528000618548,101.5153673449536,-20.43574707723326,91.95999942259033,804.2838151777709,101.4648661266761,0.05050121827750331,1.9490550022051139,1.8870489139005713,-8.755814559222813
93,-22.384801050618137,90.07295199249216,795.1605612832873,101.28361425507609,-20.435746129935524,91.96000074597157,803.8743431684319,101.17888260749328,0.10473164758280973,1.949054920682613,1.8870487534794051,-8.713781885144613
94,-22.38480127826034,90.07295119633875,795.4470620368193,101.5381301599073,-20.43574631543487,91.96000005078588,804.1754209286944,NA,NA,1.9490549628254712,1.88704885444713,-8.728358891875132
95,-22.384801733157843,90.07294972050758,795.3064996231336,101.31371036733444,-20.435746795568065,91.95999843592605,804.0217660177973,101.31559785929949,-0.0018874919650500033,1.9490549375897785,1.887048715418473,-8.715266394663672
96,-22.384801680145358,90.072950574966,795.2802047947921,101.25326858355217,-20.435746747785743,91.95999931336127,803.9817557767456,101.20558205188425,0.04768653166792092,1.9490549323596156,1.887048738395265,-8.70155098195346
97,-22.384803535325375,90.07294917467902,795.381522027565,100.9676852980106,-20.43574854690121,91.95999800930099,804.1541358510519,101.0494895259169,-0.0818042279063036,1.949054988424166,1.8870488346219645,-8.77261382348695
98,-22.3848013247281,90.07295056110692,795.2073083938483,101.51763034806834,-20.435746435160837,91.95999922701722,803.9964529034755,101.41668201418148,0.10094833388686197,1.9490548895672646,1.8870486659102994,-8.78914450962725
99,-22.38480133749721,90.07295188851435,795.4571436873044,101.37537619281042,-20.435746402954067,91.96000066074964,804.1329737540176,101.34954501536012,0.025831177450299947,1.9490549345431418,1.887048772235289,-8.67583006671316
100,-22.384803877107856,90.0729485669026,795.5540043521836,101.46373503166697,-20.4357488634667,91.95999747010092,804.3178712735977,101.44776189114219,0.015973140524778273,1.949055013641157,1.8870489031983197,-8.763866921414092
101,-22.38480291896917,90.07295007905554,795.2069327953218,101.3229564136233,-20.435747912499153,91.95999897274487,803.9750014420024,NA,NA,1.9490550064700187,1.8870488936893253,-8.768068646680604
102,-22.3848030944352,90.0729502061713,795.3996618025899,101.37220909776792,-20.435748064375673,91.95999915427245,804.1721081245607,101.35775339927045,0.014455698497471303,1.949055030059526,1.8870489481011532,-8.772446321970847
103,-22.384802478067172,90.07294908009544,795.6702784245747,101.5553227870997,-20.435747576525046,91.95999775470631,804.3987554143629,101.49828106463676,0.057041722462940925,1.9490549015421266,1.8870486746108668,-8.728476989788192
104,-22.38480253604962,90.07295025201302,795.3658476957954,101.2919082710882,-20.435747575433822,91.95999906889597,804.1055602342159,101.2799464509551,0.011961820133109313,1.949054960615797,1.8870488168829525,-8.739712538420463
105,-22.384799204771866,90.072953156491,795.5120595626574,101.49805447865742,-20.435744314145722,91.96000182412433,804.2273662546787,101.49895216154255,-8.976828851245955e-4,1.9490548906261438,1.8870486676333371,-8.715306692021272
106,-22.384803490091514,90.07294999835077,795.4511980155218,101.3713634253103,-20.435748499057155,91.95999889233255,804.1431355745154,101.3397682875565,0.031595137753811287,1.9490549910343589,1.8870488939817847,-8.691937558993686
107,-22.384803308462864,90.07295022388976,795.5057783422653,101.13315717793367,-20.43574836829569,91.95999902554146,804.2106981925397,101.16099017449403,-0.0278329965603632,1.9490549401671728,1.8870488016517015,-8.704919850274337
108,-22.384805422560618,90.07294839735388,795.3054317486058,101.27853546235721,-20.435750366793485,91.95999738203992,803.9835549624611,101.19067614066537,0.08785932169183752,1.9490550557671327,1.8870489846860323,-8.678123213855315
109,-22.384802385772247,90.07295012397574,795.4717281506108,101.56422849779935,-20.435747411653807,91.95999894308895,804.2215864214334,101.52017987460798,0.04404862319137237,1.9490549741184395,1.887048819113204,-8.749858270822529
110,-22.384801912876384,90.0729501047571,795.3233534030765,101.05049696948416,-20.4357469528928,91.95999893273236,804.0698822967518,101.0531403513321,-0.0026433818479461024,1.9490549599835845,1.8870488279752635,-8.746528893675304
111,-22.3848014971274,90.07295367452639,795.1673998656737,101.3391709887994,-20.435746524150318,91.96000256724216,803.8536822852443,101.2606925316839,0.0784784571154944,1.9490549729770805,1.887048892715768,-8.686282419570603
112,-22.38480185579303,90.07295079687376,795.2993006772556,NA,-20.435746908745756,91.9599995303445,804.0444585194803,101.2291204459948,NA,1.949054947047273,1.887048733470749,-8.745157842224671
113,-22.38480081489857,90.07295196470531,795.5225006880459,101.34734200844477,-20.435745919100697,91.96000064189687,804.242979774999,101.3478553678431,-5.133593983259743e-4,1.9490548957978717,1.887048677191558,-8.720479086953105
114,-22.384801545230488,90.07295198346853,795.4220787860947,101.2128968257746,-20.435746615420697,91.96000075741497,804.1635978201282,101.19809083613609,0.014805989638517758,1.9490549298097903,1.8870487739464465,-8.741519034033445
115,-22.384804166411925,90.07295053163529,795.4250355523234,101.30243772331428,-20.43574911366011,91.95999954772782,804.1072665298816,101.32795015108056,-0.02551242776627305,1.9490550527518167,1.8870490160925328,-8.68223097755822
116,-22.384802032878383,90.07295089362816,795.4349201182724,101.25031770974437,-20.435747071714673,91.95999972534497,804.1152798368954,101.28903478050393,-0.0387170707595601,1.9490549611637107,1.887048831716811,-8.68035971862298
117,-22.384802415676205,90.07294993798442,795.4110775543321,101.22164521162844,-20.435747472426755,91.95999868639362,804.1938416006196,101.26748761595479,-0.04584240432635056,1.9490549432494504,1.8870487484091996,-8.782764046287525
118,-22.38480541061486,90.07294818837298,795.5064830993826,101.37933403791067,-20.43575037591566,91.95999714846053,804.2410749703054,101.3401215856498,0.03921245226086967,1.9490550346991995,1.8870489600875544,-8.734591870922713
119,-22.384802287569954,90.0729516304938,795.1431947604935,NA,-20.43574728480391,91.96000052442068,803.8609468089826,101.0910271305838,NA,1.9490550027660447,1.887048893926874,-8.7177520484890465
120,-22.38480104656341,90.07295142255217,795.3389608597132,101.32946713002556,-20.435746148011305,91.96000010110558,804.056627661223,101.33229384760688,-0.002826717581314142,1.949054898552106,1.8870486785534126,-8.717666801509836
121,-22.38480260614972,90.07295007156802,795.2624488236015,101.17846291178012,-20.435747621202722,91.95999890492766,803.9634380092107,101.19162326915387,-0.01316035737374932,1.9490549849469971,1.8870488333596427,-8.70098918560916
122,-22.38480323756312,90.07294878799712,795.4157343781106,101.32854550344365,-20.43574825826488,91.95999761214574,804.2007681546058,101.3515970807218,-0.02305157727815299,1.9490549792982392,1.8870488241486214,-8.785033776495197
123,-22.38480222408586,90.07295063282507,795.3425384368128,101.20356964802713,-20.435747281165817,91.9599994394492,804.0366841225289,101.1461171290303,0.057452518996825575,1.9490549429200428,1.8870488066241364,-8.69414568571608
124,-22.38480225127384,90.07295107804006,795.4960493553335,101.36432585603967,-20.43574730295748,91.95999988807554,804.2100140825211,101.35086855843153,0.013457297608141516,1.949054948316359,1.8870488100354805,-8.713964727187545
125,-22.384802217875546,90.07295071787033,795.4732109600873,101.22952639893961,-20.435747227703047,91.95999959761642,804.1780737126635,101.30811467996625,-0.07858828102664006,1.949054990172499,1.8870488797460894,-8.704862752576219
126,-22.38480279689469,90.07294947030238,795.4173677453023,101.06839776024103,-20.43574784881963,91.9599982321646,804.1263301789261,101.11891085890196,-0.05051309866092879,1.9490549480750587,1.8870487618622178,-8.70896243362381
127,-22.384801862290658,90.07295066277646,795.488432600784,101.61311373653697,-20.435746953291755,91.95999941478249,804.2852644342975,101.56037889994815,0.05273483658882583,1.949054908998903,1.8870487520060237,-8.796831833513465
128,-22.38479955680924,90.07295271495707,795.3899284533079,101.2943785808852,-20.435744673259194,91.96000136879007,804.0650882884729,101.32197622411343,-0.027597643228233437,1.9490548835500476,1.8870486538330056,-8.675159835165005
129,-22.384803460106838,90.07294972121841,795.5255122967533,101.30388153810793,-20.43574849091229,91.95999858660545,804.2625865408706,101.37267158141745,-0.06879004330951943,1.949054969194549,1.8870488653870439,-8.737074244117366
130,-22.384802311300263,90.0729488948239,795.4335387331103,101.69911733825501,-20.435747380029767,91.95999767819185,804.2336665599198,101.62408601212738,0.07503132612762897,1.9490549312704957,1.887048783367959,-8.800127826809558
131,-22.384802193720873,90.072950861508275,795.417973927482,101.43462612752083,-20.4357472062116,91.95999972784341,804.1530039767313,101.40694166285189,0.027684464668936926,1.949054987509271,1.8870488663351352,-8.735030049249303
132,-22.384801981918486,90.07294958900991,795.3471664390578,101.51026427539375,-20.435747042840774,91.95999832789971,804.0810336955984,101.43857348700092,0.07169078839282861,1.9490549390777119,1.8870487388898027,-8.733867256540634
133,-22.384803460059118,90.07295001349593,795.5030805794369,101.35436638362773,-20.435748483460316,91.95999884331411,804.236916149899,101.38583532481908,-0.03146894119134913,1.9490549765988021,1.887048829818184,-8.733835570462134
134,-22.384803777539133,90.07294952475709,795.4043815237972,101.21029015182552,-20.435748752450564,91.95999846187371,804.1135740907828,101.22768082172195,-0.01739066989642879,1.949055025088569,1.8870489371166173,-8.709192566985621
135,-22.384802555021054,90.07295078856248,795.5644229591359,101.51126706886652,-20.4357476217279,91.95999957803986,804.2461286479596,101.4368374253545,0.07442964351201908,1.949054933293155,1.887048789477376,-8.68170568882374
136,-22.384802665896643,90.07294984033865,795.4666792946248,101.3020176653036,-20.435747746630568,91.95999860104979,804.2232897590825,101.30120489247133,8.127728322619987e-4,1.949054919266075,1.8870487607111386,-8.756610464457708
137,-22.384801587986175,90.0729497488899,795.3431137052003,101.20935995318067,-20.435746661299135,91.95999845690707,804.072999546846,101.19067456304188,0.018685390138784896,1.9490549266870403,1.8870487080171756,-8.729885841645682
138,-22.384808546198173,90.07294805170014,795.361193954277,101.24978241740305,-20.43575332606966,91.95999736181719,804.0346519833296,101.20205077746374,0.04773163993931462,1.949055220128514,1.8870493101170496,-8.67345802905254
139,-22.38480245642404,90.07295034199831,795.1668789148116,100.92503484409136,-20.43574749177543,91.95999913976925,803.8553539941022,100.8981848817298,0.02684996236155257,1.9490549646486102,1.8870487977709445,-8.688475079290583
140,-22.384802293479765,90.07295037756194,795.2713534846937,101.16301870666211,-20.435747326220962,91.9599991749053,804.0041150334654,101.20401185915725,-0.040993152495133245,1.9490549672588031,1.8870487973433683,-8.732761548771691
141,-22.384800994491968,90.07295161040685,795.2110049290897,101.24955623128224,-20.435746049656473,91.96000042083534,803.9235690963801,101.21197894832002,0.03757728296221785,1.9490549448354955,1.887048810428496,-8.712564167290452
142,-22.38480453785624,90.07294953886478,795.4462267681774,101.50896579349055,-20.435749532531275,91.95999845440096,804.1819055440044,101.42872250990814,0.08024328358240496,1.949055005324965,1.8870489155361838,-8.735678775826955
143,-22.3848026021397,90.07294943587141,795.4300978824065,101.20946343260684,-20.435747689680852,91.95999815502057,804.2112784370189,101.24077106946706,-0.031307636860219645,1.9490549124588483,1.8870487191491634,-8.781180554612433
144,-22.38480164432741,90.07295066734252,795.4352515125754,101.29478735222267,-20.435746704754536,91.95999943047343,804.1865172219292,101.26394800845625,0.030839343766416505,1.949054939572875,1.887048763130906,-8.751265709353788
145,-22.38480080568644,90.07295081726824,795.5235207999267,101.48141362250644,-20.435745864662977,91.95999957052004,804.2848541293655,101.47458456177799,0.006829060728449576,1.949054941023462,1.887048753251804,-8.7613333294387985
146,-22.384802778341367,90.07295049105218,795.4515977283834,101.32382370743483,-20.435747788155965,91.95999931917854,804.1787707703586,101.35214869199649,-0.02832498456166377,1.9490549901854024,1.8870488281263533,-8.72717304197522
147,-22.384802203426688,90.07295112386012,795.151443470242,101.09227802261071,-20.435747224464166,91.95999995087644,803.8287621829819,101.10159811045719,-0.009320087846475644,1.949054978962522,1.887048827016315,-8.677318712739861
148,-22.38479921480092,90.07295258264907,795.5113591261901,101.380019629706,-20.435744380837093,91.96000114145352,804.1803348915497,101.36647402791147,0.013545601794533013,1.949054833963828,1.8870485588044517,-8.668975765359619
149,-22.384801182794433,90.07295080564978,795.5018942878527,101.29496848279828,-20.43574633282003,91.9599994341994,804.2480882495654,101.29061845924414,0.0043500235541387156,1.9490548499744023,1.8870486285496213,-8.74619396171272
150,-22.38480235121608,90.07295044927065,795.5326658252961,101.36868205829109,-20.435747382548755,91.95999929783846,804.225494392027,101.35527665155905,0.013405406732033498,1.9490549686673262,1.8870488485678152,-8.692828566730896
151,-22.384801661852038,90.0729515266045,795.3381064197624,101.44356865365987,-20.435746730574778,91.96000030685232,804.0389419733666,101.3693903021827,0.07417835147717255,1.94905493127726,1.8870487802478237,-8.700835553604179
152,-22.38480111217865,90.07295162969848,795.5544501593799,101.474612394698,-20.435746201679706,91.96000033078604,804.2949537971938,101.44998755336334,0.024624841334656367,1.949054910498944,1.887048701087565,-8.740503637813845
153,-22.384802326810103,90.07295091422301,795.5605771122631,101.68809195597481,-20.435747354313293,91.9599997819806,804.2880778656775,101.63468439851115,0.05340755746365744,1.9490549724968105,1.887048867757585,-8.727500753414347
154,-22.3848030556627,90.07294932982768,795.6311040731186,101.68374330768424,-20.43574808168728,91.95999817013461,804.438859633869,101.64447479854911,0.039268509135126806,1.9490549739754215,1.8870488403069317,-8.807755560750365
155,-22.384801159162578,90.07295091135109,795.4707528752907,101.3944545483944,-20.435746214359938,91.95999974770444,804.1426967281764,101.32884755520959,0.06560699318481511,1.94905494480264,1.8870488363533582,-8.671943852885647
156,-22.38480230780695,90.0729503696418,795.2233251325658,101.04193320352445,-20.43574733987228,91.95999916297805,803.9398039681059,101.07538675956022,-0.033453556035766496,1.9490549679346714,1.8870487933362483,-8.7164788355401015
157,-22.384801205206657,90.07295115075652,795.5073211382389,101.67431161124847,-20.435746264707973,91.95999995181216,804.2915129559688,101.64032372846535,0.033987882783122814,1.9490549404986837,1.8870488010556414,-8.784191817729834
158,-22.384803121813235,90.07294930528352,795.6024937919669,101.350164639209,-20.435748174419842,91.95999809202672,804.3325125445067,101.34872567414459,0.0014389650644091034,1.9490549473933925,1.8870487867432075,-8.730018752539763
159,-22.384803525515053,90.07294935495457,795.2723703494257,101.28347349339066,-20.43574847645732,91.95999832100716,803.9983399357186,101.2332891014949,0.05018439189575474,1.9490550490577334,1.887048966052589,-8.725969586292877
160,-22.38480256746601,90.0729504241259,795.5331655649568,101.47924354706248,-20.435747633563608,91.95999920133187,804.2328691041159,101.45316304663567,0.02608050042681498,1.9490549339024028,1.8870487772059619,-8.699703539159145
161,-22.38480442616256,90.07295024684814,795.5751095976469,101.47089114885796,-20.43574939541199,91.95999926570849,804.3207838076387,101.524846872459,-0.05395572360103529,1.9490550307505714,1.8870490188603526,-8.745674209991762
162,-22.38480278036343,90.07295072407402,795.1422487564017,101.10147020657635,-20.43574779411449,91.95999957423544,803.8593714049232,101.05101116238671,0.05045904418963687,1.9490549862489388,1.8870488501614204,-8.717122648521467
163,-22.384801217068343,90.07295185130323,795.575407527502,101.4445108005701,-20.435746356782374,91.96000054334792,804.2914708481369,NA,NA,1.949054860285969,1.8870486920446865,-8.71606332063493
164,-22.384801070650468,90.07295069148145,795.2761737763386,100.94055981812429,-20.43574612944039,91.9599994167236,803.9678758968416,100.9894119039885,-0.04885208586421186,1.949054941210079,1.8870487252421526,-8.69170212050301
165,-22.384801552181017,90.07295122945717,795.4429409381082,101.4676812630608,-20.43574656649062,91.9600001068575,804.1186382903683,101.44573104670977,0.021950216351029894,1.9490549856903954,1.887048877400332,-8.675697352260045
166,-22.38480132589831,90.07295053944495,795.3948958815905,101.44354511615015,-20.435746388349173,91.95999928947123,804.1775378519451,101.45554814934749,-0.012003033197345303,1.9490549375491355,1.8870487500262811,-8.782641970354575
167,-22.3848037272586,90.07294871521873,795.2345505638912,100.85791155944446,-20.435748646475304,91.95999769813216,803.9788878037957,100.9110779743171,-0.05316641487263496,1.949055080783296,1.8870489829134272,-8.744337239904553
168,-22.384800855804514,90.07295210153634,795.4526635088794,101.50267860723756,-20.43574596127874,91.96000086533198,804.1636115334727,101.44615305788471,0.05652554935284115,1.9490548945257729,1.887048763795633,-8.710948024593336
169,-22.384800527988006,90.07295136651553,795.6351148586738,101.47643391199574,-20.435745692419374,91.95999992229505,804.401523474965,NA,NA,1.9490548355686315,1.8870485557795291,-8.766408616291187
170,-22.38480193281157,90.07295051242312,795.1218407424908,101.08754797705228,-20.43574697213154,91.95999927472383,803.8653249582401,101.08813029517194,-5.823181196547011e-4,1.94905496068003,1.887048762300708,-8.743484215749277
171,-22.384802938595016,90.07295058942978,795.48194325505,100.99808253597385,-20.435747969784217,91.95999945070938,804.1756219705235,101.06370969972556,-0.06562716375171362,1.949054968810799,1.8870488612795953,-8.693678715473425
172,-22.38480217776194,90.07295126160741,795.2542861907289,101.1306675892593,-20.435747158475834,91.9600001493229,803.9595092319469,101.1555637816798,-0.02489619242049912,1.9490550192861065,1.8870488877154799,-8.705223041218005
173,-22.384801424003285,90.07295059665205,795.1640020599286,101.25626697071726,-20.4357464657582,91.95999938500267,803.9224441015874,101.21971352013088,0.03655345058638204,1.9490549582450853,1.8870487883506257,-8.758442041658782
174,-22.38480289937553,90.07294988649721,795.4448296073647,101.17104723772073,-20.43574787968646,91.9599987812523,804.1189223957324,101.14662913532501,0.02441810239571396,1.9490550196890695,1.8870488947550825,-8.674092788367716
175,-22.384802274331065,90.07295095079078,795.498448273391,101.5166570798174,-20.435747336456444,91.9599997221458,804.2427106452833,101.48254808530984,0.03410899450756233,1.949054937874621,1.887048771355012,-8.744262371892319
176,-22.384802481706288,90.07294940342183,795.3111346503517,101.22766659647701,-20.435747494221744,91.95999820192787,804.0297729705851,101.20167925280973,0.025987343667281948,1.9490549874845442,1.8870487985060436,-8.718638320233367
177,-22.384805030783582,90.0729504195507,795.6484077052505,101.43547300472719,-20.43574996044447,91.959999480753993,804.3058349450221,101.46133834650033,-0.025865341773140926,1.9490550703391136,1.8870490612032995,-8.65742723977155
178,-22.38479857242436,90.07295143249019,795.5626202395902,101.53650916643366,-20.435743716553986,91.96000005734038,804.2688215105293,101.55136598232599,-0.014856815892329678,1.9490548558703722,1.8870486248501948,-8.706201270939118
179,-22.384803562845633,90.07294955344761,795.4764486317756,101.22854303822186,-20.435748528698838,91.95999851321679,804.2218339533856,101.26438473062433,-0.035841692402470926,1.9490550341467952,1.8870489597691744,-8.745385321610001
180,-22.38480225250467,90.0729508124256,795.3386934635263,101.39134029440515,-20.435747253481992,91.95999968587611,804.113833570254,101.43774837199504,-0.04640807758988785,1.9490549990226782,1.8870488734505102,-8.77514010672769
181,-22.3848010797106,90.0729505962268,795.2472220089235,101.18341040903636,-20.43574617973468,91.95999927033296,803.965367518035,101.10607194275477,0.07733846628158858,1.9490548999759199,1.887048674106154,-8.718145509111537
182,-22.384801839929793,90.07294954938126,795.411426147758,101.31668482967933,-20.435746843824262,91.95999839323892,804.1247424746259,101.27701936453406,0.03966546514527636,1.9490549961055308,1.8870488438576558,-8.713316326867925
183,-22.384802118430883,90.07295093718747,795.3346645288206,101.2076187382525,-20.43574709576464,91.95999987215188,804.0191369910722,101.16560707414055,0.04201166411195345,1.9490550226662435,1.8870489349644117,-8.68447246225162
184,-22.384801354811344,90.07295130336158,795.3507982733576,101.1331332710435,-20.435746447435434,91.95999999544037,804.0441943607209,101.15314504006821,-0.020011769024705472,1.9490549073759098,1.8870486920787926,-8.69339608736334
185,-22.384802797599292,90.07294992894779,795.3235531040509,101.09597495940844,-20.435747849271564,91.95999869378662,804.0730909286509,101.13031578609511,-0.034340826686673154,1.9490549483277277,1.8870487648388234,-8.749537824599997
186,-22.38480542598552,90.07294900926956,795.4398081815632,101.39318691536727,-20.435750318197677,91.95999810431107,804.3105186020323,101.35883380447669,0.03435311089057791,1.9490551077878422,1.8870490950415046,-8.870710420469095
187,-22.384800956823227,90.07295166576037,795.4250090690725,NA,-20.435746091739446,91.96000030070368,804.1523029405776,101.51151585009086,NA,1.949054865083781,1.8870486349433122,-8.727293871505026
188,-22.384802527404958,90.07295021988458,795.3765326055037,101.36794144187758,-20.43574754769938,91.95999905247751,804.1426804879977,101.39279677199735,-0.024855330119777364,1.9490549797055792,1.8870488325929387,-8.76614788249401
189,-22.38480178053976,90.07295066808882,795.39378724066,101.38581484224903,-20.435746829293635,91.95999948916239,804.1343927652154,101.35860534577813,0.02720949647090265,1.9490549512461257,1.887048821073563,-8.740605524555349
190,-22.384800567788346,90.0729518784265,795.2803634306731,101.44110059185525,-20.435745661134177,91.9600006238197,803.9807757170564,101.39038553112516,0.05071506073008436,1.949054906654169,1.8870487453932014,-8.700412286383312
191,-22.384802674640127,90.07295040311794,795.4190620926815,101.37600960474322,-20.43574762523042,91.95999941519011,804.1627309431284,101.3857316715764,-0.009722066833177223,1.9490550494097079,1.8870490120721684,-8.743668850446852
192,-22.384801364183346,90.07295162696366,795.2282745241966,101.06201687163701,-20.435746432991237,91.9600003819721,803.9523639485867,101.07777630183907,-0.015759430202052727,1.9490549311921086,1.8870487550084363,-8.724089424390058
193,-22.384800487094054,90.07295167894264,795.4479392050193,101.50423775490847,-20.435745558398906,91.96000047067528,804.1810186514997,101.50569261221167,-0.0014548573032016066,1.9490549286951477,1.8870487917326386,-8.73307944648036
194,-22.384803278931997,90.07295021843942,795.3938638436407,101.41058609853994,-20.43574821516779,91.95999920962345,804.1734372262226,101.37789790056249,0.03268819797744982,1.949055063764206,1.887048991184031,-8.77957338258193
195,-22.384800607949416,90.07295206533539,795.368776993263,100.93172439048149,-20.435745717563947,91.96000072017895,804.0474536954905,100.99448722042837,-0.06276282994687676,1.9490548903854688,1.8870486548435679,-8.678676702227449
196,-22.38480042306398,90.07295130023246,795.2746146676246,101.51462432561289,-20.435745511156796,91.96000000323599,804.0509583339881,101.50256298387876,0.012061341734124653,1.949054911907183,1.8870487030035292,-8.77634366636346
197,-22.384800454263228,90.07295090120542,795.503852619566,101.41310433935354,-20.435745536643907,91.95999966378619,804.3324421682938,101.43264015584896,-0.019535816495420022,1.9490549176193213,1.8870487625807755,-8.828589548727791
198,-22.38480268852041,90.07295214727284,795.4974090598619,101.43844956841917,-20.435747679340096,91.96000108891943,804.2769749011619,101.44796994032956,-0.009520371910383574,1.949055009180313,1.887048941646583,-8.779565841300041
199,-22.384802716120646,90.07294856768056,795.3927061463982,101.17206017651418,-20.435747748155563,91.95999738872507,804.0974454127734,101.18808711313088,-0.016026936616697185,1.9490549679650826,1.887048821044516,-8.704739266375213
200,-22.38480398565912,90.07294998060564,795.4661880322882,101.57060451271516,-20.4357490172398,91.95999881157917,804.162924060118,101.50196931725554,0.06863519545962049,1.9490549684193184,1.8870488309735265,-8.696736027829843
201,-22.384804102484253,90.07294943819457,795.4394457948783,101.07284756552767,-20.435749103138534,91.95999833494025,804.1752122501157,101.13651731178956,-0.06366974626189403,1.9490549993457194,1.8870488967456822,-8.735766455237354
202,-22.384800694306904,90.07295103470537,795.3950858269076,101.12451834732045,-20.435745842852754,91.95999965213466,804.1260599712755,101.18125792420193,-0.056739576881483345,1.9490548514541501,1.8870486174292864,-8.730974144367906
203,-22.384805677870673,90.07294984725135,795.4651623735253,101.4527715422085,-20.43575059215712,91.95999891133985,804.199122542262,101.44086481330979,0.011906728898708252,1.9490550857135531,1.887049064088501,-8.733960168736644
204,-22.384801542720083,90.07295107860773,795.6118310020951,101.38582880004788,-20.435746696571186,91.95999969233105,804.3708818816731,101.41714796636353,-0.031319166315654456,1.949054846148897,1.8870486137233229,-8.759050879578012
205,-22.3848032703101,90.07295031098886,795.4621134291779,101.25088290544394,-20.435748288238187,91.95999920062957,804.231733713778,101.24551018142839,0.005372724015558106,1.9490549820719139,1.8870488896407096,-8.769620284600137
206,-22.384802174361113,90.0729508740134,795.3268380248472,101.11229658079392,-20.435747168186452,91.95999975079636,804.0391843574591,101.15571697374676,-0.04342039295283939,1.9490550061746603,1.8870488767829556,-8.7123463326119
207,-22.38480330166732,90.07295026462981,795.5357489552898,101.62288805011701,-20.435748282838972,91.95999916429099,804.3194244864117,101.54558657234497,0.0773014777720391,1.9490550188283464,1.8870488996611812,-8.783675531121844
208,-22.384802472203432,90.0729499974741,795.4589561526403,101.04823941195849,-20.435747512084674,91.95999878114259,804.1708546335435,NA,NA,1.9490549601187581,1.8870487836684902,-8.711898480903187
209,-22.384801737292236,90.0729516169707,795.2805279761046,101.13619851225954,-20.4357467610304,91.96000043571931,804.0061542919099,101.15692370466996,-0.020725192410424143,1.9490549762618343,1.8870488187486103,-8.725626315805243
210,-22.384802140576824,90.07295105721101,795.1695776390926,101.10631177517078,-20.435747201319998,91.9599998578463,803.903166158319,101.06626162629934,0.04005014887144398,1.9490549392568255,1.8870488006352844,-8.733588519226373
211,-22.384800259127132,90.07295278812842,795.2695232216931,100.99481459110595,-20.435745341430163,91.96000152648799,803.980908943066,101.09209504011122,-0.09728044900526811,1.9490549176969694,1.8870487383595673,-8.711385721372835
212,-22.384803659462534,90.07295080965736,795.4182548476742,101.18413789273924,-20.43574861663012,91.959999780771,804.1769523340272,101.25458730524593,-0.07044941250669012,1.9490550428324127,1.887048971113643,-8.758697486352958
213,-22.384802922010067,90.07295027451698,795.4355894970879,101.21978889704471,-20.435747940582985,91.95999910927969,804.142811344103,101.25459915675378,-0.03481025970907581,1.9490549814270821,1.8870488347627088,-8.707221847015148
214,-22.38480034817121,90.07295306824165,795.1746480120456,101.16175439081164,-20.43574540874829,91.96000182836832,803.8570323827382,101.14630083611272,0.01545355469892229,1.949054939422922,1.8870487601266746,-8.682384370692603
215,-22.38480480058115,90.07294982961821,795.4783439352494,101.53520537939986,-20.43574968555413,91.95999897926151,804.2205451132996,101.47913535820189,0.05607002119796789,1.9490551150270221,1.8870491496433033,-8.742201178050209
216,-22.384802494697084,90.07295125874774,795.4766601375336,101.47093315952361,-20.435747542957216,91.96000006583924,804.1870443687136,101.41480734275234,0.05612581677127082,1.9490549517398676,1.887048807091503,-8.71038423118
217,-22.38480334644447,90.07295037910575,795.6343580528518,101.4236360593251,-20.435748352526275,91.9599992535575,804.3481172510504,101.45526122952234,-0.031625170197230545,1.949054993918196,1.8870488744517502,-8.713759198198659
218,-22.384802566498934,90.07295083511974,795.3146142972398,100.99914110552913,-20.435747640719114,91.9599995454463,803.9903489360914,101.02433802036455,-0.025196914835419193,1.9490549257798193,1.8870487103265532,-8.675734638851623
219,-22.384805730659963,90.07294875603631,795.3420432280334,101.42520790323061,-20.435750566795463,91.95999796278673,804.157903726966,101.39951831206781,0.025689591162802117,1.9490551638645002,1.8870492067504188,-8.81586049893258
220,-22.38480182703219,90.07295041064427,795.253547009367,101.18472284601185,-20.43574685419631,91.95999920637891,803.9518053090678,101.20396048760603,-0.019237641594173738,1.9490549728358815,1.8870487957346427,-8.698258299700797
221,-22.384801362104696,90.07295034477184,795.3337304893596,101.53573884926035,-20.435746441349835,91.9599990622527,804.087602125968,101.45503657141262,0.08070227784773465,1.949054920754861,1.887048717480866,-8.753871636608437
222,-22.384800771571406,90.07295183280826,795.1749035379455,101.40921499109567,-20.43574581736641,91.96000061779284,803.9094603359281,101.34041791941655,0.0687970716791142,1.9490549542049962,1.8870487849845858,-8.734556797982577
223,-22.38480166562377,90.07295193912913,795.5192037062836,NA,-20.435746737152925,91.96000067912789,804.1810635482198,101.3379240370711,NA,1.9490549284708436,1.887048739998761,-8.66185984193612
224,-22.384801449089622,90.0729514307852,795.4064455156699,101.23373452304654,-20.435746524271252,91.96000013874752,804.1311666400036,101.27250819196468,-0.03877366891813949,1.9490549248183697,1.8870487079623217,-8.724721124333655
225,-22.384803935326005,90.07294938931253,795.2230751892391,100.7394746638841,-20.435748926509604,91.95999821702597,803.9308068869009,100.84822253051621,-0.10874786663211466,1.9490550088164014,1.8870488277134427,-8.707731697661757
226,-22.384802643072845,90.07295105476518,795.254185081056,101.04191079278851,-20.43574768615113,91.95999985009436,803.9513257847376,101.06190965856672,-0.019998865778205754,1.9490549569217137,1.8870487953291786,-8.697140703681612
227,-22.38480219147766,90.07295014376041,795.3082364820382,101.48052708904609,-20.43574719341717,91.95999899724279,804.0674589807907,101.44856924398417,0.03195784506192467,1.9490549980604897,1.8870488534823835,-8.759222498752479
228,-22.38480051772501,90.07295189590627,795.4935998856018,101.27949414708016,-20.435745546129965,91.96000073015472,804.2897287834523,101.36898063476241,-0.08948648768225098,1.9490549715950465,1.8870488342484464,-8.796128897850508
229,-22.38480349182234,90.07295169992804,795.6075008299294,101.37177897855949,-20.435748539753916,91.96000055515171,804.3046763012873,101.40451524288997,-0.032736264330480935,1.9490549520684226,1.887048855223668,-8.69717547135781
230,-22.38480235140966,90.0729506501468,795.5176209583744,101.27822697912745,-20.435747476931255,91.95999930331917,804.2105878804217,101.25656852686356,0.021658452263892514,1.9490548744784064,1.8870486531723714,-8.692966922047276
231,-22.384802382541892,90.07294978071539,795.4284342899223,101.369967671735,-20.43574743725381,91.95999853573821,804.2089882289397,101.30874647001622,0.061221201718780094,1.9490549452880828,1.8870487550228177,-8.780553939017409
232,-22.38479981475436,90.07295132341395,795.6860559013593,101.39541185866699,-20.435745060132234,91.95999967941273,804.3998894997379,101.43244576944053,-0.037033910773544676,1.949054754622125,1.887048355998786,-8.713833598378642
233,-22.384802508668315,90.07295201888377,795.5675489467151,101.54754347650035,-20.435747567077726,91.96000084679048,804.3434211047712,101.54881256492195,-0.0012690884215942333,1.949054941590589,1.8870488279067104,-8.775872158056131
234,-22.38480175436331,90.07295066180882,795.5832692811197,101.63997788522772,-20.43574679259359,91.95999948441977,804.3619345996273,101.61052917909933,0.029448706128391677,1.9490549617697184,1.88704882261095,-8.778665318507592
235,-22.384803396934785,90.07294976204633,795.3805417257039,101.35844820604115,-20.435748393096276,91.95999866836848,804.1840814574037,101.38959900705177,-0.031150801010625173,1.9490550038385095,1.8870489063221498,-8.803539731699857
236,-22.38480187322861,90.07295122104628,795.4103846513206,101.14987604803312,-20.43574690556781,91.96000001250147,804.0910971720228,101.16283787952156,-0.012961831488439657,1.9490549676607998,1.887048791455186,-8.680712520702286
237,-22.38480132699098,90.07295133086612,795.2531805930008,101.10500982071497,-20.435746402502872,91.96000004130869,803.9059461251206,101.0812081716746,0.02380164904036519,1.9490549244881095,1.8870487104425706,-8.652765532119815
238,-22.384803344614994,90.07295016344463,795.3695484141743,101.22026777746416,-20.435748327188918,91.95999904014317,804.0868708415823,101.19995798409803,0.02030979336612404,1.9490550174260761,1.8870488766985432,-8.717322427407908
239,-22.384802034345995,90.07295182271494,795.2590746611612,101.2994681710232,-20.43574706593867,91.96000070636839,804.0136311587428,101.29309498530179,0.006373185721400887,1.9490549684073244,1.8870488836534491,-8.754556497581575
240,-22.38480284871929,90.07294980987939,795.3385313937504,101.03023397899872,-20.435747885963053,91.95999863603902,804.0856718197729,101.10056645972284,-0.0703324807241188,1.949054962756236,1.8870488261596279,-8.747140426022497
241,-22.384801017268586,90.07295134592195,795.4304912097473,101.0505941004283,-20.43574614533108,91.96000000563279,804.1472155192115,101.15912369828192,-0.10852959785361804,1.9490548719375056,1.8870486597108425,-8.716724309464212
242,-22.38480249749375,90.07295062469353,795.3261871116524,101.20704458074306,-20.43574747894212,91.9599995533236,804.0124702647875,101.20257991946426,0.004464661278802851,1.9490550185516327,1.8870489286300653,-8.686283153135037
243,-22.384802584770284,90.07294998839484,795.549508075677,101.22655857974479,-20.43574768477015,91.95999869078116,804.3300544386224,101.29235282072085,-0.06579424097606079,1.9490549000001351,1.8870487023863234,-8.780546362945415
244,-22.38480180290918,90.07295076671323,795.3070596053553,101.15932166649173,-20.435746825629053,91.9599995943932,804.0015118755687,101.1394268135316,0.019894852960135267,1.9490549772801273,1.887048827679962,-8.694452270213333
245,-22.38480372578246,90.07295201210698,795.1515812765031,101.05506153119339,-20.435748746809878,91.96000089554926,803.8383842874807,101.01345138288198,0.04161014831140619,1.9490549789725833,1.8870488834422758,-8.686803010977656
246,-22.384802886495834,90.07295007579961,795.3254542370925,101.64771456384315,-20.43574791170846,91.9599989722426,804.0844652028659,101.55609473478222,0.09161982906093158,1.9490549747873729,1.887048896442991,-8.759010965773427
247,-22.384802129485422,90.07295004740973,795.5161599961685,101.26498429307182,-20.435747172025174,91.95999883299169,804.2765129667978,101.28011418512938,-0.015129892057558436,1.9490549574602483,1.8870487855819533,-8.760352970629242
248,-22.384802164695515,90.07295074721347,795.4008993507869,101.21135754898918,-20.43574725518593,91.95999945932479,804.0812544816881,101.19563902078869,0.015718528200494575,1.9490549095095844,1.8870487121113229,-8.680355130901262
249,-22.384801364589833,90.07294898426588,795.2861237865721,101.24126691014294,-20.435746363234813,91.95999785758752,803.9322153249095,101.20727644048205,0.033990469660892586,1.9490550013550205,1.8870488733216462,-8.646091538337373
250,-22.384803399631807,90.07294984774072,795.3846362036784,101.03720552701495,-20.435748431984138,91.9599986396801,804.0747877089739,101.15427291652958,-0.1170673895146308,1.949054967647669,1.8870487919393781,-8.69015150529549
251,-22.384801982172803,90.07295085357316,795.2953790778166,101.1033357679392,-20.435747067484385,91.95999953720002,803.9831145690675,101.10581577566501,-0.002480007725807809,1.9490549146884177,1.8870486836268583,-8.687735491250919
252,-22.384802019619116,90.07295044732726,795.3673714387709,101.17797144055416,-20.43574713214454,91.95999913393374,804.0630172632632,101.11518683100422,0.06278460954993648,1.9490548874745741,1.8870486866064766,-8.695645824492317
253,-22.38480446224915,90.07294857723488,795.4053874514341,101.43694870821764,-20.435749419019686,91.95999760199138,804.100416316722,101.33954558070641,0.09740312751122815,1.949055043229464,1.887049024756493,-8.695028865287895
254,-22.384801928433717,90.07295172940576,795.2563630925795,101.24347489932737,-20.435746957013976,91.96000056915153,803.9512622718937,101.25576120648608,-0.012286307158717591,1.9490549714197414,1.8870488397457734,-8.694899179314234
255,-22.384802038053977,90.07295105900192,795.3889057919106,101.069200709769,-20.435747072285324,91.9599999020378,804.1508819980419,101.15244845187581,-0.0832477421068063,1.949054965768653,1.8870488430358705,-8.761976206131294
256,-22.38480164456024,90.07295062743549,795.3020220585746,101.30130542633347,-20.435746684490994,91.95999942710324,803.9643326041517,101.23624781553178,0.06505761080168782,1.9490549600692475,1.8870487996677525,-8.662310545577043
257,-22.38480281473673,90.07295096062396,795.2060963634983,101.27789562299427,-20.435747834885404,91.95999978975269,803.8971242465127,101.24987338249838,0.028022240495886308,1.9490549798513257,1.8870488291287302,-8.691027883014385
258,-22.384798863929007,90.07295078408828,795.6389007180941,101.51909845765567,-20.435744060359298,91.95999927215286,804.389076832007,101.49870079693542,0.020397660720249178,1.9490548035697088,1.887048488064579,-8.750176113912971
259,-22.384802259225154,90.07295064931455,795.5563796512135,101.38866864280826,-20.43574734908205,91.95999935630928,804.3159318596,101.39409711633579,-0.0054284735275302864,1.9490549101431043,1.887048706994733,-8.75955220838648
260,-22.38480323001042,90.07294955446397,795.4725487423061,101.49261276850791,-20.435748247548503,91.95999842902981,804.2017914850389,101.46610370761942,0.026509060888486147,1.9490549824619166,1.887048874565835,-8.729242742732822
261,-22.384802278262157,90.07295119462827,795.4305156898776,101.12159609764413,-20.4357473286222,91.95999999579863,804.1815692492462,101.17893402067554,-0.05733792303141172,1.949054949639958,1.8870488011703515,-8.751053559368643
262,-22.384803254818422,90.07294939791709,795.2483738632546,101.13372962505568,-20.435748279724493,91.95999822775113,803.9488563837473,101.09862098040486,0.03510864465081909,1.9490549750939294,1.8870488298340433,-8.700482520492642
263,-22.38480143634473,90.07295127307242,795.4653813254602,101.42018748936121,-20.435746497128036,91.96000005858792,804.2146929260757,101.39834793759798,0.02183955176323593,1.949054939216694,1.8870487855155034,-8.749311600615556
264,-22.384804422040332,90.07294931665083,795.2665342123595,100.92896337039866,-20.435749428158573,91.9599981650156,804.0075581755926,100.94366078535091,-0.014697414952252075,1.9490549938817594,1.8870488483647705,-8.741023963233147
265,-22.38480273163313,90.07295292821098,795.3633496787781,101.1716202676945,-20.43574768348296,91.96000200380925,804.0196521357216,101.17662177484857,-0.0050015071540769895,1.9490550481501714,1.88704907559827,-8.656302456943422
266,-22.384800813625446,90.07295211522373,795.1402856348199,100.9932389943261,-20.435745850002007,91.96000088909327,803.8213095315047,101.00003095224653,-0.006791957920427194,1.949054963623439,1.8870487738695374,-8.681023896684792
267,-22.384802877018927,90.07294961553939,795.5746676351373,101.40175389196816,-20.435747910115282,91.95999843285918,804.3257770766868,101.39023980812874,0.011514083839415434,1.9490549669036454,1.8870488173197941,-8.751109441549488
268,-22.38480519139449,90.07294804258885,795.6216291964257,101.43465838810792,-20.435750091851503,91.95999712719674,804.3822569224825,101.44206127817154,-0.007402890063616496,1.9490550995429885,1.8870490846078951,-8.760627726056782
269,-22.384801811814214,90.07294976547752,795.1890396972997,101.00618113166377,-20.43574682995734,91.959998569032,803.8624715204744,101.01884226084366,-0.012661129179889485,1.9490549818568752,1.8870488035544781,-8.673431823174724
270,-22.384805088527628,90.07294927543603,795.5784983876097,101.37216725527853,-20.43575008050516,91.9599982044802,804.2881074814113,101.35316393104011,0.01900332423841178,1.9490550080224693,1.8870489290441697,-8.709609093801646
271,-22.38480394829142,90.0729493019222,795.3844742045237,101.07732594071581,-20.435748951457725,91.95999817861954,804.1583926857018,101.13793009974793,-0.060604159032124016,1.949054996833695,1.8870488766973494,-8.773918481178043
272,-22.38480218228466,90.07295123546868,795.1945786118238,101.21707742627754,-20.435747181226986,91.96000014772329,803.977107264038,101.20724112963981,0.009836296637729447,1.9490550010576726,1.8870489122546132,-8.782528652214182
273,-22.384804181644682,90.0729486975923,795.2849831971253,100.89357359026707,-20.435749203869676,91.9599974985766,804.0269544051287,100.89824323332735,-0.004669643060282169,1.9490549777750061,1.887048800984303,-8.741971208003406
274,-22.38480323911739,90.07294949348238,795.3139046356109,101.50243509172032,-20.435748239270026,91.95999838878538,804.0338889255997,101.41541264567229,0.08702244604802445,1.9490549998473625,1.8870488953029962,-8.719984289988815
275,-22.384801796693665,90.07295135988366,795.3201985016256,101.2785346236382,-20.43574691289379,91.96000003665662,804.0441254681441,101.30373040223182,-0.025195778593626983,1.9490548837998745,1.887048676772963,-8.723926966518547
276,-22.384804079205935,90.07294986452183,795.4271639000855,101.52512522167316,-20.43574910910229,91.9599987002058,804.1495300594129,101.46757783359575,0.05754738807740978,1.9490549701036457,1.88704883568397,-8.722366159327407
277,-22.384801480117545,90.0729504241036,795.3080585157562,101.23177438828938,-20.43574657269582,91.95999914504094,804.0406948473682,101.26610868451925,-0.03433429622987205,1.9490549074217256,1.8870487209373437,-8.732636331611957
278,-22.38480159932044,90.07295023017372,795.4466759736699,101.13786066066478,-20.435746682803142,91.959998962456325,804.1332498302586,101.12836337225252,0.009497288412262606,1.949054916517298,1.887048732282608,-8.686573856588666
279,-22.384802231301165,90.07295022699881,795.2526657148754,101.22949471653979,-20.435747218635612,91.959999081105,803.9462119279558,101.18347904588492,0.046015670654867336,1.9490550126655535,1.8870488541061832,-8.693546213080367
280,-22.384804722261094,90.07294908029138,795.5354075082261,101.68919531714042,-20.435749648531328,91.9599981052948,804.2982046964978,101.60559551312656,0.08359980401385769,1.9490550737297667,1.8870490250034209,-8.762797188271747
281,-22.384802532924766,90.07294986859586,795.172127504043,100.93354031394486,-20.435747580174223,91.95999861889345,803.9009028949979,100.92460598156313,0.008934332381727472,1.9490549527505436,1.8870487502975948,-8.728775390954866
282,-22.384801279156704,90.07295037239487,795.3823197853778,101.51073711630363,-20.43574631290676,91.95999924170354,804.0854081733593,101.47085954483771,0.0398775714659223,1.9490549662499461,1.8870488693086713,-8.703088387981438
283,-22.3848017914475,90.07295010942539,795.2099226181474,101.05728805888089,-20.435746891786835,91.95999879624674,803.9636817284342,101.03449737614778,0.022790682733102585,1.9490548996606663,1.8870486868213447,-8.753759110286751
284,-22.384802410442234,90.07295035760754,795.3439787977188,101.2072475490991,-20.435747429673512,91.95999920508987,804.063834914733,101.25390634884346,-0.04665879974436393,1.9490549807687216,1.8870488474823333,-8.71985611701416
285,-22.38480326024535,90.07294909202511,795.5874407151402,101.36437754479098,-20.435748296349118,91.95999790991891,804.3473714000293,101.3469399176538,0.01743762713718411,1.9490549638962307,1.887048817893799,-8.759930684889014
286,-22.38480115931054,90.07295100370487,795.3596732419419,101.28353175334783,-20.43574620053539,91.95999977581943,804.0869542576245,101.27104858894464,0.012483164403192859,1.9490549587751502,1.8870487721145537,-8.727281015682593
287,-22.384802423103707,90.07295107686937,795.3466395166845,101.01904459439604,-20.4357474392867,91.9599999193525,804.0538915843683,101.05582236230538,-0.036777767909342174,1.9490549838170068,1.887048842483125,-8.70725206768384
288,-22.38480074561201,90.07295143056601,795.3398697502482,101.59441554954222,-20.43574588550254,91.96000005554421,804.1085507044359,101.51188580726836,0.0825297422738629,1.9490548601094702,1.8870486249782061,-8.76868095418763
289,-22.384801782145843,90.07295105045492,795.4201512129835,101.34206631251524,-20.43574684684907,91.95999979563763,804.2378848141221,101.34789894263028,-0.005832630115037318,1.9490549352967719,1.8870487451827103,-8.817733601138684
290,-22.384801936902136,90.07294959943283,795.6204379969274,101.29069314400542,-20.435746956960543,91.95999841797686,804.2591348060782,101.34671330627131,-0.056020162265895124,1.949054979941593,1.8870488185440308,-8.638696809150815
291,-22.384802391622202,90.07295096932353,795.6081974343011,101.7100164701809,-20.435747465577435,91.95999975387923,804.3861325605125,101.64123385523322,0.06878261494767912,1.9490549260447665,1.8870487845557022,-8.777935126211332
292,-22.38480117259229,90.0729505604786,795.4926259590137,101.47285972539657,-20.435746249826764,91.95999929457253,804.2440049991121,101.43961772206433,0.033242003332247805,1.9490549227655265,1.8870487340939235,-8.751379040098413
293,-22.384801213446735,90.0729512548296,795.350020721007,101.15813013883246,-20.43574628483293,91.95999999901483,804.0681565826869,101.20543459800183,-0.047304459169367874,1.9490549286138048,1.887048744185222,-8.718135861679912
294,-22.38480274768108,90.07295043728499,795.5149677931787,101.17121788270455,-20.435747801027844,91.95999919246361,804.2481741025242,101.20617495885031,-0.03495707614575849,1.9490549466532343,1.8870487551786255,-8.733206309345519
295,-22.384798571607888,90.07295175088271,795.6045330341306,101.53469755779668,-20.435743747403222,91.96000028907977,804.3899739045278,101.57283060966753,-0.038133051870858026,1.9490548242046657,1.8870485381970639,-8.785440870397224
296,-22.384801402877883,90.07295084554238,795.2743140153862,101.4925987727498,-20.43574649780311,91.95999953533146,803.9866427529652,101.40718939901515,0.08540937373464885,1.9490549050747745,1.8870486897890828,-8.712328737579014
297,-22.384801784826294,90.0729511605443,795.4003863147186,101.19810826138905,-20.43574686291285,91.95999987570124,804.0122517937803,101.25373116813842,-0.05562290674936321,1.9490549219134436,1.8870487151569364,-8.611865479061635
298,-22.384802655214486,90.07295071138319,795.5743295006756,101.32893243692459,-20.435747670617587,91.95999955999619,804.3087360570179,101.40556275960685,-0.07663032268226289,1.9490549845968985,1.8870488486130057,-8.734406556342265
299,-22.384803418791222,90.07294986375089,795.2477754926294,100.8481038950053,-20.43574845203372,91.95999865839107,803.9028546146864,100.84586271340498,0.0022411816003113927,1.949054966757501,1.8870487946401795,-8.655079122056918
300,-22.384802120035033,90.07294975716468,795.3681441806276,101.15766022710326,-20.435747207093584,91.95999847638308,804.113207664504,101.14742177143094,0.010238455672322289,1.949054912941449,1.8870487192183987,-8.745063483876379
301,-22.38480363067916,90.07294907940152,795.4952296195041,101.25471925906533,-20.435748568983996,91.95999808139706,804.2972240616049,101.35227222834214,-0.09755296927681911,1.9490550616951623,1.8870490019955355,-8.80199444210075
302,-22.384801233103246,90.0729513893682,795.4693609686235,100.9759625113702,-20.435746343567075,91.95999999157698,804.1813743234704,101.07918701365497,-0.10322450228477464,1.9490548895361712,1.887048602208779,-8.712013354846931
303,-22.38480178351756,90.07295077040067,795.3540455029727,101.3582506435456,-20.43574682173221,91.9599995487311,804.0580469038134,101.35494844344205,0.003302200103547648,1.9490549617853503,1.8870487783304384,-8.704001400840752
304,-22.384803699755622,90.07294948606429,795.2238677252021,100.9606082438579,-20.435748705405985,91.9599983298834,803.9699617965193,101.00275203007823,-0.042143786220322,1.9490549943496376,1.887048843819116,-8.746094071317202
305,-22.384800008864744,90.0729515505399,795.4824489191242,101.41417008978439,-20.43574512037199,91.96000021147287,804.1999576995289,101.36785268204022,0.04631740774416926,1.9490548884927534,1.887048660932976,-8.717508780404728
306,-22.384802236386378,90.07295057140456,795.1943021624652,100.69213007407546,-20.435747279564083,91.95999935775941,803.8847419878925,100.75841129221118,-0.06628121813571397,1.9490549568222946,1.8870487863548533,-8.690439825427347
307,-22.384801760766265,90.07295055519108,795.3809661583011,101.05629116983181,-20.435746858932703,91.95999927036843,804.1375052083938,101.12861975165549,-0.07232858182368318,1.9490549018335628,1.8870487151773432,-8.75653905009267
308,-22.384803732752772,90.07294989857886,795.4973338271004,101.71645823256915,-20.43574871912213,91.95999886384791,804.2620935716811,101.64706494219209,0.06939329037706443,1.949055013630641,1.8870489652690594,-8.764759744580715
309,-22.38480114739039,90.07295043455596,795.3807892574666,101.11529727134265,-20.43574624322227,91.95999908915823,804.0625615474208,101.11902748392424,-0.0037302125815870113,1.949054904168122,1.8870486546022676,-8.68177228995421
310,-22.384800551472978,90.07295227449865,795.4725277784887,101.35163498712944,-20.435745646380752,91.96000100421773,804.1959718456058,101.36122379663325,-0.00958880950381058,1.9490549050922255,1.8870487297190834,-8.723444067117043
311,-22.38480341740612,90.07295081094676,795.2621213977194,101.0612541495205,-20.435748443749645,91.95999967244174,804.0520528197848,101.09950137079161,-0.03824722127112068,1.949054973656473,1.887048861494975,-8.789931422065365
312,-22.3848020433212,90.07295105701985,795.4195569681619,101.35250687015079,-20.435747087894697,91.95999988831778,804.1798829239002,101.36137424936669,-0.008867379215899973,1.9490549554265044,1.8870488312979319,-8.760325955738267
313,-22.384800656741646,90.07294996020428,795.21884050787,101.56151177422751,-20.435745740193425,91.959998653665,804.0016923170385,101.50312261938205,0.05838915484545737,1.9490549165482207,1.887048693460713,-8.782851809168505
314,-22.384801952593136,90.07295106400613,795.332197957797,101.20894396107391,-20.43574702634828,91.95999978246823,804.1167013968997,101.2058018712203,0.0031420898536111963,1.9490549262448553,1.887048718462097,-8.78450343910265
315,-22.384804378168838,90.07295016999922,795.4826740834351,101.44670864843079,-20.435749313572217,91.9599991947893,804.2778737498772,101.46060627850974,-0.013897630078957945,1.949055064596621,1.8870490247900875,-8.795199666442159
316,-22.384802777576738,90.07294989785822,795.1351689297974,100.96438440724864,-20.435747778144673,91.95999874827726,803.839097848605,100.9893606520373,-0.024976244788661006,1.9490549994320645,1.8870488504190348,-8.703928918807605
317,-22.38480337468667,90.07295022245398,795.0669092295714,100.93724543633954,-20.435748376820698,91.95999910191154,803.7607447946814,100.86772240491334,0.06952303142620053,1.9490549978659715,1.8870488794575522,-8.693835565110021
318,-22.384802312300792,90.07295032790506,795.4915831511739,101.55606317452973,-20.43574727639924,91.95999929768027,804.25766721103,101.50061678911271,0.055446385417013744,1.9490550359015515,1.8870489697752078,-8.766084059856098
319,-22.38480263090787,90.07294969155657,795.4697410352871,101.33334181330449,-20.43574767931591,91.95999847004026,804.2260134949565,101.33872847489025,-0.005386661585760066,1.949054951591961,1.8870487784836882,-8.75627245966939
320,-22.38480196095378,90.0729501907469,795.3646233886278,100.96066162936492,-20.435747083771616,91.95999876661216,804.0864408171544,101.02256086345358,-0.061899234088656385,1.9490548771821636,1.8870485758652649,-8.721817428526606
321,-22.3848009599717,90.07295168825561,795.4271750043802,101.60744146465976,-20.435746008101432,91.96000048233253,804.163513986638,101.5417676473817,0.06567381727805355,1.9490549518702664,1.887048794076918,-8.736338982257848
322,-22.384801104080196,90.07295174635087,795.594240994085,101.46733063879165,-20.43574622445331,91.96000038975652,804.3596755486225,101.44130807685204,0.026022561939612388,1.9490548796268854,1.8870486434056488,-8.765434554537478
323,-22.384802492650977,90.07295097682993,795.5451386542375,101.28268997943229,-20.435747567278725,91.9599997478914,804.2527370521916,101.26758684876529,0.015103130667000642,1.949054925372252,1.8870487710614725,-8.707598397954143
324,-22.384799970692484,90.07295239115552,795.3831978579011,100.99746911842428,-20.435745120803176,91.9600009728818,804.0820535905842,101.03569646264197,-0.03822734421768814,1.9490548498893077,1.887048581726276,-8.698855732683114
325,-22.384801513131578,90.07295164373087,795.087147593952,101.3010828430954,-20.43574657447718,91.96000042425564,803.8041684094765,101.22810900509086,0.07297383800454327,1.949054938654399,1.8870487805247649,-8.717020815524506
326,-22.384800389188314,90.07295130662001,795.4536764348808,101.11430089834897,-20.43574552573321,91.95999989737518,804.1613282445115,101.22254886149443,-0.10824796314545893,1.9490548634551033,1.887048590755171,-8.707651809630761
327,-22.384802608122385,90.07295065724364,795.4825573656245,101.29817832323707,-20.43574763398547,91.95999951610182,804.205026629803,101.29859311641297,-4.1479317590642495e-4,1.9490549741369136,1.8870488588581793,-8.722469264178471
328,-22.38480084521629,90.07295106013376,795.2864956209694,101.16927940374705,-20.43574592841682,91.95999979998268,804.0191464741526,101.17003508092674,-7.556771796828343e-4,1.9490549167994686,1.8870487398489217,-8.732650853183259
329,-22.38480216289375,90.07295138448043,795.3661069282847,101.40427287389775,-20.435747247616717,91.96000012952342,804.088340093596,101.34565883729911,0.05861403659864095,1.9490549152770313,1.8870487450429891,-8.722233165311309
330,-22.384802843112197,90.07294997500668,795.3240951045094,101.5234240726544,-20.435747814603587,91.95999889658782,804.1157087354826,101.46479746079592,0.05862661185847173,1.9490550285086101,1.8870489215811403,-8.791613630973188
331,-22.38480420129477,90.07294930155902,795.4587966466852,101.13254921513439,-20.435749258078346,91.95999807944665,804.202924151351,101.17845292015326,-0.04590370501887264,1.9490549432164244,1.8870487778876281,-8.744127504665812
332,-22.384801155178423,90.07295105952664,795.3338864589412,101.44597517118643,-20.435746269637036,91.95999972405178,804.0124680803983,101.36709764436392,0.07887752682250948,1.9490548855413863,1.887048664525139,-8.67858162145717
333,-22.38480443012864,90.07294870059005,795.3005367590441,101.3607482706606,-20.43574936881791,91.95999765813204,804.0977313898674,101.32574741975415,0.03500085090644234,1.9490550613107303,1.8870489575419924,-8.797194630823242
334,-22.38480278158366,90.07294946987983,795.3100221593606,101.12080013185454,-20.435747835080946,91.95999820905544,804.0377218316114,101.12374713247527,-0.002947000620736162,1.949054946502713,1.8870487391756114,-8.727699672250765
335,-22.384801377652366,90.07295040337766,795.3749972174849,101.0076529363509,-20.435746489365442,91.95999906146488,804.0856901634869,101.05776114204969,-0.05010820569879115,1.9490548882869234,1.8870486580872239,-8.710692946002041
336,-22.38480137923537,90.0729511232689,795.4059745589934,101.22224594845673,-20.435746388250067,91.95999992222593,804.1119995578125,101.25016264403737,-0.027916695580643136,1.949054990985303,1.8870487989570393,-8.706024998819089
337,-22.38479977289137,90.0729518289163,795.1575613177373,101.22383461018097,-20.43574482863005,91.96000059894158,803.849516894448,101.15692568921224,0.06690892096872858,1.94905494426132,1.8870487700252738,-8.691955576710711
338,-22.384802063974945,90.0729506506265,795.3565745426877,101.01495833128479,-20.435747094629306,91.95999949656974,804.0663341585573,101.049009775114,-0.03405144382921321,1.9490549693456387,1.8870488459432408,-8.709759615869643
339,-22.384802669361903,90.07294938789843,795.2973445447741,101.26161902391328,-20.435747733763577,91.95999814597084,804.0597150250501,101.16286864800588,0.09875037590740021,1.9490549355983262,1.8870487580724102,-8.76237048027599
340,-22.384802980733838,90.07295009084604,795.1834464671003,101.22653961605309,-20.435747952858065,91.95999902805275,804.0041162406867,101.20363770481367,0.02290191123941554,1.9490550278757723,1.887048937206714,-8.82066977358636
341,-22.38480446950814,90.07294923078655,795.3815123570799,101.76834594206866,-20.435749384048393,91.95999826277477,804.1292257591324,101.65858270014166,0.10976324192699849,1.9490550854597473,1.8870490319882265,-8.747713402052455
342,-22.38480433231885,90.07294887532234,795.4064501809959,101.70627679418487,-20.43574927983323,91.95999786832155,804.2179512503285,101.64405897910433,0.062217815080543915,1.949055052485619,1.8870489929992118,-8.811501069332621
343,-22.3848019259851,90.07295024020826,795.4355409761124,101.30630560486466,-20.435747014377426,91.95999894017487,804.1918079677139,101.32954764362103,-0.02324203875636499,1.949054911607675,1.8870486999666127,-8.756266991601478
344,-22.384801659255032,90.07295151092453,795.1940027810505,101.24024450925123,-20.435746690457023,91.96000032733687,803.9145256778261,101.18409306148888,0.05615144776234615,1.9490549687980092,1.8870488164123458,-8.720522896775606
345,-22.384801636463777,90.07295199265658,795.609380052893,101.66923799815578,-20.435746706230447,91.96000080333246,804.3210699090891,101.66245440379109,0.0067835943646912256,1.9490549302333307,1.8870488106758785,-8.71168985619613
346,-22.384801078904445,90.07295167267614,795.2811388063651,100.96229233096932,-20.435746138340846,91.96000041701757,803.9308329573298,101.01419693070414,-0.05190459973482575,1.9490549405635988,1.8870487443414277,-8.649694150964706
347,-22.384800711482967,90.07295089776551,795.4486098413568,101.24402240669795,-20.43574575533836,91.95999968120628,804.1804932579607,101.25843576894331,-0.014413362245363714,1.9490549561446073,1.8870487834407754,-8.731883416603978
348,-22.38480250948166,90.0729510543151,795.4593932674018,101.18938850277448,-20.435747541145048,91.9599998705066,804.20692791074,101.24524876551607,-0.055860262741589395,1.9490549683366112,1.887048816191509,-8.747534643338213
349,-22.38480248813002,90.07294945705738,795.4106858411548,101.41898247524193,-20.435747512358063,91.95999829628894,804.1447182848665,101.34283552684403,0.07614694839790559,1.9490549757719577,1.8870488392315679,-8.734032443711726
350,-22.384801988312063,90.07295058671019,795.3451214220065,101.32541970778149,-20.435747038610998,91.95999937138623,804.0562826952024,101.3103955082193,0.015024199562191143,1.9490549497010647,1.8870487846760398,-8.711161273195899
351,-22.384806134879227,90.07294908682616,795.4120082275892,101.4796963370643,-20.435750979044258,91.95999829851621,804.2177624768799,101.42716019160085,0.0525361454634492,1.9490551558349694,1.887049211690055,-8.805754249290658
352,-22.384803530185252,90.07295203904022,795.3200535501967,101.21119854363411,-20.43574858646457,91.96000086845731,804.0271945053171,101.1876137828356,0.02358476079851357,1.9490549437206823,1.8870488294170968,-8.707140955120394
353,-22.384806650289903,90.07294834798122,795.4620366639135,101.39411616133091,-20.43575150021084,91.95999757441396,804.1652672385386,101.33960203077947,0.054514130551439166,1.9490551500790616,1.8870492264327368,-8.703230574625081
354,-22.384803134186484,90.07294984478159,795.4609866642616,101.27662734628277,-20.43574810898764,91.95999877185591,804.1327662516837,101.27268499025692,0.003942356025845584,1.9490550251988452,1.8870489270743178,-8.67177958742218
355,-22.384802498125026,90.07295069675482,795.3128760007074,100.84888317075763,-20.435747593718332,91.95999939791668,804.0080954197699,100.93560109771383,-0.08671792695619729,1.9490549044066938,1.8870487011618593,-8.695219419062482
356,-22.38480135571163,90.07295089756033,795.4489134165696,101.33646885062379,-20.43574647462239,91.95999951864323,804.1596761821382,101.319927242435,0.01654160818878836,1.9490548810892392,1.8870486210828972,-8.710762765568688
357,-22.3848025328698,90.07295062397367,795.4816903520767,101.25214460981675,-20.43574757714208,91.95999939744331,804.2450171473924,101.26212121172247,-0.009976601905719917,1.9490549557277177,1.887048773469644,-8.76332679531572
358,-22.38480226794411,90.07294934819441,795.5175337027572,101.3868376229517,-20.435747297347632,91.95999821718021,804.3461250880376,101.40263794912525,-0.01580032617354732,1.9490549705964781,1.8870488689858007,-8.828591385280447
359,-22.38480318778909,90.07294917535546,795.2455670558156,101.12212051586692,-20.43574825936747,91.95999789863708,804.0163211478451,101.1020147276869,0.02010578818001818,1.9490549284216172,1.887048723281623,-8.770754092029506
360,-22.384805580143023,90.07295010003352,795.3974780672795,101.15591835132551,-20.43575051670618,91.95999910584553,804.1312044590139,101.15821600894978,-0.0022976576242683677,1.9490550634368446,1.8870490058120026,-8.733726391734422
361,-22.384800931691842,90.07295168919345,795.3469200254909,101.10216008907884,-20.435746005664015,91.96000038306656,804.048803991366,101.11736388915608,-0.015203800077244978,1.9490549260278272,1.887048693873112,-8.701883965875027
362,-22.384804106466078,90.07294854091325,795.447942209563,101.15934022529544,-20.435749137917327,91.95999737474452,804.1491380935923,101.13004193630826,0.02929828898717801,1.9490549685487508,1.8870488338312725,-8.70119588402929
363,-22.384802766733912,90.07295063685808,795.2655001642764,101.29836131843473,-20.435747769752254,91.95999950134706,803.965510942172,101.27690093911005,0.02146037932467948,1.9490549969816584,1.8870488644889747,-8.7000107778956135
364,-22.384801022106274,90.07295070751957,795.4091399036971,101.389417274929,-20.435746125593028,91.95999939762117,804.1711796817383,101.33258342874453,0.05683384618447462,1.9490548965132461,1.887048690101608,-8.762039778041185
365,-22.38480237370763,90.0729516911102,795.3564497290107,101.35661773643508,-20.435747444713428,91.96000049426547,804.0845784683003,101.38331730720355,-0.026699570768471403,1.949054928994201,1.8870488031552668,-8.72812873928956
366,-22.384802721148844,90.072949819526,795.1992960108886,101.11453805437978,-20.435747704111805,91.95999869000804,803.8949960377131,101.07959950170655,0.034938552673224876,1.9490550170370398,1.8870488704820332,-8.695700026824511
367,-22.384800300183514,90.07295092505089,795.5280484914447,101.5470046248318,-20.435745370459728,91.95999963394539,804.3691507936722,101.51166618661432,0.035338438217479506,1.9490549297237862,1.887048708894497,-8.841102302227569
368,-22.384800321018474,90.07295189479561,795.4922086188396,101.49340661060603,-20.43574543607417,91.96000056762841,804.2082838926423,101.4898714914356,0.0035351191704364737,1.949054884944303,1.8870486728328046,-8.71607527380263
369,-22.38480320454198,90.07294985712639,795.3094695398322,100.8529539414385,-20.435748223080964,91.95999864975539,803.9974702089197,100.90936508723942,-0.05641114580092221,1.9490549814610176,1.8870487926290025,-8.6880006690875
370,-22.384801352442935,90.07295055578675,795.2881498678887,101.60897945684266,-20.43574636246302,91.95999942828172,804.0498295017451,101.56145437654189,0.047525080300772515,1.9490549899799134,1.8870488724949723,-8.761679633856374
371,-22.384802201337436,90.07295219901442,795.2434468394863,101.07349330440033,-20.435747245787184,91.96000102362615,803.9314932563552,101.12029334671882,-0.04680004231849466,1.9490549555502525,1.8870488246117247,-8.688046416868929
372,-22.384801231674942,90.07295113053675,795.4606884126608,101.36887478616018,-20.43574629760144,91.95999989416168,804.1861602811726,101.3653187080098,0.003556078150381836,1.9490549340735015,1.8870487636249322,-8.725471868511818
373,-22.384802172326204,90.07295091106334,795.2841792815261,101.17789202281119,-20.435747160233973,91.95999979048497,804.0188872339909,NA,NA,1.9490550120922308,1.8870488794216271,-8.73470795246476
374,-22.384803437909568,90.07294972867476,795.3128936653895,101.17312634331412,-20.43574844095224,91.95999856911152,804.0290900864042,101.1646005816888,0.008525761625321593,1.9490549969573294,1.887048840436762,-8.716196421014615
375,-22.38480311534829,90.07295048495422,795.5268005941215,101.51728509766468,-20.435748148042762,91.95999931941424,804.2370495693365,101.47900791565888,0.03827718200579966,1.9490549673055284,1.8870488344600176,-8.710248975214995
376,-22.384801839140806,90.07295135577547,795.4156915548449,101.28269739896322,-20.435746890231513,91.96000013683042,804.1559862452793,101.29713549856223,-0.014438099599004772,1.9490549489092928,1.8870487810549434,-8.740294690434439
377,-22.384801184661512,90.07295120429916,795.2562485777233,101.02051674195704,-20.43574630191273,91.95999984348333,803.9827197370641,101.0661126000193,-0.04559585806225641,1.9490548827487828,1.8870486391841723,-8.726471159340804
378,-22.384804242831137,90.07294954554379,795.2922010504782,101.06712681646559,-20.435749174697776,91.95999856882946,804.0265687119168,101.08206412261231,-0.014937306146720175,1.9490550681333616,1.8870490232856696,-8.734367661438569
379,-22.384801407186387,90.07295033877477,795.2462938308539,101.17306505767431,-20.435746437603882,91.95999912292001,803.9677744457753,101.20303229808641,-0.02996724041210541,1.9490549695825052,1.887048784145236,-8.721480614921347
380,-22.38480374433226,90.0729500997731,795.3837170053641,101.12687549593738,-20.435748771762917,91.95999889867812,804.1180625660146,101.13445941256276,-0.007583916625378606,1.9490549725693427,1.8870487989050275,-8.734345560650468
381,-22.384801853303088,90.0729501455404,795.2670903371393,101.19899944932138,-20.435746959817493,91.95999882960723,804.0443449729623,101.1350144200531,0.06398502926828087,1.9490548934855951,1.8870486840668264,-8.777254635823056
382,-22.384805336964263,90.07295053142192,795.591182614677,101.39736292316533,-20.435750260431718,91.95999961203134,804.2998626258563,101.40218368865428,-0.0048207654889438345,1.9490550765325452,1.8870490806094153,-8.708680011179354
383,-22.384802075672525,90.07295036125319,795.3217436049237,101.19950802690809,-20.43574708837903,91.9599992020637,804.0160566137837,101.19664648943254,0.0028615374755531775,1.9490549872934935,1.8870488408105075,-8.694313008860036
384,-22.384801307642732,90.0729509061272,795.1955702358393,101.1006290767595,-20.435746369009593,91.95999964227056,803.8941056638166,101.07248081347291,0.02814826328659592,1.9490549386331395,1.887048736143356,-8.698535427977276
385,-22.384802313491974,90.0729507277467,795.5381656075608,101.46303649878251,-20.435747304365094,91.95999964992225,804.2372271032846,101.4057365857582,0.057299913024309035,1.9490550091268801,1.887048922175552,-8.699061495723754
386,-22.384804518752304,90.07294886025662,795.3347192235129,101.10749048405555,-20.43574954139237,91.95999769124418,804.1067300991936,101.14044158787326,-0.03295110381770883,1.9490549773599355,1.8870488309875668,-8.772010875680621
387,-22.384801156561252,90.07295131897581,795.5629855078403,101.61530655169315,-20.435746222725527,91.96000009314878,804.3683089465773,101.55244917061256,0.06285738108059036,1.9490549338357255,1.8870487741729676,-8.805323438736991
388,-22.38480296709301,90.07295060733642,795.5993178712051,101.61353472472905,-20.43574796255828,91.95999950394483,804.3425634487993,101.55107675709144,0.06245796763761291,1.9490550045347277,1.8870488966084054,-8.743245577594166
389,-22.384802254691294,90.07294985751258,795.4243709123664,101.15672380541452,-20.43574736616398,91.95999853819319,804.2314460859169,101.18809775071506,-0.03137394530054394,1.9490548885273142,1.887048680680607,-8.8070751735505155
390,-22.384802588147352,90.07294888211737,795.2975703635022,101.3721375508292,-20.435747555404873,91.95999780438132,804.1060902432497,101.35226338708156,0.01987416374763029,1.9490550327424785,1.8870489222639435,-8.80851987974745
391,-22.384802769429854,90.072950053656,795.4515951135613,101.28049270121991,-20.435747832892986,91.95999881196232,804.194738855544,101.31224433467551,-0.03175163345559895,1.949054936536868,1.887048758306321,-8.743143741982635
392,-22.384802223258163,90.0729507684674,795.5681904426023,101.50868711868097,-20.435747182561812,91.95999970929822,804.2944202556721,101.5036950507463,0.004992067934665556,1.9490550406963507,1.887048940830823,-8.726229813069835
393,-22.384800475604322,90.07295293999914,795.2057981269498,100.88131176291063,-20.435745573814472,91.96000167322103,803.9010065877414,100.88807880843046,-0.006767045519836756,1.9490549017898502,1.8870487332218886,-8.695208460791605
394,-22.38480368368164,90.07294922306357,795.4240645533954,101.46683813400858,-20.435748632035995,91.9599982161123,804.2841780087799,101.45389849838924,0.012939635619346745,1.9490550516456437,1.8870489930487224,-8.860113455384521
395,-22.384804093438134,90.07294981608723,795.4414889105033,101.17527486652637,-20.435749069950162,91.95999870525108,804.1228727439366,101.1903443163383,-0.015069449811932145,1.949055023487972,1.8870488891638502,-8.681383833433301
396,-22.384802401310765,90.07295063118039,795.0758740232723,100.87532963627203,-20.435747438021394,91.95999940786629,803.7558173578947,100.85611211874584,0.01921751752618661,1.9490549632893703,1.8870487766859014,-8.679943334622408
397,-22.384805201841033,90.072948849053,795.4852922838434,101.12688149692534,-20.435750198826582,91.95999772941443,804.1918037672054,101.13464689044474,-0.007765393519406416,1.9490550030144504,1.8870488803614194,-8.706511483362078
398,-22.384803096480425,90.07294958844636,795.5339939020606,101.10203993354293,-20.435748139368684,91.95999840381012,804.2611447374746,101.16785958643464,-0.06581965289171876,1.9490549571117413,1.8870488153637552,-8.727150835414022
399,-22.38480305824703,90.07295108279413,795.2475397729506,101.30034216396399,-20.43574806114117,91.95999997846059,803.9648039661316,101.27033555589014,0.030006608073847474,1.9490549971058613,1.887048895666453,-8.717264193180995
400,-22.38480202712367,90.07295021283517,795.3082500845729,101.5424278354204,-20.435746997818057,91.95999912223266,804.0752596034982,101.4341627050429,0.10826513037750374,1.9490550293056117,1.8870489093974925,-8.767009518925306
401,-22.38480341932103,90.07295045734583,795.53827331201,101.43788774500831,-20.43574840042811,91.95999940514668,804.2689204774769,101.41906277478734,0.018824970220975956,1.9490550188929205,1.8870489478008494,-8.730647165466848
402,-22.384799740300394,90.07295199968544,795.3273216436844,101.20363727843451,-20.435744877045778,91.96000062318458,803.9928529872382,101.24019613797631,-0.03655885954179894,1.9490548632546165,1.8870486234991404,-8.665531343553766
403,-22.38480135621748,90.07295172014628,795.3110643603743,101.21057328540479,-20.435746392433458,91.96000056886427,804.0311540519133,101.23121982939261,-0.020646543987822952,1.9490549637840218,1.8870488487179955,-8.720089691538988
404,-22.384803029561596,90.07294957863283,795.2911973909032,101.12472766940004,-20.43574801862323,91.959998478492,804.0533957858954,101.10694449817893,0.017783171221111616,1.9490550109383662,1.8870488998591668,-8.762198394992197
405,-22.384800184042973,90.07295067332936,795.3478489398631,101.188372088206,-20.43574528611677,91.9599993020453,804.0257031869157,101.1947996128093,-0.0064275246033105304,1.949054897926203,1.8870486287159451,-8.677854247052665
406,-22.384802957713816,90.07294948412084,795.2951078924192,101.44256827908626,-20.43574792922817,91.95999843940677,804.1875669432935,101.43684792154082,0.005720357545442312,1.9490550284856454,1.887048955285934,-8.892459050874322
407,-22.384801837571587,90.07294974392633,795.5417872948564,101.42630666780931,-20.435746947962883,91.9599984028587,804.2735790575738,101.43745381329936,-0.011147145490042476,1.9490548896087034,1.8870486589323718,-8.731791762717421
408,-22.384801853383266,90.07295011322466,795.3711116310586,101.03673940408012,-20.435746879694165,91.95999896440688,804.2080245950702,101.10040660363512,-0.06366719955499889,1.9490549736891012,1.8870488511822145,-8.836912964011617
409,-22.384803177430513,90.0729494299822,795.3236368511456,100.91685265038598,-20.43574808697349,91.9599984442321,804.0853118082848,100.99171679434954,-0.07486414396356622,1.9490550904570227,1.8870490142498966,-8.761674957139235
410,-22.384803768405078,90.0729497103604,795.2585270249621,100.92267054944273,-20.43574882577272,91.95999845926926,803.9657032134851,100.91795425913293,0.004716290309801252,1.9490549426323582,1.8870487489088532,-8.707176188523022
411,-22.38480483492188,90.07294875794045,795.4886606694367,101.16035870477904,-20.435749708686302,91.9599978440622,804.2607919261275,101.24647932336487,-0.08612061858582365,1.949055126235578,1.887049086121749,-8.772131256690727
412,-22.38480085379541,90.07295127154379,795.4570007534,101.00555592518205,-20.435745944894336,91.95999998435809,804.1955198025021,101.11325043916159,-0.10769451397953844,1.9490549089010756,1.8870487128143054,-8.738519049102024
413,-22.38480142422287,90.07295086723434,795.4251265455953,101.62378508300355,-20.4357464660701,91.95999971728713,804.1527700537076,101.52519912511272,0.09858595789083324,1.9490549581527716,1.8870488500527927,-8.727643508112351
414,-22.384801884170656,90.07295116644303,795.5559476789587,101.23257351680272,-20.435747003889105,91.95999986566619,804.2770126791238,NA,NA,1.949054880281551,1.8870486992231577,-8.72106500016514
415,-22.3848024577012,90.07295159500023,795.3772123383975,101.4049741153153,-20.435747490055746,91.96000044122178,804.0328050828414,101.39116988683224,0.013804228483053294,1.949054967645452,1.8870488462215462,-8.65559274444388
416,-22.384802888634567,90.07295056274376,795.3232201686084,101.29931875542474,-20.43574787751237,91.95999946577945,804.094132151089,101.29812494079783,0.0011938146269017125,1.9490550111221978,1.8870489030356907,-8.770911982480584
417,-22.38480078846925,90.07295126838386,795.2328956764075,100.89015415623896,-20.43574591688963,91.95999991908076,803.9599601323456,100.8795984099275,0.010555746311467828,1.9490548715796194,1.8870486506968973,-8.727064455938148
418,-22.38480214409688,90.07295402574218,795.2966428760542,101.19287503735814,-20.435747166201367,91.96000299404031,803.9736626429499,101.15802480422676,0.03485023313137958,1.9490549778955142,1.8870489682981315,-8.677019766895683
419,-22.384804165217417,90.07294969071012,795.5700717354093,101.35370078118171,-20.435749165086236,91.95999857374028,804.2291691628485,101.37973453984736,-0.02603375866564761,1.9490550001311817,1.887048883030161,-8.659097427439178
420,-22.384803218420473,90.07295071872892,795.3847063573771,101.21370299919232,-20.435748227152203,91.95999960193677,804.039446719475,101.2568344712347,-0.04313147204237566,1.9490549912682695,1.8870488832078536,-8.654740362097868
421,-22.38480205786766,90.07294903996944,795.3681362814489,100.89113145429118,-20.435747132786787,91.95999775729535,804.0939909056428,100.96130254573649,-0.07017109144530309,1.9490549250808726,1.8870487173259107,-8.725854624193971
422,-22.38480138439681,90.07295248676084,795.1434142073172,100.92141327565508,-20.43574648743251,91.96000120262377,803.8275527460196,100.98608770338643,-0.06467442773134735,1.9490548969642987,1.8870487158629317,-8.684138538702427
423,-22.3848015457597,90.07295106636158,795.6609871335056,101.746892341978,-20.435746569248266,91.95999990901097,804.4582240861137,101.70001356834058,0.04687877363741677,1.9490549765114338,1.887048842649392,-8.797236952608046
424,-22.384804701068163,90.07294915282966,795.5851573733119,101.48979381923795,-20.435749663417198,91.9599981157287,804.3813596251237,101.43838005408898,0.051413765148964785,1.9490550376509646,1.88704896289903,-8.796202251811792
425,-22.38480330905358,90.07295103744062,795.1904453184708,101.0216438006068,-20.435748314847757,91.9599999086436,803.8496414819385,100.99288680361099,0.028756996995809914,1.9490549942058237,1.8870488712029783,-8.659196163467755
426,-22.38480353841328,90.07294956340428,795.4758457349603,101.2164768818846,-20.43574852820103,91.95999845858444,804.2590520071365,101.22622972480232,-0.009752842917720272,1.9490550102122484,1.8870488951801576,-8.78320627217613
427,-22.384802117427625,90.0729504154674,795.3245196157187,101.32200481284318,-20.43574716899161,91.95999916209917,804.0647024430652,101.28228163602935,0.03972317681382265,1.9490549484360145,1.8870487466317627,-8.74018282734653
428,-22.384802181842502,90.07294953080574,795.3477123155319,101.50169856217374,-20.43574718626857,91.95999836460399,804.115097785058,101.46083963152122,0.040858930652518666,1.9490549955739311,1.8870488337982465,-8.767385469526062
429,-22.384801836200296,90.07294826049323,795.4784834456498,101.57209152160254,-20.435746884894428,91.95999704961437,804.2298745757961,101.49802169106263,0.07406983053991212,1.9490549513058681,1.8870487891211383,-8.751391130146317
430,-22.384802076849866,90.07295021379437,795.613308388057,101.49225604860737,-20.435747155966823,91.95999896563532,804.3892126916176,101.52619222940407,-0.03393618079670091,1.949054920883043,1.8870487518409504,-8.775904303560537
431,-22.384801718108122,90.07295102902185,795.5916763580856,101.50191827104271,-20.435746831861877,91.95999971889029,804.3315288407154,101.45955003248798,0.04236823855472949,1.9490548862462447,1.8870486898684362,-8.739852482629772
432,-22.38480096596433,90.07295293748953,795.0678649532108,100.6498543158616,-20.43574604979804,91.96000164710821,803.7297822074355,100.71285078974452,-0.06299647388291874,1.9490549161662898,1.887048709618682,-8.661917254224704
433,-22.38480246647859,90.0729505270863,795.3100394144441,101.2710330469854,-20.435747471945007,91.95999941606371,804.0559235243046,101.21932367416147,0.05170937282392174,1.9490549945335829,1.8870488889774037,-8.745884109860526
434,-22.384803149039215,90.0729500187764,795.4669178509184,101.18932475604521,-20.435748173158856,91.95999886484151,804.1565504173079,101.18710247890803,0.0022222771371787076,1.9490549758803581,1.8870488460651131,-8.689632566389491
435,-22.384802360095648,90.07295074372843,795.405249798826,101.28955491936938,-20.435747406937708,91.95999957193959,804.1852019961048,NA,NA,1.9490549531579404,1.8870488282111637,-8.779952197278703
436,-22.384803103166945,90.07295101313255,795.470348651774,101.23413774779198,-20.435748185257097,91.95999978310752,804.1903649995264,101.25103898505031,-0.016901237258338142,1.949054917909848,1.8870487699749674,-8.720016347752448
437,-22.384803225615343,90.07295022257367,795.3462032665112,101.02298341012036,-20.435748220924523,91.95999907469403,804.0665167040063,101.08071265494695,-0.057729244826589365,1.9490550046908197,1.8870488521203583,-8.720313437495065
438,-22.38480251633888,90.07295063691691,795.4239651959001,101.30508330473143,-20.435747615894286,91.95999935527055,804.1330955159411,101.25380633016155,0.051276974569873346,1.9490549004445938,1.8870487183536397,-8.709130320041027
439,-22.384802505429263,90.07295009245524,795.1748894451192,101.06410770256855,-20.4357474733128,91.95999898910384,803.8905882683929,101.07774940802878,-0.013641705460230469,1.949055032116462,1.8870488966485937,-8.71569882327367
440,-22.384802333437307,90.07295045356025,795.3934016833676,101.16958102523722,-20.435747424565506,91.95999916684892,804.1772875233396,101.24114844079196,-0.071567415554739,1.9490549088718012,1.8870487132886637,-8.783885839971958
441,-22.384803242667203,90.07294929943112,795.4166501635038,101.06601047923257,-20.435748249459152,91.95999816110412,804.1753777233457,101.11407357217738,-0.048063092944801156,1.9490549932080512,1.8870488616730086,-8.758727559841873
442,-22.38480366870843,90.07294894884652,795.4412581220154,101.0601977603468,-20.435748658087363,91.95999783314457,804.1736853053603,101.1036506382168,-0.04345287787000984,1.9490550106210662,1.8870488842980535,-8.732427183344953
443,-22.38480287798106,90.07295093102263,795.5153627219312,101.38773484358939,-20.435747879087074,91.9599998207191,804.2463084237322,101.35308373039169,0.03465111319769676,1.9490549988939847,1.887048889696473,-8.730945701801033
444,-22.384802165476742,90.07295123582935,795.4102294102026,101.22426470643532,-20.43574716270996,91.96000011609789,804.1831286011177,101.25026140972716,-0.02599670329183823,1.9490550027667837,1.8870488802685372,-8.772899190915041
445,-22.3848013873706,90.07295153714091,795.2716417540564,101.258060999659,-20.435746451278533,91.96000032098692,803.9811405264633,101.18394770956161,0.07411329009738665,1.9490549360920681,1.8870487838460122,-8.709498772406846
446,-22.38480268040928,90.07295043738003,795.4419048269117,100.8487887367358,-20.435747759394133,91.95999914805475,804.1480301708383,101.0064855922532,-0.15769685551740054,1.949054921015147,1.8870487106747191,-8.706125343926601
447,-22.38480013015382,90.07295209609836,795.3974469197659,101.40552712529964,-20.435745209018847,91.96000088715394,804.0646912276691,101.3687299191152,0.036797206184445486,1.949054921134973,1.8870487910555767,-8.667244307903161
448,-22.38480282903373,90.07295027801564,795.3818406050465,101.11199837487652,-20.435747856756564,91.95999907547417,804.0678676664562,101.12600870704273,-0.014010332166208173,1.9490549722771675,1.887048797458533,-8.686027061409732
449,-22.384801765761864,90.07295119573595,795.4493248319,101.34561782585041,-20.43574686715843,91.9599998905658,804.2028261679918,101.3688450652644,-0.02322723941398408,1.9490548986034355,1.8870486948298435,-8.753501336091858
450,-22.384802594318273,90.07295065115835,795.3774361703258,100.77536658224682,-20.435747665351755,91.95999938681996,804.0891325357032,100.90228536917749,-0.12691878693067338,1.9490549289665182,1.8870487356616081,-8.711696365377406
451,-22.38480175025228,90.0729519729694,795.3734000582531,101.31717479255332,-20.43574680272974,91.96000076595988,804.0881709116925,101.35136970856652,-0.03419491601320601,1.9490549475225407,1.8870487929904698,-8.714770853439404
452,-22.384802480872764,90.07295082244505,795.3160455574707,NA,-20.43574752424226,91.95999961408992,803.9387110749428,101.02820579537988,NA,1.9490549566305049,1.8870487916448724,-8.622665517472115
453,-22.384801778287454,90.07295073731143,795.4102512200687,101.19983661458355,-20.4357468073693,91.95999954366914,804.1040525837265,101.24147002384714,-0.04163340926359638,1.949054970918155,1.8870488063577113,-8.6938013636577125
454,-22.384798113400365,90.07295281392473,795.4566581494261,101.46722364360326,-20.435743251267894,91.96000149200447,804.18948341387,101.4586704486124,0.008553194990867041,1.9490548621324706,1.8870486780797364,-8.732825264443932
455,-22.384802245916404,90.07295075719648,795.2769683832848,101.16548731262122,-20.435747333952946,91.95999945629617,804.0296795010177,101.165471137369,1.6175252227412784e-5,1.949054911963458,1.8870486990996937,-8.752711117732815
456,-22.384802741532184,90.07294992325942,795.2086017693705,101.33066465005683,-20.43574775421129,91.95999879919631,803.9901531340101,101.28699424921493,0.04367040084190421,1.949054987320892,1.8870488759368982,-8.781551364639654
457,-22.384803591583164,90.07295042803028,795.5769029748111,101.39186905186443,-20.435748627490653,91.95999924945536,804.2115884264114,101.4055700520392,-0.013701000174762612,1.949054964092511,1.8870488214250827,-8.634685451600262
458,-22.384803697699027,90.07294969429276,795.4713014084531,101.28541271949831,-20.435748628692664,91.95999867052538,804.2116373486223,101.26550681237822,0.01990590712009066,1.9490550690063628,1.8870489762326201,-8.740335940169189
459,-22.384801820936985,90.07295004525886,795.4885623910692,101.338098797866,-20.435746897309826,91.95999874402955,804.1882545071521,101.3171896296071,0.020909168258896216,1.949054923627159,1.887048698770684,-8.699692116082929
460,-22.38480456063573,90.07294831350251,795.5330266543614,101.29172761500445,-20.435749581245062,91.95999716505364,804.2993401213756,101.34012671404975,-0.048399099045298044,1.9490549793906666,1.8870488515511283,-8.766313467014243
461,-22.384804832820834,90.07294991311457,795.5609671767239,101.60599779395326,-20.435749750293354,91.95999895311635,804.3221582741226,101.55434533310438,0.051652460848885084,1.9490550825274795,1.8870490400017843,-8.761191097398637
462,-22.384801427363385,90.07295111880009,795.4693438845176,101.22135397113902,-20.43574649309565,91.95999983015398,804.2063250540742,101.28129736748721,-0.05994339634818857,1.9490549342677355,1.8870487113538843,-8.736981169556657
463,-22.384802303339683,90.07294992745707,795.3010550753138,100.95432953047052,-20.43574732328031,91.95999876317674,803.9771466239264,101.00872760884411,-0.05439807837359467,1.9490549800593726,1.8870488357196677,-8.67609154861259
464,-22.38480022586583,90.0729497124969,795.341672322658,101.30182824329808,-20.435745302403745,91.95999845444891,804.0288729616526,101.28689366955345,0.014934573744625368,1.9490549234620858,1.8870487419520146,-8.687200638994568
465,-22.384803112353126,90.07295078112176,795.3944200572831,101.23663558126398,-20.435748137990146,91.9599996352425,804.1024329306457,101.28190522600565,-0.045269644741665616,1.94905497436298,1.887048854120735,-8.708012873362577
466,-22.384802423071676,90.07294984424459,795.3277487251703,101.07281023012973,-20.435747475578296,91.95999860251135,804.0365183526128,101.08594616293504,-0.013135932805312223,1.94905494749338,1.8870487582667579,-8.708769627442507
467,-22.384802602803887,90.07295061142005,795.2028035317228,101.02424901493595,-20.43574768547822,91.95999931898339,803.9211426011695,101.0030063887333,0.021242626202649717,1.9490549173256682,1.8870487075633378,-8.718339069446756
468,-22.38480167528246,90.07295135723587,795.5638423176708,101.09922899359532,-20.435746775956318,91.9600000846242,804.3084992351569,101.17743949319868,-0.07821049960335813,1.9490548993261427,1.8870487273883327,-8.744656917486054
469,-22.384801684386247,90.07295031552812,795.356077558369,101.15663161975746,-20.43574669097532,91.95999918743925,804.0599391120688,101.16422593560367,-0.007594315846205291,1.9490549934109254,1.8870488719111336,-8.70386155369988
470,-22.384800798130925,90.07295182603337,795.4564920632243,101.43521972423156,-20.435745829289488,91.96000066706648,804.1941571243942,101.39643559089083,0.03878413334072661,1.9490549688414376,1.8870488410331063,-8.737665061169878
471,-22.384800008108698,90.07295209580036,795.1586475217839,100.64237105043077,-20.43574509537143,91.96000081489512,803.8389536914481,100.67398955005959,-0.03161849962882002,1.9490549127372674,1.8870487190947642,-8.680306169664163
472,-22.38480505370819,90.07294778403093,795.6147431294455,101.27983367776818,-20.4357499575259,91.95999684466585,804.3653953760638,101.3233666010741,-0.04353292330591785,1.949055096182292,1.8870490606349222,-8.750652246618301
473,-22.38480299100732,90.07295010674451,795.3502298523048,101.2037636264171,-20.435748008005902,91.95999897082956,804.0922608029423,101.2009505306059,0.0028130958112058124,1.9490549830014174,1.8870488640850454,-8.742030950637513
474,-22.384805090214968,90.07294759089854,795.1673957611337,101.13007873418067,-20.435750015435872,91.95999657702981,803.930455134719,101.04532083459267,0.08475789958799851,1.9490550747790962,1.8870489861312763,-8.763059373585293
475,-22.38480173622216,90.07295087386629,795.2818830363254,101.11878792760686,-20.435746821432843,91.95999960821129,803.9782559393154,101.15890378439181,-0.040115856784950665,1.9490549147893148,1.8870487343450009,-8.696372902989992
476,-22.38480296620807,90.07294924668903,795.2982250498746,101.09341419407627,-20.435748015691416,91.95999799063063,804.011764981632,101.1378624135694,-0.04444821949311972,1.9490549505166541,1.887048743941591,-8.713539931757396
477,-22.38480151777091,90.07295012057332,795.3715124843015,101.05513545413757,-20.43574662539632,91.95999875496787,804.0817905463618,101.05139985663718,0.0037355975003947606,1.9490548923745905,1.8870486343945458,-8.710278062060297
478,-22.3848005930773,90.07295161532394,795.7340767307915,101.33996855422316,-20.43574579318269,91.96000006342015,804.4733485289172,101.41518276257332,-0.07521420835016102,1.9490547998946113,1.887048448096209,-8.739271798125742
479,-22.38480302313144,90.07295038055065,795.3381656947425,101.52390106447524,-20.43574804189086,91.9599992636231,804.1090558238885,101.42421681707546,0.09968424739977877,1.9490549812405789,1.8870488830724526,-8.770890129145982
480,-22.384801109861485,90.07295027250365,795.4767986049653,101.79844835019574,-20.435746183382093,91.95999900635968,804.2020751342264,101.68745063833163,0.11099771186411544,1.9490549264793913,1.8870487338560338,-8.725276529261123
481,-22.384801444524157,90.07295132653309,795.4459567174208,101.24560481859879,-20.435746514170035,91.96000003089614,804.1601109010415,101.24114162124931,0.004463197349480197,1.949054930354123,1.8870487043630533,-8.714154183620735
482,-22.384800192466002,90.07295302486153,795.3093472628314,101.28422014254289,-20.435745225621986,91.96000186114696,804.044159978374,101.33429370892847,-0.050073566385577806,1.9490549668440167,1.8870488362854303,-8.734812715542603
483,-22.38480146778832,90.07295015255332,795.348221533312,101.38799542815468,-20.43574656309326,91.95999885049198,804.1026186599225,101.32722048932072,0.06077493883395846,1.9490549046950605,1.887048697938667,-8.75439712661057
484,-22.384800659321883,90.07295214801954,795.1745911965475,101.23874123689842,-20.435745742791795,91.9600008705037,803.823525884789,101.26098927551126,-0.022248038612843857,1.9490549165300877,1.8870487224841668,-8.648934688241525
485,-22.384800047482685,90.07295290741175,795.1415163713273,101.35723815550523,-20.435745091748203,91.96000174841706,803.8622376250056,101.23992889743332,0.11730925807191284,1.949054955734482,1.88704884100531,-8.720721253678335
486,-22.384801802518894,90.07295274792102,795.1036776887512,NA,-20.43574686142989,91.96000154898974,803.7928720331794,100.90708759999109,NA,1.9490549410890026,1.8870488010687154,-8.689194344428188
487,-22.384801141349016,90.07295154261848,795.2181214801954,101.26285438466982,-20.435746202532215,91.96000028853891,803.9253508969394,101.25024395694535,0.012610427724467854,1.9490549388168006,1.8870487459204242,-8.707229416744099
488,-22.384803681860262,90.07294845232394,795.496238638865,101.45708197988682,-20.435748712010138,91.95999728623798,804.2077246304306,101.40469821787886,0.05238376200796324,1.949054969850124,1.8870488339140365,-8.71148599156561
489,-22.38480111125071,90.07295214760924,795.4771325237529,101.46442256717404,-20.43574622288932,91.96000084981736,804.193828025823,101.4738654229499,-0.009442855775859016,1.9490548883613883,1.8870487022081193,-8.716695502070138
490,-22.38480273416107,90.07295268979564,795.3271072624209,101.30350926642603,-20.435747719771,91.96000172147913,804.0191074550446,101.23858820112386,0.06492106530217256,1.9490550143900691,1.887049031683489,-8.69200019262371
491,-22.384798591285602,90.07295286196833,795.3742560736296,101.33269506495006,-20.43574380377615,91.96000136051563,804.0915254380702,101.28322900015789,0.04946606479217053,1.9490547875094535,1.8870484985473013,-8.717269364440654
492,-22.38480431818971,90.07294897446957,795.3759217334604,100.88254820809408,-20.435749309805374,91.95999785444917,804.1697784869677,100.94177793457962,-0.05922972648554037,1.9490550083843345,1.8870488799796021,-8.793856753507384
493,-22.384802657493708,90.07294970795493,795.376935695066,101.27976001948593,-20.435747679011058,91.95999856588867,804.0326851787803,101.26291912227447,0.0168408972114662,1.9490549784826499,1.8870488579337348,-8.655749483714317
494,-22.384801367984636,90.07295071843154,795.1555206550117,100.72685942712695,-20.43574638821977,91.95999953371032,803.879618160083,100.75387794222891,-0.02701851510195752,1.9490549797648669,1.8870488152787743,-8.724097505071313
495,-22.38480448386875,90.07294816994235,795.3485865495908,101.00336721805775,-20.435749416731227,91.9599971346627,804.1288121730332,101.06997914623429,-0.06661192817654182,1.9490550671375217,1.8870489647203499,-8.780225623442448
496,-22.38480166440212,90.07295204219514,795.4094118379597,101.56302965609362,-20.435746702627796,91.96000091884667,804.1017247839707,101.49398787054301,0.0690417855506098,1.9490549617743227,1.8870488766515336,-8.69231294601093
497,-22.384800506358317,90.07295119143737,795.2495927030084,101.60711177606373,-20.435745537350613,91.95999999138837,804.0221759764561,101.53612349520512,0.07098828085861442,1.9490549690077046,1.8870487999510033,-8.772583273447708
498,-22.384803254504106,90.07294928688617,795.2988465325478,101.59971568074539,-20.435748196609723,91.95999830725776,804.128684270242,101.53374215969012,0.06597352105526966,1.949055057894384,1.8870490203715917,-8.82983773769422
499,-22.384803396071163,90.07295036517496,795.2464663565207,101.6064672715462,-20.435748359649494,91.95999932048,803.9406010474721,101.47509421255432,0.13137305899186913,1.9490550364216688,1.8870489553050334,-8.694134690951387
500,-22.38480206566561,90.0729508291189,795.7234218878298,101.63015436513243,-20.435747132353413,91.95999958206596,804.4545968842355,101.61749950738664,0.012654857745786785,1.9490549333121976,1.8870487529470665,-8.731174996405684
