arbol,modelo,CICc,delta_CICc
1,mediacion_parcial,61.046684358313584,0
1,mediacion_completa,61.11397373428664,0.06728937597305418
1,rutas_independientes,69.73447698700237,8.687792628688783
1,sin_mediacion,73.63741389202978,12.5907295337162
2,mediacion_parcial,61.07480133212307,0
2,mediacion_completa,61.15444722384471,0.07964589172163983
2,rutas_independientes,69.78411804924534,8.709316717122263
2,sin_mediacion,73.85107603258051,12.776274700457435
3,mediacion_parcial,61.22136021080775,0
3,mediacion_completa,61.22908988912743,0.007729678319677191
3,rutas_independientes,69.66288001876842,8.441519807960667
3,sin_mediacion,73.71499924959396,12.493639038786206
4,mediacion_parcial,61.218451882286914,0
4,mediacion_completa,61.30393334634307,0.08548146405615853
4,rutas_independientes,69.87894864999603,8.66049676770912
4,sin_mediacion,73.97052675787349,12.752074875586572
5,mediacion_parcial,61.166982430839646,0
5,mediacion_completa,61.20553687957659,0.0385544487369458
5,rutas_independientes,69.74332829178846,8.576345860948813
5,sin_mediacion,73.74513080302381,12.578148372184167
6,mediacion_parcial,61.163442849201004,0
6,mediacion_completa,61.17778675681034,0.014343907609337236
6,rutas_independientes,69.77741305237257,8.613970203171561
6,sin_mediacion,73.65192490212584,12.488482052924837
7,mediacion_parcial,61.26629865443493,0
7,mediacion_completa,61.35482001942532,0.08852136499039176
7,rutas_independientes,69.96040494793847,8.694106293503545
7,sin_mediacion,74.02253653749257,12.756237883057644
8,mediacion_parcial,61.16624901178476,0
8,mediacion_completa,61.243165978372545,0.07691696658778824
8,rutas_independientes,69.8398187877273,8.67356977594254
8,sin_mediacion,73.78073463572954,12.614485623944788
9,mediacion_parcial,61.188604937575995,0
9,mediacion_completa,61.207960758712595,0.019355821136599616
9,rutas_independientes,69.83679038463953,8.648185447063533
9,sin_mediacion,73.69271886649705,12.50411392892105
10,mediacion_parcial,61.169409693517736,0
10,mediacion_completa,61.34034971794455,0.17094002442681244
10,rutas_independientes,69.83946740704249,8.670057713524756
10,sin_mediacion,73.94323553839915,12.773825844881415
11,mediacion_parcial,61.3022877213766,0
11,mediacion_completa,61.45896644066468,0.15667871928808097
11,rutas_independientes,69.9484567949047,8.6461690735281
11,sin_mediacion,74.15564285743102,12.853355136054418
12,mediacion_parcial,61.197870599469994,0
12,mediacion_completa,61.217156770722006,0.019286171252012707
12,rutas_independientes,69.55389082009009,8.356020220620096
12,sin_mediacion,73.5755582151909,12.377687615720902
13,mediacion_parcial,61.0384075092645,0
13,mediacion_completa,61.25936981323787,0.2209623039733657
13,rutas_independientes,69.7989512894228,8.7605437801583
13,sin_mediacion,73.8846610038045,12.846253494539994
14,mediacion_parcial,61.160932709214514,0
14,mediacion_completa,61.3412914499185,0.18035874070398705
14,rutas_independientes,69.77611911828558,8.615186409071065
14,sin_mediacion,73.89469405269435,12.733761343479834
15,mediacion_parcial,61.14621616649428,0
15,mediacion_completa,61.285029902274324,0.1388137357800474
15,rutas_independientes,69.85225941583158,8.706043249337306
15,sin_mediacion,73.85487567732827,12.70865951083399
16,mediacion_parcial,61.38301484100319,0
16,mediacion_completa,61.52836979384719,0.14535495284400213
16,rutas_independientes,70.20919405342474,8.82617921242155
16,sin_mediacion,74.3268886894492,12.943873848446017
17,mediacion_parcial,61.14690053253138,0
17,mediacion_completa,61.236594657709944,0.08969412517856057
17,rutas_independientes,69.88174428989453,8.734843757363144
17,sin_mediacion,73.81269877436968,12.665798241838296
18,mediacion_parcial,61.16305831231952,0
18,mediacion_completa,61.27921143572202,0.11615312340249773
18,rutas_independientes,69.8055964250024,8.642538112682885
18,sin_mediacion,73.86098241107494,12.697924098755422
19,mediacion_parcial,61.078344225797835,0
19,mediacion_completa,61.292212882588295,0.21386865679045997
19,rutas_independientes,69.76584687881935,8.687502653021511
19,sin_mediacion,73.86724031486989,12.788896089072054
20,mediacion_parcial,61.12121459098273,0
20,mediacion_completa,61.29023944865408,0.16902485767134579
20,rutas_independientes,69.77362255520285,8.652407964220117
20,sin_mediacion,73.91748692991702,12.796272338934287
21,mediacion_parcial,61.10613366640162,0
21,mediacion_completa,61.26017708324446,0.15404341684283906
21,rutas_independientes,69.62005616028529,8.513922493883669
21,sin_mediacion,73.67510888696097,12.568975220559352
22,mediacion_parcial,61.28258614083991,0
22,mediacion_completa,61.323738356153946,0.041152215314035345
22,rutas_independientes,69.8982475691557,8.61566142831579
22,sin_mediacion,74.01043974369942,12.727853602859511
23,mediacion_parcial,61.25278503804912,0
23,mediacion_completa,61.327400717822016,0.07461567977289718
23,rutas_independientes,69.9125934994625,8.659808461413384
23,sin_mediacion,73.93664076904571,12.68385573099659
24,mediacion_parcial,61.22326164082208,0
24,mediacion_completa,61.439076249962646,0.2158146091405655
24,rutas_independientes,70.06077593398734,8.837514293165263
24,sin_mediacion,74.2597628646134,13.036501223791326
25,mediacion_parcial,61.13752230144893,0
25,mediacion_completa,61.21360625056573,0.07608394911679994
25,rutas_independientes,69.62665970126291,8.489137399813977
25,sin_mediacion,73.62824869094673,12.490726389497802
26,mediacion_parcial,61.06684473179207,0
26,mediacion_completa,61.251888428227616,0.18504369643554952
26,rutas_independientes,69.6951281711797,8.628283439387637
26,sin_mediacion,73.72136868449554,12.654523952703478
27,mediacion_parcial,61.03465416836262,0
27,mediacion_completa,61.041618316506884,0.006964148144263049
27,rutas_independientes,69.37265334909767,8.337999180735054
27,sin_mediacion,73.37097487909747,12.336320710734853
28,mediacion_parcial,61.246547954811874,0
28,mediacion_completa,61.34708906120707,0.1005411063951982
28,rutas_independientes,69.91733235474088,8.670784399929005
28,sin_mediacion,74.08320875145883,12.836660796646953
29,mediacion_completa,61.12674383620258,0
29,mediacion_parcial,61.13410415397004,0.007360317767464153
29,rutas_independientes,69.49483642435142,8.36809258814884
29,sin_mediacion,73.54848335563015,12.421739519427575
30,mediacion_completa,61.36894170347314,0
30,mediacion_parcial,61.378777747560584,0.009836044087442986
30,rutas_independientes,69.9609364684645,8.591994764991355
30,sin_mediacion,73.96246781255884,12.593526109085701
31,mediacion_parcial,61.2203730067576,0
31,mediacion_completa,61.349858195800486,0.12948518904288875
31,rutas_independientes,69.90124959944617,8.680876592688577
31,sin_mediacion,73.89176408485403,12.671391078096434
32,mediacion_parcial,61.12971143604725,0
32,mediacion_completa,61.27491875160072,0.14520731555347055
32,rutas_independientes,69.681656852786,8.551945416738754
32,sin_mediacion,73.76571810839508,12.636006672347825
33,mediacion_parcial,61.256269426533756,0
33,mediacion_completa,61.36765484969433,0.11138542316057709
33,rutas_independientes,69.95524526106536,8.698975834531602
33,sin_mediacion,74.02801705107939,12.771747624545633
34,mediacion_parcial,61.370258003091124,0
34,mediacion_completa,61.54313373399792,0.17287573090679587
34,rutas_independientes,70.09453829618536,8.724280293094239
34,sin_mediacion,74.20573531692798,12.835477313836861
35,mediacion_parcial,61.18258772745395,0
35,mediacion_completa,61.23756264192323,0.05497491446928393
35,rutas_independientes,69.82713160525262,8.644543877798668
35,sin_mediacion,73.83430809141787,12.651720363963918
36,mediacion_parcial,61.26773267245002,0
36,mediacion_completa,61.39504356156487,0.12731088911484534
36,rutas_independientes,70.00025987491725,8.732527202467224
36,sin_mediacion,73.9352455923387,12.66751291988868
37,mediacion_parcial,61.074392668210706,0
37,mediacion_completa,61.27883116144788,0.204438493237177
37,rutas_independientes,69.78115741858758,8.706764750376877
37,sin_mediacion,73.82935059624192,12.754957928031217
38,mediacion_parcial,61.079072713339194,0
38,mediacion_completa,61.20991851197985,0.1308457986406566
38,rutas_independientes,69.78586402481285,8.706791311473658
38,sin_mediacion,73.85044861401876,12.771375900679566
39,mediacion_completa,61.1654640859635,0
39,mediacion_parcial,61.17237805918262,0.006913973219120351
39,rutas_independientes,69.67300966399537,8.507545578031873
39,sin_mediacion,73.63922459243595,12.473760506472452
40,mediacion_parcial,61.28412803777617,0
40,mediacion_completa,61.28657579128705,0.0024477535108786697
40,rutas_independientes,69.874404279601265,8.590276241825094
40,sin_mediacion,73.88251052723248,12.598382489456313
41,mediacion_parcial,61.27020716918509,0
41,mediacion_completa,61.51788200768907,0.24767483850397554
41,rutas_independientes,69.96827740486049,8.698070235675395
41,sin_mediacion,74.29199660654811,13.021789437363019
42,mediacion_parcial,61.36669016099962,0
42,mediacion_completa,61.40408652705733,0.03739636605771324
42,rutas_independientes,70.08217434044786,8.715484179448246
42,sin_mediacion,74.04640556501543,12.679715404015816
43,mediacion_parcial,61.27347684336958,0
43,mediacion_completa,61.38002339962324,0.1065465562536616
43,rutas_independientes,69.92498330691535,8.651506463545772
43,sin_mediacion,73.99478547086076,12.721308627491183
44,mediacion_parcial,61.053428799048376,0
44,mediacion_completa,61.090184373264094,0.03675557421571796
44,rutas_independientes,69.77549631681507,8.722067517766689
44,sin_mediacion,73.76626038216942,12.712831583121044
45,mediacion_parcial,61.38473132663307,0
45,mediacion_completa,61.428606657198905,0.04387533056583237
45,rutas_independientes,69.8840202794783,8.499288952845234
45,sin_mediacion,74.058107829791,12.673376503157925
46,mediacion_parcial,61.30195651011299,0
46,mediacion_completa,61.52517859817853,0.22322208806554045
46,rutas_independientes,70.14061319147223,8.83865668135924
46,sin_mediacion,74.33573232060776,13.033775810494774
47,mediacion_parcial,61.30622941767004,0
47,mediacion_completa,61.447875232426625,0.14164581475658622
47,rutas_independientes,70.05988514763007,8.75365572996003
47,sin_mediacion,74.20718272526985,12.900953307599806
48,mediacion_parcial,61.08353656638516,0
48,mediacion_completa,61.220327498210814,0.13679093182565083
48,rutas_independientes,69.75147176884995,8.66793520246479
48,sin_mediacion,73.71983731264861,12.636300746263444
49,mediacion_parcial,61.12989676923606,0
49,mediacion_completa,61.31048790541503,0.18059113617896827
49,rutas_independientes,69.91334490717432,8.783448137938258
49,sin_mediacion,73.95216672589873,12.822269956662673
50,mediacion_parcial,61.15001946159309,0
50,mediacion_completa,61.252256765541716,0.10223730394862685
50,rutas_independientes,69.89143618035479,8.741416718761698
50,sin_mediacion,73.9151090509611,12.765089589368017
51,mediacion_parcial,61.17390647038651,0
51,mediacion_completa,61.30732293736601,0.13341646697949727
51,rutas_independientes,69.81548620755109,8.641579737164577
51,sin_mediacion,73.86642400187448,12.692517531487965
52,mediacion_parcial,61.19490589809805,0
52,mediacion_completa,61.28158615950393,0.08668026140588125
52,rutas_independientes,69.7670447933817,8.57213889528365
52,sin_mediacion,73.84211525519076,12.647209357092713
53,mediacion_parcial,61.342443785361084,0
53,mediacion_completa,61.474774745712885,0.13233096035180125
53,rutas_independientes,70.10434768309358,8.761903897732495
53,sin_mediacion,74.19611283444372,12.85366904908264
54,mediacion_parcial,61.22842060250154,0
54,mediacion_completa,61.27181163041642,0.04339102791488614
54,rutas_independientes,69.84513541985866,8.616714817357128
54,sin_mediacion,73.8347693295565,12.606348727054957
55,mediacion_parcial,61.16916717319621,0
55,mediacion_completa,61.258265555543055,0.08909838234684742
55,rutas_independientes,69.72720062519807,8.558033452001858
55,sin_mediacion,73.77975586362922,12.610588690433012
56,mediacion_parcial,61.180986864037564,0
56,mediacion_completa,61.2770764249081,0.09608956087053855
56,rutas_independientes,69.81823205733036,8.637245193292799
56,sin_mediacion,73.8506406535337,12.669653789496138
57,mediacion_parcial,61.19353175867808,0
57,mediacion_completa,61.26517350116757,0.07164174248948996
57,rutas_independientes,69.7660121303858,8.572480371707726
57,sin_mediacion,73.58990199539905,12.39637023672097
58,mediacion_parcial,61.26730135768849,0
58,mediacion_completa,61.42925286599055,0.16195150830206018
58,rutas_independientes,69.94398034240447,8.676678984715984
58,sin_mediacion,74.14059553578579,12.873294178097304
59,mediacion_parcial,61.208731357634036,0
59,mediacion_completa,61.31783474151793,0.10910338388389107
59,rutas_independientes,69.78806479295974,8.579333435325708
59,sin_mediacion,73.86029556729807,12.65156420966403
60,mediacion_parcial,61.24947246155544,0
60,mediacion_completa,61.4139270751305,0.1644546135750602
60,rutas_independientes,69.86060207788304,8.611129616327602
60,sin_mediacion,73.94912877438391,12.699656312828466
61,mediacion_parcial,61.27694539249558,0
61,mediacion_completa,61.38477675480675,0.10783136231117396
61,rutas_independientes,69.74529317357457,8.46834778107899
61,sin_mediacion,73.92312818144198,12.646182788946405
62,mediacion_parcial,61.30965616792048,0
62,mediacion_completa,61.3305853360899,0.020929168169416812
62,rutas_independientes,69.90314297485341,8.59348680693293
62,sin_mediacion,73.89180636458153,12.582150196661047
63,mediacion_parcial,61.06155292569034,0
63,mediacion_completa,61.15545029337618,0.0938973676858339
63,rutas_independientes,69.6736355456712,8.61208261998086
63,sin_mediacion,73.72072357426345,12.659170648573102
64,mediacion_parcial,61.31466111078049,0
64,mediacion_completa,61.41536485064177,0.1007037398612809
64,rutas_independientes,69.99131728743687,8.67665617665638
64,sin_mediacion,74.02717997602564,12.712518865245144
65,mediacion_parcial,61.146258792380664,0
65,mediacion_completa,61.18351174388017,0.037252951499503695
65,rutas_independientes,69.72100275789012,8.574743965509455
65,sin_mediacion,73.73044733525067,12.58418854287001
66,mediacion_parcial,61.065416309417245,0
66,mediacion_completa,61.079426692001135,0.014010382583890646
66,rutas_independientes,69.34661343680145,8.281197127384203
66,sin_mediacion,73.44383666816552,12.378420358748272
67,mediacion_parcial,61.19791875690302,0
67,mediacion_completa,61.35754444077885,0.15962568387583076
67,rutas_independientes,69.97964612002832,8.781727363125299
67,sin_mediacion,74.05461246078542,12.8566937038824
68,mediacion_parcial,61.237258896935664,0
68,mediacion_completa,61.42764200246813,0.19038310553246873
68,rutas_independientes,69.82101396385387,8.583755066918208
68,sin_mediacion,73.87122826371308,12.633969366777414
69,mediacion_parcial,61.156891217947944,0
69,mediacion_completa,61.21673414370194,0.05984292575399763
69,rutas_independientes,69.77730727969916,8.620416061751214
69,sin_mediacion,73.80251458736454,12.645623369416597
70,mediacion_parcial,61.20872632969366,0
70,mediacion_completa,61.30336814746984,0.09464181777617853
70,rutas_independientes,69.82342314451394,8.614696814820277
70,sin_mediacion,73.89172190298588,12.682995573292217
71,mediacion_parcial,61.16474944404912,0
71,mediacion_completa,61.276032710739884,0.11128326669076216
71,rutas_independientes,69.72881156250341,8.564062118454288
71,sin_mediacion,73.73379193915677,12.569042495107652
72,mediacion_parcial,61.165434599075596,0
72,mediacion_completa,61.24721230496586,0.08177770589026778
72,rutas_independientes,69.92071839639735,8.755283797321752
72,sin_mediacion,73.9658587466542,12.80042414757861
73,mediacion_parcial,61.32714202807812,0
73,mediacion_completa,61.414871797753634,0.08772976967551216
73,rutas_independientes,69.94869902524016,8.621556997162038
73,sin_mediacion,73.97224115817545,12.645099130097329
74,mediacion_parcial,61.25657192267046,0
74,mediacion_completa,61.3299686460373,0.07339672336684089
74,rutas_independientes,69.85276478674021,8.59619286406975
74,sin_mediacion,73.89602260256562,12.639450679895162
75,mediacion_parcial,61.19869983180919,0
75,mediacion_completa,61.31297576291094,0.11427593110174428
75,rutas_independientes,69.78001044119446,8.58131060938527
75,sin_mediacion,73.82387468543556,12.625174853626362
76,mediacion_parcial,61.08146604232967,0
76,mediacion_completa,61.15266511225463,0.07119906992495828
76,rutas_independientes,69.75694442498738,8.675478382657708
76,sin_mediacion,73.78137654107398,12.699910498744309
77,mediacion_parcial,61.338910596719344,0
77,mediacion_completa,61.415606340720416,0.07669574400107138
77,rutas_independientes,70.02279103511495,8.683880438395605
77,sin_mediacion,74.08972688023647,12.750816283517125
78,mediacion_parcial,61.222336866632716,0
78,mediacion_completa,61.29238215915113,0.07004529251841518
78,rutas_independientes,69.94965769458629,8.727320827953577
78,sin_mediacion,73.96809264885962,12.745755782226908
79,mediacion_parcial,61.250317912907875,0
79,mediacion_completa,61.298381794761355,0.048063881853479984
79,rutas_independientes,69.93067545275888,8.680357539851002
79,sin_mediacion,73.86708209892687,12.616764186018997
80,mediacion_parcial,61.16465162983689,0
80,mediacion_completa,61.336826191028265,0.17217456119137609
80,rutas_independientes,69.89972884445785,8.735077214620965
80,sin_mediacion,73.93742670679669,12.772775076959796
81,mediacion_parcial,61.12689881868819,0
81,mediacion_completa,61.20281626236333,0.07591744367513797
81,rutas_independientes,69.76691838436321,8.640019565675018
81,sin_mediacion,73.78725766884399,12.660358850155802
82,mediacion_parcial,61.08044865007672,0
82,mediacion_completa,61.20271070202887,0.12226205195214845
82,rutas_independientes,69.67821492491797,8.597766274841248
82,sin_mediacion,73.69108530131454,12.610636651237826
83,mediacion_parcial,61.1842322133002,0
83,mediacion_completa,61.28253406399354,0.09830185069333908
83,rutas_independientes,69.77411691039272,8.589884697092522
83,sin_mediacion,73.78441145702092,12.600179243720724
84,mediacion_parcial,61.17690985710955,0
84,mediacion_completa,61.38110886135153,0.20419900424197834
84,rutas_independientes,70.01599762966757,8.839087772558017
84,sin_mediacion,74.06201229926985,12.885102442160303
85,mediacion_parcial,61.253879614882166,0
85,mediacion_completa,61.32518136524228,0.07130175036011366
85,rutas_independientes,69.84040605204325,8.586526437161083
85,sin_mediacion,73.95408497873586,12.700205363853698
86,mediacion_parcial,61.242657216749066,0
86,mediacion_completa,61.3651955874695,0.12253837072043439
86,rutas_independientes,70.01449787088957,8.771840654140505
86,sin_mediacion,74.05348759280243,12.81083037605336
87,mediacion_parcial,61.36458657719808,0
87,mediacion_completa,61.46299681471238,0.098410237514301
87,rutas_independientes,69.92211939532496,8.557532818126873
87,sin_mediacion,74.09164216565995,12.727055588461866
88,mediacion_parcial,61.106549367767414,0
88,mediacion_completa,61.303570802595885,0.19702143482847134
88,rutas_independientes,69.8606736477395,8.754124279972089
88,sin_mediacion,73.96480766245868,12.858258294691268
89,mediacion_parcial,61.16134655228841,0
89,mediacion_completa,61.368333107789354,0.20698655550094713
89,rutas_independientes,69.97518754151484,8.813840989226435
89,sin_mediacion,73.9757488319911,12.81440227970269
90,mediacion_parcial,61.24572895268477,0
90,mediacion_completa,61.2676235315554,0.02189457887062929
90,rutas_independientes,70.05955348575537,8.813824533070601
90,sin_mediacion,74.03713493896102,12.791405986276246
91,mediacion_parcial,61.15365595705058,0
91,mediacion_completa,61.27651070475049,0.12285474769991112
91,rutas_independientes,69.91411996852024,8.760464011469658
91,sin_mediacion,74.02047754781344,12.86682159076286
92,mediacion_parcial,61.20080877913541,0
92,mediacion_completa,61.32880073593371,0.12799195679830433
92,rutas_independientes,69.9296192699997,8.728810490864298
92,sin_mediacion,74.04631129617498,12.84550251703957
93,mediacion_parcial,61.03789360843644,0
93,mediacion_completa,61.16861402299176,0.13072041455532002
93,rutas_independientes,69.45742475977636,8.419531151339918
93,sin_mediacion,73.66911446320407,12.631220854767626
94,mediacion_parcial,61.18594174951547,0
94,mediacion_completa,61.34195143056752,0.1560096810520477
94,rutas_independientes,69.96221403302567,8.7762722835102025
94,sin_mediacion,74.01964330132107,12.833701551805596
95,mediacion_parcial,61.28640014238205,0
95,mediacion_completa,61.404730600126086,0.11833045774403672
95,rutas_independientes,69.98272295969349,8.69632281731144
95,sin_mediacion,74.03153863823226,12.745138495850213
96,mediacion_parcial,61.27234412911743,0
96,mediacion_completa,61.40618783723538,0.13384370811795065
96,rutas_independientes,69.7707034268135,8.49835929769607
96,sin_mediacion,73.89483040898196,12.622486279864532
97,mediacion_completa,61.1148884406816,0
97,mediacion_parcial,61.126881706525225,0.011993265843628365
97,rutas_independientes,69.74823860666893,8.633350165987338
97,sin_mediacion,73.63200998949293,12.517121548811332
98,mediacion_parcial,61.19977510761922,0
98,mediacion_completa,61.367630583837546,0.1678554762183282
98,rutas_independientes,69.78430143249717,8.584526324877956
98,sin_mediacion,73.98816435135011,12.78838924373089
99,mediacion_parcial,61.20893372299027,0
99,mediacion_completa,61.35951094152206,0.15057721853179373
99,rutas_independientes,69.82633583198177,8.617402108991499
99,sin_mediacion,73.92388954724278,12.714955824252513
100,mediacion_parcial,61.247570821449806,0
100,mediacion_completa,61.30149743149279,0.0539266100429856
100,rutas_independientes,70.06673272230134,8.819161900851533
100,sin_mediacion,74.10030025486233,12.852729433412527
101,mediacion_parcial,61.28723675541107,0
101,mediacion_completa,61.36894407220905,0.08170731679797427
101,rutas_independientes,69.89067207467697,8.603435319265898
101,sin_mediacion,73.9630478888248,12.675811133413731
102,mediacion_parcial,61.11933707136263,0
102,mediacion_completa,61.25336972812049,0.13403265675786002
102,rutas_independientes,69.82927360029066,8.709936528928033
102,sin_mediacion,73.8928159680008,12.773478896638174
103,mediacion_parcial,61.110188176219665,0
103,mediacion_completa,61.2982668087413,0.1880786325216377
103,rutas_independientes,69.84184641894804,8.731658242728372
103,sin_mediacion,73.98487636385273,12.874688187633069
104,mediacion_parcial,61.05129784125291,0
104,mediacion_completa,61.202142219212355,0.1508443779594444
104,rutas_independientes,69.63295399083526,8.58165614958235
104,sin_mediacion,73.71747149922885,12.66617365797594
105,mediacion_parcial,61.196003783336685,0
105,mediacion_completa,61.36954261341002,0.17353883007333337
105,rutas_independientes,69.9684675070002,8.772463723663513
105,sin_mediacion,74.01670631586488,12.820702532528195
106,mediacion_parcial,61.15984383125511,0
106,mediacion_completa,61.27749519896967,0.11765136771455786
106,rutas_independientes,69.86386536702724,8.704021535772135
106,sin_mediacion,73.946659990417,12.786816159161894
107,mediacion_parcial,61.13038165063747,0
107,mediacion_completa,61.227327472639786,0.0969458220023185
107,rutas_independientes,69.74639133051475,8.616009679877287
107,sin_mediacion,73.74810316114764,12.617721510510172
108,mediacion_completa,61.46726866292816,0
108,mediacion_parcial,61.47570377422059,0.008435111292428132
108,rutas_independientes,70.02737656844624,8.56010790551808
108,sin_mediacion,74.17156875816487,12.704300095236704
109,mediacion_parcial,61.22853162563729,0
109,mediacion_completa,61.3912112841778,0.1626796585405117
109,rutas_independientes,69.96556913193544,8.737037506298151
109,sin_mediacion,74.07714589013356,12.848614264496277
110,mediacion_parcial,61.20965935586305,0
110,mediacion_completa,61.22593459772797,0.01627524186491769
110,rutas_independientes,69.774682160416,8.565022804552953
110,sin_mediacion,73.78657519355832,12.576915837695267
111,mediacion_parcial,61.12009305469336,0
111,mediacion_completa,61.295188814969435,0.1750957602760721
111,rutas_independientes,69.53790289807591,8.41780984338255
111,sin_mediacion,73.72196536068124,12.601872305987875
112,mediacion_parcial,61.23043986868657,0
112,mediacion_completa,61.38403928067096,0.15359941198439486
112,rutas_independientes,69.84124690414069,8.610807035454123
112,sin_mediacion,73.91608857990326,12.685648711216693
113,mediacion_parcial,61.141482727954894,0
113,mediacion_completa,61.28537073213248,0.14388800417758318
113,rutas_independientes,69.82695802075196,8.685475292797065
113,sin_mediacion,73.88316764055051,12.741684912595616
114,mediacion_parcial,61.1581379950708,0
114,mediacion_completa,61.21931369862419,0.061175703553388416
114,rutas_independientes,69.73824172580109,8.580103730730286
114,sin_mediacion,73.79756978716405,12.639431792093248
115,mediacion_parcial,61.20386888530352,0
115,mediacion_completa,61.33287357405819,0.12900468875466942
115,rutas_independientes,69.88671541548138,8.682846530177855
115,sin_mediacion,73.89770232816717,12.69383344286365
116,mediacion_parcial,61.202918275977424,0
116,mediacion_completa,61.31678333445589,0.11386505847846706
116,rutas_independientes,69.88870758026195,8.685789304284526
116,sin_mediacion,73.87573707768163,12.67281880170421
117,mediacion_parcial,61.21108391857901,0
117,mediacion_completa,61.28927877333261,0.07819485475360466
117,rutas_independientes,69.89503436561017,8.683950447031165
117,sin_mediacion,73.85850905730862,12.647425138729616
118,mediacion_parcial,61.208187904582154,0
118,mediacion_completa,61.34871966144792,0.14053175686576935
118,rutas_independientes,69.8552823275985,8.647094423016348
118,sin_mediacion,73.96780435320096,12.759616448618807
119,mediacion_parcial,61.015013148775914,0
119,mediacion_completa,61.14165224484486,0.1266390960689492
119,rutas_independientes,69.38270610700508,8.367692958229163
119,sin_mediacion,73.56646000392561,12.551446855149699
120,mediacion_parcial,61.20266793854444,0
120,mediacion_completa,61.340343173623125,0.13767523507868873
120,rutas_independientes,69.88868933694138,8.686021398396946
120,sin_mediacion,73.93725148839829,12.734583549853852
121,mediacion_parcial,61.25095817581051,0
121,mediacion_completa,61.31879829850894,0.06784012269842776
121,rutas_independientes,69.87368575509119,8.622727579280678
121,sin_mediacion,73.89348513484336,12.64252695903285
122,mediacion_parcial,61.251940194521275,0
122,mediacion_completa,61.42193275840951,0.16999256388823625
122,rutas_independientes,69.97857266013305,8.726632465611779
122,sin_mediacion,74.00580891499756,12.753868720476284
123,mediacion_parcial,61.146216506137726,0
123,mediacion_completa,61.23699603221429,0.0907795260765667
123,rutas_independientes,69.57575202223188,8.429535516094155
123,sin_mediacion,73.7095955465895,12.563379040451771
124,mediacion_parcial,61.15157510102327,0
124,mediacion_completa,61.29150905636318,0.13993395533991304
124,rutas_independientes,69.83531675546158,8.683741654438307
124,sin_mediacion,73.90780327611263,12.756228175089362
125,mediacion_parcial,61.27838469702886,0
125,mediacion_completa,61.345542746235594,0.06715804920673207
125,rutas_independientes,70.05791164430617,8.779526947277311
125,sin_mediacion,73.96455921283189,12.686174515803025
126,mediacion_parcial,61.279450950005966,0
126,mediacion_completa,61.32280279339838,0.043351843392414935
126,rutas_independientes,69.92866997621847,8.649219026212506
126,sin_mediacion,73.88496380263913,12.605512852633169
127,mediacion_parcial,61.22453213879673,0
127,mediacion_completa,61.42083820873259,0.19630606993585786
127,rutas_independientes,70.01614264482103,8.791610506024298
127,sin_mediacion,74.14814498478495,12.923612845988217
128,mediacion_parcial,61.14202687033622,0
128,mediacion_completa,61.243890828950185,0.10186395861396846
128,rutas_independientes,69.8705620983013,8.72853522796509
128,sin_mediacion,73.86544201107219,12.723415140735973
129,mediacion_parcial,61.16505670843314,0
129,mediacion_completa,61.31933783386734,0.1542811254341956
129,rutas_independientes,69.96636395111031,8.801307242677169
129,sin_mediacion,73.91719323482754,12.752136526394395
130,mediacion_parcial,61.310238106509246,0
130,mediacion_completa,61.49110802079183,0.1808699142825816
130,rutas_independientes,70.081835477303,8.771597370793756
130,sin_mediacion,74.24722315598802,12.936985049478778
131,mediacion_parcial,61.18458118353615,0
131,mediacion_completa,61.30731181975786,0.12273063622170355
131,rutas_independientes,69.91638556997262,8.731804386436465
131,sin_mediacion,73.99187174976622,12.807290566230066
132,mediacion_parcial,61.24426957156449,0
132,mediacion_completa,61.40208998590394,0.15782041433945437
132,rutas_independientes,69.87182018458962,8.627550613025136
132,sin_mediacion,74.03362483233016,12.789355260765674
133,mediacion_parcial,61.18658982062982,0
133,mediacion_completa,61.36478122189604,0.17819140126621846
133,rutas_independientes,69.95035241346355,8.763762592833729
133,sin_mediacion,73.9598252940292,12.773235473399382
134,mediacion_parcial,61.24170835734668,0
134,mediacion_completa,61.33018608089125,0.08847772354457106
134,rutas_independientes,69.91138416090853,8.669675803561844
134,sin_mediacion,73.922648614033207,12.680940256686526
135,mediacion_parcial,61.162217372228106,0
135,mediacion_completa,61.35074268514367,0.18852531291556573
135,rutas_independientes,69.82916425109721,8.666946878869105
135,sin_mediacion,74.00404330887685,12.841825936648739
136,mediacion_parcial,61.23620902928795,0
136,mediacion_completa,61.32760657208069,0.09139754279274115
136,rutas_independientes,69.9221002966723,8.68589126738435
136,sin_mediacion,73.96155706940544,12.725348040117495
137,mediacion_parcial,61.23549419674593,0
137,mediacion_completa,61.332980158067436,0.09748596132150311
137,rutas_independientes,69.79652727586131,8.561033079115376
137,sin_mediacion,73.880180221389807,12.644686024643875
138,mediacion_parcial,61.23711593052407,0
138,mediacion_completa,61.26854903995971,0.03143310943563904
138,rutas_independientes,69.83315942710215,8.596043496578076
138,sin_mediacion,73.92435226002996,12.687236329505893
139,mediacion_parcial,61.19389204273745,0
139,mediacion_completa,61.22265648184781,0.02876443911035409
139,rutas_independientes,69.53615480142602,8.34226275868857
139,sin_mediacion,73.61157717817913,12.41768513544168
140,mediacion_parcial,61.213847241916724,0
140,mediacion_completa,61.328756313726664,0.11490907180994014
140,rutas_independientes,69.8247959584848,8.610948716568075
140,sin_mediacion,73.82109959701964,12.607252355102915
141,mediacion_parcial,61.191801002396154,0
141,mediacion_completa,61.28754137579655,0.0957403734003961
141,rutas_independientes,69.72851060551085,8.536709603114694
141,sin_mediacion,73.83247977035137,12.640678767955215
142,mediacion_parcial,61.32371743298569,0
142,mediacion_completa,61.44541395849848,0.12169652551278887
142,rutas_independientes,70.00170031401221,8.677982881026523
142,sin_mediacion,74.16471900009887,12.841001567113182
143,mediacion_parcial,61.22702328387506,0
143,mediacion_completa,61.28382214237034,0.056798858495277216
143,rutas_independientes,69.90281601248975,8.675792728614688
143,sin_mediacion,73.88043659214705,12.653413308271986
144,mediacion_parcial,61.22472091561156,0
144,mediacion_completa,61.346614556781844,0.12189364117028134
144,rutas_independientes,69.85434307311968,8.629622157508116
144,sin_mediacion,73.95471410130139,12.729993185689828
145,mediacion_parcial,61.15864931960056,0
145,mediacion_completa,61.2641586876356,0.10550936803503674
145,rutas_independientes,69.9497080132368,8.791058693636238
145,sin_mediacion,73.99556870176926,12.836919382168695
146,mediacion_parcial,61.305914492844366,0
146,mediacion_completa,61.41189722554985,0.10598273270548475
146,rutas_independientes,70.05188393770521,8.745969444860847
146,sin_mediacion,74.0564553771082,12.750540884263827
147,mediacion_parcial,61.210133986765044,0
147,mediacion_completa,61.327928855164956,0.11779486839991193
147,rutas_independientes,69.70564587050883,8.495511883743788
147,sin_mediacion,73.75077384955581,12.54063986279077
148,mediacion_parcial,61.252008808793164,0
148,mediacion_completa,61.38887308693916,0.13686427814599256
148,rutas_independientes,69.90986859299394,8.657859784200781
148,sin_mediacion,73.981038962814,12.729030154020833
149,mediacion_parcial,61.11969224135307,0
149,mediacion_completa,61.233697704020244,0.11400546266717271
149,rutas_independientes,69.81164831833532,8.691956076982244
149,sin_mediacion,73.8668263891412,12.747134147788124
150,mediacion_parcial,61.135798146070925,0
150,mediacion_completa,61.262133836994344,0.126335690923419
150,rutas_independientes,69.83821012670117,8.702411980630245
150,sin_mediacion,73.90233539552729,12.766537249456363
151,mediacion_parcial,61.36300170907845,0
151,mediacion_completa,61.46990648897612,0.10690477989766833
151,rutas_independientes,69.94495319915075,8.581951490072292
151,sin_mediacion,74.09369647989662,12.730694770818168
152,mediacion_parcial,61.057124563538984,0
152,mediacion_completa,61.19746250911514,0.14033794557615664
152,rutas_independientes,69.79664436530375,8.739519801764764
152,sin_mediacion,73.88053555014938,12.82341098661039
153,mediacion_parcial,61.317213787442086,0
153,mediacion_completa,61.470922137402695,0.15370834996060978
153,rutas_independientes,70.21593897492716,8.89872518748507
153,sin_mediacion,74.3264628134471,13.009249026005008
154,mediacion_parcial,61.29173523522982,0
154,mediacion_completa,61.47474053845133,0.1830053032215062
154,rutas_independientes,70.17339358998865,8.881658354758827
154,sin_mediacion,74.28529717116973,12.993561935939908
155,mediacion_parcial,61.289706893318595,0
155,mediacion_completa,61.37285132925325,0.08314443593465626
155,rutas_independientes,69.9542445504697,8.6645376571511
155,sin_mediacion,74.08236234737414,12.792655454055549
156,mediacion_parcial,61.089526136805304,0
156,mediacion_completa,61.194469592791066,0.1049434559857616
156,rutas_independientes,69.61833120570184,8.528805068896531
156,sin_mediacion,73.622780313466,12.53325417666069
157,mediacion_parcial,61.2764356812075,0
157,mediacion_completa,61.43253836697849,0.15610268577098907
157,rutas_independientes,70.17015353570358,8.893717854496074
157,sin_mediacion,74.25388148436801,12.977445803160506
158,mediacion_parcial,61.15205881085102,0
158,mediacion_completa,61.21436066874974,0.06230185789872422
158,rutas_independientes,69.89985418968126,8.747795378830247
158,sin_mediacion,73.92107072697065,12.769011916119638
159,mediacion_parcial,61.28275032740336,0
159,mediacion_completa,61.37358775247089,0.09083742506752657
159,rutas_independientes,69.8397082582529,8.556957930849535
159,sin_mediacion,73.96098955272315,12.678239225319786
160,mediacion_parcial,61.2258289147596,0
160,mediacion_completa,61.421442346158784,0.19561343139918108
160,rutas_independientes,69.98437861070158,8.75854969594198
160,sin_mediacion,74.08032037019215,12.854491455432552
161,mediacion_parcial,61.35106068246619,0
161,mediacion_completa,61.47248838200822,0.12142769954203203
161,rutas_independientes,70.31115458074567,8.960093898279474
161,sin_mediacion,74.24732250131716,12.896261818850967
162,mediacion_parcial,61.17970178712221,0
162,mediacion_completa,61.2516747005989,0.07197291347668511
162,rutas_independientes,69.59311237520993,8.413410588087714
162,sin_mediacion,73.71439251372118,12.534690726598967
163,mediacion_parcial,61.23334560069367,0
163,mediacion_completa,61.37558783692968,0.14224223623601517
163,rutas_independientes,70.0344178780521,8.80107227735843
163,sin_mediacion,74.08735894297469,12.854013342281021
164,mediacion_parcial,61.017383078250475,0
164,mediacion_completa,61.14124015567883,0.1238570774283545
164,rutas_independientes,69.3809482885697,8.363565210319223
164,sin_mediacion,73.37454784825267,12.3571647700022
165,mediacion_parcial,61.093351024278746,0
165,mediacion_completa,61.26266083907997,0.16930981480122398
165,rutas_independientes,69.79244723725654,8.699096212977793
165,sin_mediacion,73.88245648495703,12.789105460678286
166,mediacion_parcial,61.31507168721802,0
166,mediacion_completa,61.39582801958957,0.08075633237154989
166,rutas_independientes,70.08289196281709,8.767820275599064
166,sin_mediacion,74.09527402681191,12.780202339593885
167,mediacion_completa,61.086798054801065,0
167,mediacion_parcial,61.17039300675125,0.0835949519501824
167,rutas_independientes,69.6629552620295,8.576157207228434
167,sin_mediacion,73.59992780409289,12.51312974929182
168,mediacion_parcial,61.23909545076163,0
168,mediacion_completa,61.394090406307136,0.15499495554550435
168,rutas_independientes,69.93608958607942,8.696994135317787
168,sin_mediacion,74.06626840140154,12.827172950639913
169,mediacion_parcial,61.17800939170008,0
169,mediacion_completa,61.35460877349114,0.17659938179105694
169,rutas_independientes,69.98785818496842,8.809848793268337
169,sin_mediacion,74.00037059162409,12.82236119992401
170,mediacion_parcial,61.21424587423592,0
170,mediacion_completa,61.260228892444886,0.045983018208964666
170,rutas_independientes,69.74494703659958,8.530701162363663
170,sin_mediacion,73.7827131745082,12.568467300272282
171,mediacion_parcial,61.06719576714637,0
171,mediacion_completa,61.15402270005086,0.0868269329044864
171,rutas_independientes,69.67848449264011,8.611288725493736
171,sin_mediacion,73.6267967942938,12.559601027147423
172,mediacion_parcial,61.38030698182128,0
172,mediacion_completa,61.41331851913718,0.03301153731590034
172,rutas_independientes,69.9805413116552,8.600234329833924
172,sin_mediacion,73.98288993057395,12.60258294875267
173,mediacion_parcial,61.272138374169785,0
173,mediacion_completa,61.34824412135045,0.07610574718066232
173,rutas_independientes,69.81962652127353,8.54748814710375
173,sin_mediacion,73.92544847594144,12.653310101771652
174,mediacion_parcial,61.27039267504736,0
174,mediacion_completa,61.29819996234181,0.02780728729445059
174,rutas_independientes,69.89485234069,8.624459665642632
174,sin_mediacion,73.94446084017792,12.674068165130564
175,mediacion_parcial,61.20095119413087,0
175,mediacion_completa,61.416882431107496,0.21593123697662264
175,rutas_independientes,69.96901490550408,8.768063711373209
175,sin_mediacion,74.07839843094925,12.877447236818377
176,mediacion_parcial,61.32983640983134,0
176,mediacion_completa,61.389084038802025,0.05924762897068803
176,rutas_independientes,69.91340870066223,8.583572290830894
176,sin_mediacion,73.99760988826057,12.667773478429233
177,mediacion_parcial,61.32913497516847,0
177,mediacion_completa,61.46993841947857,0.1408034443100945
177,rutas_independientes,70.15501463555157,8.825879660383094
177,sin_mediacion,74.16136256076703,12.83222758559856
178,mediacion_parcial,61.136887793013614,0
178,mediacion_completa,61.37389743293015,0.23700963991653623
178,rutas_independientes,69.96853463596608,8.831646842952466
178,sin_mediacion,74.01028330923045,12.873395516216831
179,mediacion_parcial,61.29201075788956,0
179,mediacion_completa,61.3588480718024,0.06683731391284198
179,rutas_independientes,69.991933570573,8.69992281268344
179,sin_mediacion,73.97105173121933,12.679040973329776
180,mediacion_parcial,61.274911388736754,0
180,mediacion_completa,61.45288646537544,0.17797507663868828
180,rutas_independientes,70.0261047632012,8.75119337446445
180,sin_mediacion,74.01407535062259,12.739163961885836
181,mediacion_parcial,61.232202817525746,0
181,mediacion_completa,61.2724929909251,0.04029017339935592
181,rutas_independientes,69.70978542152113,8.477582603995387
181,sin_mediacion,73.85719969500454,12.624996877478793
182,mediacion_parcial,61.27993831420447,0
182,mediacion_completa,61.324373581951974,0.044435267747502394
182,rutas_independientes,69.925784716515,8.645846402310525
182,sin_mediacion,73.99875880268985,12.718820488485377
183,mediacion_parcial,61.08643629358142,0
183,mediacion_completa,61.22168164106301,0.135245347481586
183,rutas_independientes,69.53088666325914,8.444450369677718
183,sin_mediacion,73.652079755491755,12.565643461910334
184,mediacion_parcial,61.13947170695973,0
184,mediacion_completa,61.2890132623867,0.14954155542697123
184,rutas_independientes,69.71384867980659,8.574376972846856
184,sin_mediacion,73.75794748606666,12.618475779106923
185,mediacion_parcial,61.197943862745994,0
185,mediacion_completa,61.24914333527258,0.051199472526583634
185,rutas_independientes,69.86790870448317,8.669964841737176
185,sin_mediacion,73.8557228226405,12.657778959894507
186,mediacion_parcial,61.181952514864925,0
186,mediacion_completa,61.26544752771444,0.08349501284951799
186,rutas_independientes,69.9229594676325,8.74100695276757
186,sin_mediacion,74.0018136930268,12.81986117816188
187,mediacion_parcial,61.22083923913003,0
187,mediacion_completa,61.451621745303754,0.23078250617372476
187,rutas_independientes,69.96494346925437,8.744104230124336
187,sin_mediacion,74.05170724481789,12.830868005687861
188,mediacion_parcial,61.309392233737974,0
188,mediacion_completa,61.36753742450709,0.058145190769117505
188,rutas_independientes,70.06839089119009,8.758998657452118
188,sin_mediacion,74.04973215841616,12.740339924678189
189,mediacion_parcial,61.21778774182015,0
189,mediacion_completa,61.34246586814564,0.12467812632548458
189,rutas_independientes,69.8830276361892,8.665239894369044
189,sin_mediacion,73.97247912824277,12.754691386422614
190,mediacion_parcial,61.15985917006073,0
190,mediacion_completa,61.375721952271135,0.215862782210408
190,rutas_independientes,69.78067333613922,8.620814166078489
190,sin_mediacion,73.92465203514132,12.764792865080594
191,mediacion_parcial,61.27689390348933,0
191,mediacion_completa,61.351952403265784,0.0750584997764534
191,rutas_independientes,70.0363178041857,8.759423900696369
191,sin_mediacion,74.04735680255013,12.770462899060796
192,mediacion_parcial,61.15944290406034,0
192,mediacion_completa,61.24691840045368,0.0874754963933384
192,rutas_independientes,69.59567295493423,8.436230050873888
192,sin_mediacion,73.63269878409518,12.473255880034841
193,mediacion_parcial,61.0622985767701,0
193,mediacion_completa,61.28549160335554,0.2231930265854416
193,rutas_independientes,69.84933597130001,8.78703739452991
193,sin_mediacion,73.91082100454383,12.848522427773737
194,mediacion_parcial,61.24328909093876,0
194,mediacion_completa,61.28329082016982,0.040001729231057936
194,rutas_independientes,69.92551128427903,8.682222193340266
194,sin_mediacion,73.99267731538148,12.749388224442725
195,mediacion_parcial,61.09719941743468,0
195,mediacion_completa,61.15413593318512,0.056936515750436456
195,rutas_independientes,69.65865293537885,8.561453517944173
195,sin_mediacion,73.60829569844513,12.511096281010452
196,mediacion_parcial,61.32332644038849,0
196,mediacion_completa,61.52333806424038,0.20001162385188564
196,rutas_independientes,70.07151006026145,8.748183619872954
196,sin_mediacion,74.14863172325724,12.825305282868747
197,mediacion_parcial,61.20199459535324,0
197,mediacion_completa,61.24433275357572,0.04233815822247777
197,rutas_independientes,70.00562321068686,8.803628615333622
197,sin_mediacion,73.9894785611213,12.787483965768061
198,mediacion_parcial,61.08451687797634,0
198,mediacion_completa,61.229593181451186,0.1450763034748448
198,rutas_independientes,69.87270001041419,8.788183132437851
198,sin_mediacion,73.90420659677653,12.819689718800191
199,mediacion_parcial,61.18540754208837,0
199,mediacion_completa,61.29962454308165,0.11421700099327836
199,rutas_independientes,69.77876055069896,8.593353008610592
199,sin_mediacion,73.80733912960505,12.621931587516684
200,mediacion_parcial,61.224036171521064,0
200,mediacion_completa,61.400156760554026,0.17612058903296202
200,rutas_independientes,69.94342258558599,8.719386414064928
200,sin_mediacion,74.09100335709059,12.866967185569521
201,mediacion_parcial,61.33904769101664,0
201,mediacion_completa,61.37245183076112,0.03340413974448353
201,rutas_independientes,69.98252280102467,8.643475110008033
201,sin_mediacion,73.91770251307865,12.578654822062013
202,mediacion_parcial,61.22547450620336,0
202,mediacion_completa,61.32689696845597,0.1014224622526072
202,rutas_independientes,69.89740467507701,8.67193016887365
202,sin_mediacion,73.85943713980805,12.633962633604689
203,mediacion_parcial,61.236548719374014,0
203,mediacion_completa,61.37235808029121,0.1358093609171931
203,rutas_independientes,69.98540414913762,8.748855429763609
203,sin_mediacion,74.04334257778297,12.806793858408952
204,mediacion_parcial,61.133908798562636,0
204,mediacion_completa,61.324066785559594,0.19015798699695807
204,rutas_independientes,69.95627953935725,8.822370740794618
204,sin_mediacion,73.97382925902548,12.839920460462842
205,mediacion_parcial,61.12152078504194,0
205,mediacion_completa,61.26750156303345,0.145980777991511
205,rutas_independientes,69.77885228841293,8.657331503370997
205,sin_mediacion,73.84176115875435,12.720240373712414
206,mediacion_parcial,61.15611316247595,0
206,mediacion_completa,61.229872289681516,0.07375912720556954
206,rutas_independientes,69.80948588634708,8.65337272387113
206,sin_mediacion,73.77627876710702,12.620165604631069
207,mediacion_parcial,61.26680226371472,0
207,mediacion_completa,61.416276235159785,0.1494739714450617
207,rutas_independientes,70.08552636677376,8.81872410305904
207,sin_mediacion,74.24601795838613,12.97921569467141
208,mediacion_parcial,61.25758866727686,0
208,mediacion_completa,61.263979641333364,0.006390974056500909
208,rutas_independientes,69.92492634604352,8.667337678766657
208,sin_mediacion,73.86786689894353,12.610278231666669
209,mediacion_parcial,61.318290519334525,0
209,mediacion_completa,61.40197139731322,0.0836808779786935
209,rutas_independientes,69.93561114285589,8.617320623521366
209,sin_mediacion,73.95566041193224,12.637369892597718
210,mediacion_parcial,61.10518401150314,0
210,mediacion_completa,61.16418274290853,0.05899873140538858
210,rutas_independientes,69.5173602638709,8.412176252367757
210,sin_mediacion,73.61888535556233,12.513701344059186
211,mediacion_parcial,61.21027870785272,0
211,mediacion_completa,61.29050120518767,0.08022249733494391
211,rutas_independientes,69.83004810992179,8.619769402069068
211,sin_mediacion,73.72657875319102,12.516300045338298
212,mediacion_parcial,61.201970052280934,0
212,mediacion_completa,61.3074241713215,0.10545411904056579
212,rutas_independientes,69.92681184011713,8.72484178783619
212,sin_mediacion,73.86252802606774,12.660557973786801
213,mediacion_parcial,61.10344062818914,0
213,mediacion_completa,61.20338973975771,0.09994911156857
213,rutas_independientes,69.8134952619107,8.710054633721562
213,sin_mediacion,73.80359871744183,12.700158089252689
214,mediacion_parcial,61.124661922001785,0
214,mediacion_completa,61.24913823286653,0.12447631086474331
214,rutas_independientes,69.56522367094422,8.440561748942436
214,sin_mediacion,73.65995672492645,12.53529480292466
215,mediacion_parcial,61.25080874133856,0
215,mediacion_completa,61.41822003999202,0.16741129865346238
215,rutas_independientes,70.01430938292448,8.763500641585921
215,sin_mediacion,74.14779345695942,12.89698471562086
216,mediacion_parcial,61.12550713407255,0
216,mediacion_completa,61.34489985969398,0.2193927256214323
216,rutas_independientes,69.74985029301568,8.624343158943134
216,sin_mediacion,73.89242172845726,12.766914594384716
217,mediacion_parcial,61.14773875485015,0
217,mediacion_completa,61.301014630972816,0.15327587612266313
217,rutas_independientes,69.97722492803021,8.829486173180058
217,sin_mediacion,73.96506551310576,12.817326758255604
218,mediacion_parcial,61.30501490897263,0
218,mediacion_completa,61.339398647254825,0.03438373828219454
218,rutas_independientes,69.83950855878244,8.53449364980981
218,sin_mediacion,73.85351678811999,12.54850187914736
219,mediacion_parcial,61.304042487366765,0
219,mediacion_completa,61.35661175055672,0.052569263189958804
219,rutas_independientes,70.06611444637484,8.762071959008075
219,sin_mediacion,74.11799049887853,12.813948011511762
220,mediacion_parcial,61.27300185865857,0
220,mediacion_completa,61.35866725067416,0.08566539201559209
220,rutas_independientes,69.8947940578928,8.621792199234228
220,sin_mediacion,73.91155057676319,12.638548718104623
221,mediacion_parcial,61.26199340208257,0
221,mediacion_completa,61.386527146898175,0.12453374481560786
221,rutas_independientes,69.90284528260825,8.640851880525688
221,sin_mediacion,74.06015427444439,12.79816087236182
222,mediacion_parcial,61.21526592519362,0
222,mediacion_completa,61.36115359013154,0.1458876649379235
222,rutas_independientes,69.72810972466391,8.51284379947029
222,sin_mediacion,73.89221172209145,12.676945796897826
223,mediacion_parcial,61.11952710185913,0
223,mediacion_completa,61.296682628573635,0.17715552671450752
223,rutas_independientes,69.84312541438428,8.723598312525148
223,sin_mediacion,73.87525304709833,12.755725945239199
224,mediacion_parcial,61.25169528662652,0
224,mediacion_completa,61.381752060809916,0.13005677418339445
224,rutas_independientes,69.9433859088158,8.691690622189277
224,sin_mediacion,73.94568572868242,12.693990442055899
225,mediacion_parcial,61.14673663532294,0
225,mediacion_completa,61.14712631617603,3.8968085308965783e-4
225,rutas_independientes,69.67710509265356,8.530368457330624
225,sin_mediacion,73.55567016382257,12.408933528499631
226,mediacion_parcial,61.135731586391316,0
226,mediacion_completa,61.18390856248967,0.04817697609835392
226,rutas_independientes,69.70151271879527,8.565781132403956
226,sin_mediacion,73.7054038612611,12.569672274869788
227,mediacion_parcial,61.21652592225864,0
227,mediacion_completa,61.34694574187945,0.13041981962081195
227,rutas_independientes,69.90591566742117,8.68938974516253
227,sin_mediacion,73.98935262770162,12.77282670544298
228,mediacion_parcial,61.13812670120614,0
228,mediacion_completa,61.23639854530473,0.09827184409859058
228,rutas_independientes,69.94854388589337,8.810417184687232
228,sin_mediacion,73.85691040131539,12.718783700109249
229,mediacion_parcial,61.04462718840702,0
229,mediacion_completa,61.24301332738292,0.19838613897589852
229,rutas_independientes,69.8315004656881,8.786873277281074
229,sin_mediacion,73.83668866543067,12.792061477023651
230,mediacion_parcial,61.22727257832217,0
230,mediacion_completa,61.33393716942052,0.10666459109835102
230,rutas_independientes,69.8519458921974,8.624673313875235
230,sin_mediacion,73.92569984256798,12.698427264245808
231,mediacion_parcial,61.26327292535948,0
231,mediacion_completa,61.35129896562698,0.0880260402675006
231,rutas_independientes,69.95852576063277,8.695252835273287
231,sin_mediacion,74.07947010397854,12.816197178619056
232,mediacion_parcial,61.23637729444468,0
232,mediacion_completa,61.390821291546814,0.15444399710213474
232,rutas_independientes,70.07964418365052,8.843266889205836
232,sin_mediacion,74.08158445071675,12.845207156272068
233,mediacion_parcial,61.193287235152724,0
233,mediacion_completa,61.42127396640933,0.22798673125660684
233,rutas_independientes,70.03759718918789,8.844309954035168
233,sin_mediacion,74.0963279606716,12.903040725518878
234,mediacion_parcial,61.229322816414246,0
234,mediacion_completa,61.36024912959061,0.13092631317636716
234,rutas_independientes,70.12010235631612,8.890779539901878
234,sin_mediacion,74.19086519081182,12.961542374397574
235,mediacion_parcial,61.19888478581832,0
235,mediacion_completa,61.26606649881761,0.06718171299928599
235,rutas_independientes,70.02393253265585,8.825047746837527
235,sin_mediacion,73.99578778949429,12.796903003675965
236,mediacion_parcial,61.20691523979662,0
236,mediacion_completa,61.301425346413026,0.09451010661640424
236,rutas_independientes,69.81628251998805,8.609367280191428
236,sin_mediacion,73.84538618875587,12.638470948959245
237,mediacion_parcial,61.191400006299496,0
237,mediacion_completa,61.274049969780165,0.08264996348066944
237,rutas_independientes,69.6808010610329,8.4894010547334
237,sin_mediacion,73.76376635316272,12.572366346863227
238,mediacion_parcial,61.20435858804553,0
238,mediacion_completa,61.252384170671675,0.048025582626145535
238,rutas_independientes,69.82458281822463,8.620224230179097
238,sin_mediacion,73.88154425769547,12.677185669649937
239,mediacion_parcial,61.22069164454373,0
239,mediacion_completa,61.36894211313326,0.14825046858953073
239,rutas_independientes,69.78044542762743,8.5597537830837
239,sin_mediacion,73.84658857027621,12.625896925732484
240,mediacion_parcial,61.05861500936042,0
240,mediacion_completa,61.10652935922985,0.047914349869429884
240,rutas_independientes,69.68121240374893,8.622597394388507
240,sin_mediacion,73.60714903954083,12.548534030180406
241,mediacion_parcial,61.12825565108235,0
241,mediacion_completa,61.232809076374906,0.10455342529255773
241,rutas_independientes,69.8343270842934,8.706071433211058
241,sin_mediacion,73.7160070312638,12.587751380181452
242,mediacion_parcial,61.191490202122665,0
242,mediacion_completa,61.29546922822422,0.1039790261015554
242,rutas_independientes,69.76895320712724,8.577463005004574
242,sin_mediacion,73.81998017509382,12.628489972971153
243,mediacion_parcial,61.10347200929055,0
243,mediacion_completa,61.26329061479183,0.1598186055012789
243,rutas_independientes,69.8618769664885,8.758404957197946
243,sin_mediacion,73.82306149880752,12.71958948951697
244,mediacion_parcial,61.23007817961545,0
244,mediacion_completa,61.2566697244491,0.026591544833650005
244,rutas_independientes,69.79762616069397,8.56754798107852
244,sin_mediacion,73.84815899075096,12.618080811135513
245,mediacion_parcial,61.189535744701345,0
245,mediacion_completa,61.27596595591276,0.08643021121141459
245,rutas_independientes,69.57164151726658,8.38210577256524
245,sin_mediacion,73.6841420370623,12.494606292360956
246,mediacion_parcial,61.32826581878693,0
246,mediacion_completa,61.45639796146432,0.12813214267738715
246,rutas_independientes,69.99405322876622,8.665787409979288
246,sin_mediacion,74.16934816707676,12.84108234828983
247,mediacion_parcial,61.19323779506172,0
247,mediacion_completa,61.26897024724262,0.07573245218090108
247,rutas_independientes,69.91795500229097,8.724717207229247
247,sin_mediacion,73.92312396813452,12.7298861730728
248,mediacion_parcial,61.21842478635986,0
248,mediacion_completa,61.366386385602226,0.14796159924236463
248,rutas_independientes,69.75481769302192,8.536392906662059
248,sin_mediacion,73.83992195665688,12.621497170297019
249,mediacion_parcial,61.190478970248265,0
249,mediacion_completa,61.261365137953746,0.07088616770548128
249,rutas_independientes,69.71493199456665,8.52445302431839
249,sin_mediacion,73.80059176964531,12.610112799397044
250,mediacion_parcial,61.22516410992605,0
250,mediacion_completa,61.29527461458899,0.07011050466294222
250,rutas_independientes,69.92220322337334,8.697039113447296
250,sin_mediacion,73.79186665157688,12.566702541650834
251,mediacion_parcial,61.10909144136747,0
251,mediacion_completa,61.210922723581476,0.1018312822140075
251,rutas_independientes,69.62941316076098,8.520321719393507
251,sin_mediacion,73.67566814877087,12.5665767074034
252,mediacion_parcial,61.16715193561727,0
252,mediacion_completa,61.25930765430441,0.09215571868713823
252,rutas_independientes,69.6759442063705,8.508792270753233
252,sin_mediacion,73.80956705153743,12.642415115920159
253,mediacion_parcial,61.22811998532098,0
253,mediacion_completa,61.34008795592531,0.11196797060433283
253,rutas_independientes,69.83857730193922,8.610457316618245
253,sin_mediacion,74.0152898755818,12.78716989026082
254,mediacion_parcial,61.166916012898405,0
254,mediacion_completa,61.30926325257557,0.14234723967716434
254,rutas_independientes,69.72741711766983,8.560501104771426
254,sin_mediacion,73.77208638265701,12.605170369758603
255,mediacion_parcial,61.05989876412489,0
255,mediacion_completa,61.19401605335184,0.13411728922694977
255,rutas_independientes,69.6980059295606,8.638107165435706
255,sin_mediacion,73.63416103502222,12.574262270897329
256,mediacion_parcial,61.116204313798605,0
256,mediacion_completa,61.2131067763078,0.09690246250919188
256,rutas_independientes,69.63581470942452,8.519610395625918
256,sin_mediacion,73.78330209473177,12.667097780933162
257,mediacion_parcial,61.34588307457031,0
257,mediacion_completa,61.48041459536168,0.13453152079136999
257,rutas_independientes,69.92097821471918,8.575095140148875
257,sin_mediacion,74.03179507093904,12.68591199636873
258,mediacion_parcial,61.15227049795251,0
258,mediacion_completa,61.34974768954885,0.19747719159634158
258,rutas_independientes,69.9384297832866,8.786159285334087
258,sin_mediacion,74.03295733100389,12.880686833051378
259,mediacion_parcial,61.11808334951358,0
259,mediacion_completa,61.25195038280768,0.133867033294095
259,rutas_independientes,69.903335798171355,8.785252448657772
259,sin_mediacion,73.93349818664785,12.81541483713427
260,mediacion_parcial,61.240263185264425,0
260,mediacion_completa,61.35627137774845,0.11600819248402416
260,rutas_independientes,70.006212008402,8.765948823137578
260,sin_mediacion,74.08079096612096,12.840527780856533
261,mediacion_parcial,61.11651243790971,0
261,mediacion_completa,61.22519141360959,0.10867897569988116
261,rutas_independientes,69.73886854321252,8.622356105302806
261,sin_mediacion,73.71276282179593,12.596250383886222
262,mediacion_parcial,61.279684103023214,0
262,mediacion_completa,61.28415363298547,0.004469529962257468
262,rutas_independientes,69.79706759085931,8.5173834878361
262,sin_mediacion,73.863947847408,12.584263744384785
263,mediacion_parcial,61.26057435834229,0
263,mediacion_completa,61.40174516852609,0.14117081018380162
263,rutas_independientes,69.95470154277221,8.694127184429924
263,sin_mediacion,74.03716954275691,12.776595184414624
264,mediacion_parcial,61.104257763650125,0
264,mediacion_completa,61.16117176997494,0.056914006324817024
264,rutas_independientes,69.55987283473289,8.455615071082761
264,sin_mediacion,73.5821354409457,12.47787767729558
265,mediacion_parcial,61.18608400255999,0
265,mediacion_completa,61.2512940642837,0.06521006172371102
265,rutas_independientes,69.7989007301685,8.61281672760851
265,sin_mediacion,73.8238317013986,12.637747698838616
266,mediacion_parcial,61.28514067162638,0
266,mediacion_completa,61.33140921208912,0.04626854046274076
266,rutas_independientes,69.68826464513853,8.403123973512152
266,sin_mediacion,73.72723411216826,12.442093440541882
267,mediacion_parcial,61.26991051270587,0
267,mediacion_completa,61.371640736760384,0.10173022405451349
267,rutas_independientes,70.00881630130166,8.738905788595794
267,sin_mediacion,74.08434250033076,12.814431987624893
268,mediacion_parcial,61.1970088432831,0
268,mediacion_completa,61.29329476850852,0.09628592522541624
268,rutas_independientes,70.0520275553954,8.855018712112297
268,sin_mediacion,74.05946746897277,12.86245862568967
269,mediacion_parcial,61.108877065339044,0
269,mediacion_completa,61.17731688955611,0.06843982421706585
269,rutas_independientes,69.60024461532231,8.491367549983266
269,sin_mediacion,73.62254303034636,12.51366596500732
270,mediacion_parcial,61.164661164993504,0
270,mediacion_completa,61.31197234248975,0.147311177496249
270,rutas_independientes,69.87379269152181,8.70913152652831
270,sin_mediacion,73.9466581047225,12.781996939728998
271,mediacion_parcial,61.11360993988476,0
271,mediacion_completa,61.15352621544281,0.03991627555804911
271,rutas_independientes,69.76959471078072,8.655984770895962
271,sin_mediacion,73.7087214124129,12.595111472528139
272,mediacion_parcial,61.162626385150865,0
272,mediacion_completa,61.252484120273174,0.08985773512230821
272,rutas_independientes,69.66152830252719,8.4989019173763225
272,sin_mediacion,73.7384008454503,12.575774460299435
273,mediacion_parcial,61.09216289635621,0
273,mediacion_completa,61.10247397009731,0.010311073741100074
273,rutas_independientes,69.54667191965402,8.45450902329781
273,sin_mediacion,73.57874166840676,12.486578772050557
274,mediacion_parcial,61.433115181945865,0
274,mediacion_completa,61.55604308891033,0.12292790696446332
274,rutas_independientes,70.03727092353068,8.604155741584819
274,sin_mediacion,74.22090016985366,12.787784987907798
275,mediacion_parcial,61.008458882191704,0
275,mediacion_completa,61.18800267083789,0.17954378864618548
275,rutas_independientes,69.66236412358208,8.653905241390376
275,sin_mediacion,73.69152853286357,12.683069650671868
276,mediacion_parcial,61.264575407253346,0
276,mediacion_completa,61.43145675780643,0.1668813505530835
276,rutas_independientes,69.99405143767538,8.729476030422035
276,sin_mediacion,74.12351843736765,12.858943030114304
277,mediacion_parcial,61.14472266539858,0
277,mediacion_completa,61.28487413076748,0.1401514653688949
277,rutas_independientes,69.81526765420551,8.670544988806931
277,sin_mediacion,73.81072025284209,12.665997587443506
278,mediacion_parcial,61.21019333470052,0
278,mediacion_completa,61.22999151073467,0.019798176034150572
278,rutas_independientes,69.7422546336948,8.532061298994279
278,sin_mediacion,73.77560426572694,12.56541093102642
279,mediacion_parcial,61.32309428039096,0
279,mediacion_completa,61.39887564683065,0.07578136643969202
279,rutas_independientes,69.85848526340959,8.53539098301863
279,sin_mediacion,73.962650722344,12.639556441953033
280,mediacion_parcial,61.24232888064456,0
280,mediacion_completa,61.42935648779245,0.1870276071478898
280,rutas_independientes,70.03117923253845,8.788850351893892
280,sin_mediacion,74.21151502232141,12.96918614167685
281,mediacion_parcial,61.08291129227152,0
281,mediacion_completa,61.139347207692836,0.05643591542131787
281,rutas_independientes,69.51426430817337,8.431353015901848
281,sin_mediacion,73.56747116403716,12.48455987176564
282,mediacion_parcial,61.27032739392692,0
282,mediacion_completa,61.46674672487195,0.19641933094503372
282,rutas_independientes,70.00846144276314,8.738134048836216
282,sin_mediacion,74.12224817962218,12.851920785695256
283,mediacion_parcial,61.25914526518793,0
283,mediacion_completa,61.27778847030765,0.018643205119715844
283,rutas_independientes,69.74696483815933,8.487819572971397
283,sin_mediacion,73.8043892457226,12.545243980534671
284,mediacion_parcial,61.17236493459756,0
284,mediacion_completa,61.28569176393543,0.11332682933787197
284,rutas_independientes,69.82683880797063,8.654473873373071
284,sin_mediacion,73.80599089838671,12.63362596378915
285,mediacion_parcial,61.173124720876864,0
285,mediacion_completa,61.209356193130915,0.036231472254051766
285,rutas_independientes,69.93302778822003,8.759903067343167
285,sin_mediacion,73.97092556696822,12.797800846091356
286,mediacion_parcial,61.16623705504941,0
286,mediacion_completa,61.26083181536538,0.09459476031597092
286,rutas_independientes,69.78575415599906,8.61951710094965
286,sin_mediacion,73.85351565810275,12.687278603053343
287,mediacion_parcial,61.055123408317954,0
287,mediacion_completa,61.15602221306605,0.10089880474809831
287,rutas_independientes,69.49204846986274,8.436925061544784
287,sin_mediacion,73.49061299277174,12.43548958445379
288,mediacion_parcial,61.25558831184235,0
288,mediacion_completa,61.41758711479143,0.16199880294907842
288,rutas_independientes,69.9383742313333,8.682785919490946
288,sin_mediacion,74.10448379684537,12.84889548500302
289,mediacion_parcial,61.11258940671888,0
289,mediacion_completa,61.22610203763189,0.11351263091300723
289,rutas_independientes,69.80557115618852,8.692981749469638
289,sin_mediacion,73.84235562477056,12.72976621805168
290,mediacion_parcial,61.1217551967072,0
290,mediacion_completa,61.19169863468832,0.06994343798112368
290,rutas_independientes,69.84420649293443,8.722451296227234
290,sin_mediacion,73.78442658181731,12.662671385110116
291,mediacion_parcial,61.25870873366877,0
291,mediacion_completa,61.457738281065716,0.19902954739694678
291,rutas_independientes,70.08836099719532,8.829652263526555
291,sin_mediacion,74.24225471517695,12.983545981508186
292,mediacion_parcial,61.204109683291016,0
292,mediacion_completa,61.35541282695142,0.15130314366040665
292,rutas_independientes,69.93860057805058,8.734490894759567
292,sin_mediacion,74.03721723655218,12.833107553261165
293,mediacion_parcial,61.07732900194336,0
293,mediacion_completa,61.18830986720838,0.11098086526502016
293,rutas_independientes,69.72401378931264,8.646684787369274
293,sin_mediacion,73.69296734640076,12.615638344457402
294,mediacion_parcial,61.238138693691155,0
294,mediacion_completa,61.3122995268327,0.07416083314154776
294,rutas_independientes,69.95581516291556,8.7176764692244
294,sin_mediacion,73.94518470282566,12.707046009134501
295,mediacion_parcial,61.03883396294326,0
295,mediacion_completa,61.23281507669851,0.19398111375524962
295,rutas_independientes,69.92985099627197,8.891017033328708
295,sin_mediacion,73.92150127290236,12.882667309959103
296,mediacion_parcial,61.144530071772095,0
296,mediacion_completa,61.310310513496795,0.1657804417246993
296,rutas_independientes,69.71648405234372,8.571953980571621
296,sin_mediacion,73.8991063664345,12.7545762946624
297,mediacion_parcial,61.19547942760827,0
297,mediacion_completa,61.31278735878384,0.11730793117556715
297,rutas_independientes,69.85606757424173,8.660588146633465
297,sin_mediacion,73.82137232619327,12.625892898585
298,mediacion_parcial,61.248442871738185,0
298,mediacion_completa,61.40014646407015,0.1517035923319625
298,rutas_independientes,70.07898148220609,8.830538610467904
298,sin_mediacion,74.01472737535215,12.766284503613967
299,mediacion_parcial,61.09948537454643,0
299,mediacion_completa,61.131746839202094,0.0322614646556616
299,rutas_independientes,69.46646410572637,8.366978731179941
299,sin_mediacion,73.5165672182218,12.417081843675362
300,mediacion_parcial,61.15182191029482,0
300,mediacion_completa,61.189451292617655,0.03762938232283375
300,rutas_independientes,69.72627085117313,8.574448940878305
300,sin_mediacion,73.77189396722525,12.620072056930432
301,mediacion_parcial,61.18251033439165,0
301,mediacion_completa,61.20282560047143,0.02031526607977696
301,rutas_independientes,70.09293679877158,8.910426464379924
301,sin_mediacion,73.95625155274182,12.773741218350168
302,mediacion_parcial,61.062951168636154,0
302,mediacion_completa,61.15463569530357,0.09168452666741445
302,rutas_independientes,69.75143169270716,8.688480524071004
302,sin_mediacion,73.66009855895469,12.597147390318533
303,mediacion_parcial,61.349244769709244,0
303,mediacion_completa,61.47656605067284,0.1273212809635922
303,rutas_independientes,70.0620250448297,8.712780275120451
303,sin_mediacion,74.12248730981335,12.773242540104107
304,mediacion_parcial,61.19092660247638,0
304,mediacion_completa,61.21387171993397,0.022945117457588537
304,rutas_independientes,69.7460505515829,8.555123949106516
304,sin_mediacion,73.71352949996808,12.522602897491694
305,mediacion_parcial,61.22263006994955,0
305,mediacion_completa,61.3324237634741,0.10979369352454427
305,rutas_independientes,69.87251827641512,8.649888206465569
305,sin_mediacion,73.99538705728294,12.772756987333388
306,mediacion_completa,61.09721009709837,0
306,mediacion_parcial,61.15889927385012,0.061689176751748676
306,rutas_independientes,69.55718985887114,8.459979761772772
306,sin_mediacion,73.46177036475059,12.364560267652223
307,mediacion_parcial,61.03986518805189,0
307,mediacion_completa,61.168599499941735,0.1287343118898434
307,rutas_independientes,69.6865291467418,8.646663958689913
307,sin_mediacion,73.61295291425287,12.573087726200981
308,mediacion_parcial,61.171548201990454,0
308,mediacion_completa,61.35787685911194,0.18632865712148572
308,rutas_independientes,70.01788995873369,8.846341756743236
308,sin_mediacion,74.1481257179304,12.976577515939944
309,mediacion_parcial,61.22613413167757,0
309,mediacion_completa,61.312396865627406,0.08626273394983741
309,rutas_independientes,69.76046014222734,8.534326010549776
309,sin_mediacion,73.79102961716835,12.56489548549078
310,mediacion_parcial,61.234557405649625,0
310,mediacion_completa,61.37777391917297,0.14321651352334186
310,rutas_independientes,69.95414925207973,8.719591846430106
310,sin_mediacion,73.99040796001539,12.755850554365765
311,mediacion_parcial,61.15964164661956,0
311,mediacion_completa,61.170903994049326,0.011262347429763508
311,rutas_independientes,69.77207296644785,8.61243131982829
311,sin_mediacion,73.73602871577319,12.576387069153625
312,mediacion_parcial,61.159972938180296,0
312,mediacion_completa,61.300814622619015,0.14084168443871903
312,rutas_independientes,69.8585824953424,8.698609557162108
312,sin_mediacion,73.8987706384615,12.738797700281204
313,mediacion_parcial,61.21205522769274,0
313,mediacion_completa,61.334632219079595,0.12257699138685751
313,rutas_independientes,69.90785236558855,8.695797137895816
313,sin_mediacion,74.02747125193494,12.815416024242204
314,mediacion_parcial,61.22463085174714,0
314,mediacion_completa,61.28951044350423,0.06487959175708369
314,rutas_independientes,69.84114370024483,8.616512848497685
314,sin_mediacion,73.89339500268291,12.668764150935765
315,mediacion_parcial,61.229964561660125,0
315,mediacion_completa,61.34700216366507,0.11703760200494173
315,rutas_independientes,70.08414783027061,8.854183268610484
315,sin_mediacion,74.09626209624811,12.866297534587986
316,mediacion_parcial,61.23808767103114,0
316,mediacion_completa,61.27466488844428,0.03657721741313935
316,rutas_independientes,69.69005569136877,8.451968020337631
316,sin_mediacion,73.70062309220253,12.462535421171395
317,mediacion_parcial,61.151784480728004,0
317,mediacion_completa,61.18793727011895,0.03615278939094679
317,rutas_independientes,69.4196735873991,8.267889106671099
317,sin_mediacion,73.56098822438543,12.409203743657422
318,mediacion_parcial,61.26461301113034,0
318,mediacion_completa,61.3825918272877,0.11797881615735406
318,rutas_independientes,69.98562297111432,8.72100995998398
318,sin_mediacion,74.11175908537943,12.847146074249089
319,mediacion_parcial,61.10114379943002,0
319,mediacion_completa,61.20964388863878,0.10850008920876064
319,rutas_independientes,69.80915629249077,8.70801249306075
319,sin_mediacion,73.84836635652944,12.74722255709942
320,mediacion_parcial,61.10577103367983,0
320,mediacion_completa,61.16079939739083,0.055028363711002726
320,rutas_independientes,69.68153094550127,8.575759911821436
320,sin_mediacion,73.63218471853365,12.526413684853821
321,mediacion_parcial,61.3008249892946,0
321,mediacion_completa,61.494280266468294,0.19345527717369748
321,rutas_independientes,70.04621320828036,8.745388218985767
321,sin_mediacion,74.203237015508,12.902412026213398
322,mediacion_parcial,61.045411908500526,0
322,mediacion_completa,61.25663704654694,0.21122513804641585
322,rutas_independientes,69.78908034617274,8.743668437672213
322,sin_mediacion,73.89363710831333,12.848225199812802
323,mediacion_parcial,61.10374702338712,0
323,mediacion_completa,61.239341469422584,0.1355944460354621
323,rutas_independientes,69.74598585015497,8.642238826767844
323,sin_mediacion,73.83199232826999,12.728245304882869
324,mediacion_parcial,61.17197995782495,0
324,mediacion_completa,61.22153990561306,0.04955994778810435
324,rutas_independientes,69.7574917548765,8.585511797051545
324,sin_mediacion,73.7412728907251,12.569292932900147
325,mediacion_parcial,61.183836288110484,0
325,mediacion_completa,61.33862919023972,0.15479290212923758
325,rutas_independientes,69.62750745361248,8.443671165501996
325,sin_mediacion,73.79657298723909,12.612736699128604
326,mediacion_parcial,61.22283385146399,0
326,mediacion_completa,61.362708489561825,0.13987463809783662
326,rutas_independientes,69.96172192055843,8.738888069094443
326,sin_mediacion,73.85358418516456,12.630750333700576
327,mediacion_parcial,61.14106446208302,0
327,mediacion_completa,61.27074761444155,0.129683152358524
327,rutas_independientes,69.78052668992484,8.639462227841818
327,sin_mediacion,73.83884243273735,12.697777970654329
328,mediacion_parcial,61.01560732808707,0
328,mediacion_completa,61.13019447043822,0.11458714235114797
328,rutas_independientes,69.54442073391178,8.528813405824707
328,sin_mediacion,73.59937708775823,12.583769759671156
329,mediacion_parcial,61.23301630676677,0
329,mediacion_completa,61.3854718841159,0.15245557734913007
329,rutas_independientes,69.85304840833206,8.620032101565286
329,sin_mediacion,73.99436542036239,12.761349113595614
330,mediacion_parcial,61.38106180475556,0
330,mediacion_completa,61.47707661886129,0.09601481410572887
330,rutas_independientes,70.13282628431283,8.751764479557266
330,sin_mediacion,74.24717007229481,12.866108267539246
331,mediacion_parcial,61.08015091926466,0
331,mediacion_completa,61.18165482749103,0.10150390822636979
331,rutas_independientes,69.7586041085062,8.678453189241544
331,sin_mediacion,73.73412649832139,12.653975579056727
332,mediacion_parcial,61.150807837055744,0
332,mediacion_completa,61.305903644262855,0.15509580720711114
332,rutas_independientes,69.73411467883389,8.583306841778146
332,sin_mediacion,73.89904489538294,12.748237058327199
333,mediacion_parcial,61.385936519043746,0
333,mediacion_completa,61.46090284021578,0.07496632117203461
333,rutas_independientes,70.05206891629379,8.666132397250045
333,sin_mediacion,74.14106332061463,12.755126801570889
334,mediacion_parcial,61.2075648394418,0
334,mediacion_completa,61.28419423899811,0.07662939955631032
334,rutas_independientes,69.77753534642775,8.569970506985953
334,sin_mediacion,73.81836269531722,12.610797855875418
335,mediacion_parcial,61.14140139683394,0
335,mediacion_completa,61.20801287632514,0.0666114794912005
335,rutas_independientes,69.70883749414038,8.567436097306441
335,sin_mediacion,73.67297438179735,12.531572984963404
336,mediacion_parcial,61.1947444895748,0
336,mediacion_completa,61.26601895511469,0.07127446553988648
336,rutas_independientes,69.86559376857883,8.670849279004031
336,sin_mediacion,73.86681163166566,12.672067142090853
337,mediacion_parcial,61.294763298345835,0
337,mediacion_completa,61.35928663290393,0.06452333455809622
337,rutas_independientes,69.79978856876176,8.50502527041592
337,sin_mediacion,73.94041850563785,12.645655207292016
338,mediacion_parcial,61.180897549545065,0
338,mediacion_completa,61.19265627975424,0.011758730209173507
338,rutas_independientes,69.74914628277357,8.5682487332285
338,sin_mediacion,73.71371729841871,12.53281974887365
339,mediacion_parcial,61.1701602594233,0
339,mediacion_completa,61.19833749094036,0.02817723151706275
339,rutas_independientes,69.63522724845893,8.465066989035634
339,sin_mediacion,73.80910690308323,12.638946643659935
340,mediacion_parcial,61.230788739719955,0
340,mediacion_completa,61.30770383732837,0.07691509760841342
340,rutas_independientes,69.79554099391598,8.564752254196023
340,sin_mediacion,73.86989469744375,12.6391059577238
341,mediacion_parcial,61.53105910488929,0
341,mediacion_completa,61.657226086134514,0.12616698124522685
341,rutas_independientes,70.30166765212536,8.770608547236073
341,sin_mediacion,74.49563799355167,12.96457888866238
342,mediacion_parcial,61.052835865975794,0
342,mediacion_completa,61.26594312738692,0.21310726141112468
342,rutas_independientes,69.88292836031201,8.830092494336213
342,sin_mediacion,74.01620563160795,12.963369765632152
343,mediacion_parcial,61.211622005682884,0
343,mediacion_completa,61.31464844885426,0.10302644317137322
343,rutas_independientes,69.95081209223763,8.739190086554743
343,sin_mediacion,73.95588357534355,12.744261569660665
344,mediacion_parcial,61.22803179905105,0
344,mediacion_completa,61.29961722430693,0.07158542525587563
344,rutas_independientes,69.69948464485063,8.471452845799575
344,sin_mediacion,73.82953149818452,12.60149969913347
345,mediacion_parcial,61.28574700865139,0
345,mediacion_completa,61.503208584120244,0.21746157546885314
345,rutas_independientes,70.24564616946603,8.959899160814636
345,sin_mediacion,74.2988099402782,13.013062931626813
346,mediacion_parcial,61.11575468526201,0
346,mediacion_completa,61.17141019112408,0.05565550586207024
346,rutas_independientes,69.63611010960173,8.52035542433972
346,sin_mediacion,73.60226318129526,12.486508496033245
347,mediacion_parcial,61.1179882664117,0
347,mediacion_completa,61.164109976397924,0.04612170998622389
347,rutas_independientes,69.82050933875081,8.70252107233911
347,sin_mediacion,73.81156061589407,12.693572349482366
348,mediacion_parcial,61.09561113022358,0
348,mediacion_completa,61.22055212218099,0.12494099195740915
348,rutas_independientes,69.8241103892343,8.728499259010725
348,sin_mediacion,73.78245424546462,12.68684311524104
349,mediacion_parcial,61.21570261240035,0
349,mediacion_completa,61.33244669187397,0.11674407947361942
349,rutas_independientes,69.86135398895219,8.64565137655184
349,sin_mediacion,74.02273714496309,12.807034532562739
350,mediacion_parcial,61.24699754173455,0
350,mediacion_completa,61.36281397934779,0.11581643761324045
350,rutas_independientes,69.8892148104436,8.642217268709054
350,sin_mediacion,73.96893447912987,12.72193693739532
351,mediacion_parcial,61.24753603154933,0
351,mediacion_completa,61.3673023606443,0.11976632909497198
351,rutas_independientes,69.98360062553893,8.736064593989596
351,sin_mediacion,74.11099313735068,12.863457105801345
352,mediacion_parcial,61.18724315553977,0
352,mediacion_completa,61.289054399623836,0.10181124408406816
352,rutas_independientes,69.6978245557349,8.510581400195129
352,sin_mediacion,73.78141583100847,12.594172675468705
353,mediacion_parcial,61.14411104263689,0
353,mediacion_completa,61.260681701878056,0.1165706592411695
353,rutas_independientes,69.81686537026883,8.672754327631942
353,sin_mediacion,73.93920001475493,12.795088972118045
354,mediacion_parcial,61.315045749815454,0
354,mediacion_completa,61.41873458157937,0.10368883176391819
354,rutas_independientes,70.01548350288344,8.7004377530679875
354,sin_mediacion,74.05880479160298,12.743759041787527
355,mediacion_parcial,61.21643558644308,0
355,mediacion_completa,61.28260933321303,0.06617374676994814
355,rutas_independientes,69.74956558795495,8.533130001511864
355,sin_mediacion,73.68139037880732,12.464954792364239
356,mediacion_parcial,61.19132010667062,0
356,mediacion_completa,61.320667932306236,0.12934782563561953
356,rutas_independientes,69.84635545759447,8.655035350923853
356,sin_mediacion,73.9247921546656,12.73347204799498
357,mediacion_parcial,61.19567226213177,0
357,mediacion_completa,61.26814163901723,0.07246937688545785
357,rutas_independientes,69.90789014086991,8.712217878738137
357,sin_mediacion,73.93361906387946,12.73794680174769
358,mediacion_parcial,61.165184886737855,0
358,mediacion_completa,61.20640774443979,0.041222857701932014
358,rutas_independientes,69.94679521496441,8.781610328226556
358,sin_mediacion,73.94066114270294,12.775476255965081
359,mediacion_parcial,61.266734125938946,0
359,mediacion_completa,61.30087396078008,0.034139834841134586
359,rutas_independientes,69.78325658513467,8.51652245919572
359,sin_mediacion,73.84666351423523,12.579929388296286
360,mediacion_parcial,61.1768314694018,0
360,mediacion_completa,61.28669721127574,0.10986574187393927
360,rutas_independientes,69.75222122978471,8.575389760382912
360,sin_mediacion,73.80132333604217,12.624491866640376
361,mediacion_parcial,61.226257144430946,0
361,mediacion_completa,61.32433809871323,0.09808095428228114
361,rutas_independientes,69.79285035550231,8.566593211071364
361,sin_mediacion,73.83172142972704,12.605464285296094
362,mediacion_parcial,61.14489264140384,0
362,mediacion_completa,61.21338714771086,0.06849450630701881
362,rutas_independientes,69.73425923180565,8.58936659040181
362,sin_mediacion,73.80928765384188,12.664395012438035
363,mediacion_parcial,61.280606086966195,0
363,mediacion_completa,61.38303927456267,0.1024331875964748
363,rutas_independientes,69.88914079037008,8.608534703403883
363,sin_mediacion,73.97503739671535,12.694431309749156
364,mediacion_parcial,61.19455316602097,0
364,mediacion_completa,61.28653127677897,0.09197811075800644
364,rutas_independientes,69.81976982218248,8.625216656161513
364,sin_mediacion,73.94822274305405,12.75366957703308
365,mediacion_parcial,61.03824026531821,0
365,mediacion_completa,61.227856339385056,0.18961607406684777
365,rutas_independientes,69.72988083999891,8.691640574680704
365,sin_mediacion,73.74282039322546,12.70458012790725
366,mediacion_parcial,61.44290680096347,0
366,mediacion_completa,61.48236938882413,0.03946258786066181
366,rutas_independientes,69.96328801268504,8.52038121172157
366,sin_mediacion,74.04960182469497,12.606695023731504
367,mediacion_parcial,61.23937056792095,0
367,mediacion_completa,61.35194837330788,0.11257780538692685
367,rutas_independientes,70.07872924031494,8.839358672393992
367,sin_mediacion,74.16482067622002,12.925450108299067
368,mediacion_parcial,61.17126487243548,0
368,mediacion_completa,61.3336688069533,0.16240393451781898
368,rutas_independientes,69.92572390201758,8.754459029582101
368,sin_mediacion,73.98760001935536,12.816335146919876
369,mediacion_completa,61.28586833177651,0
369,mediacion_parcial,61.30178537507934,0.01591704330282795
369,rutas_independientes,69.82850628130339,8.542637949526878
369,sin_mediacion,73.78342339255248,12.497555060775966
370,mediacion_parcial,61.30417965527283,0
370,mediacion_completa,61.44871462375403,0.14453496848119585
370,rutas_independientes,70.02961941454583,8.725439759273002
370,sin_mediacion,74.14161173112063,12.8374320758478
371,mediacion_parcial,60.99708900288022,0
371,mediacion_completa,61.14730379792337,0.15021479504314783
371,rutas_independientes,69.51544266189462,8.518353659014402
371,sin_mediacion,73.5123070349171,12.515218032036877
372,mediacion_parcial,61.13823443140886,0
372,mediacion_completa,61.25873992850019,0.12050549709132952
372,rutas_independientes,69.82031225900333,8.682077827594469
372,sin_mediacion,73.87809168574299,12.739857254334126
373,mediacion_parcial,61.21138585171106,0
373,mediacion_completa,61.29999650724604,0.08861065553498548
373,rutas_independientes,69.82260484748701,8.611218995775957
373,sin_mediacion,73.85907337465093,12.647687522939876
374,mediacion_parcial,61.19091654985915,0
374,mediacion_completa,61.25014713909172,0.05923058923256974
374,rutas_independientes,69.75324440526268,8.562327855403524
374,sin_mediacion,73.81030828026947,12.619391730410314
375,mediacion_parcial,61.18962959770056,0
375,mediacion_completa,61.34861666773282,0.15898707003226065
375,rutas_independientes,69.91214391767217,8.722514319971609
375,sin_mediacion,74.01475241418561,12.825122816485049
376,mediacion_parcial,61.18396845715883,0
376,mediacion_completa,61.31446973840566,0.13050128124683624
376,rutas_independientes,69.8768223912886,8.692853934129772
376,sin_mediacion,73.89899343172833,12.715024974569502
377,mediacion_parcial,61.200955203874614,0
377,mediacion_completa,61.26042462658082,0.05946942270620781
377,rutas_independientes,69.76906637831563,8.568111174441015
377,sin_mediacion,73.76306563319523,12.562110429320612
378,mediacion_completa,61.159449057038,0
378,mediacion_parcial,61.17380075507937,0.01435169804136649
378,rutas_independientes,69.76037392538207,8.600924868344066
378,sin_mediacion,73.74401629460839,12.584567237570383
379,mediacion_parcial,61.22505939642331,0
379,mediacion_completa,61.31324823419511,0.08818883777179565
379,rutas_independientes,69.82559059943179,8.60053120300848
379,sin_mediacion,73.83003962780224,12.604980231378924
380,mediacion_parcial,61.17666667886489,0
380,mediacion_completa,61.29220415260944,0.1155374737445527
380,rutas_independientes,69.75997477335599,8.583308094491102
380,sin_mediacion,73.81466962394393,12.638002945079037
381,mediacion_parcial,61.197844471048995,0
381,mediacion_completa,61.248599472392456,0.050755001343461004
381,rutas_independientes,69.67426165872635,8.476417187677356
381,sin_mediacion,73.80076949437994,12.60292502333094
382,mediacion_parcial,61.06549828422653,0
382,mediacion_completa,61.235456379508804,0.16995809528227568
382,rutas_independientes,69.819865504549,8.754367220322472
382,sin_mediacion,73.87961567423261,12.814117390006082
383,mediacion_parcial,61.318504270518936,0
383,mediacion_completa,61.35032496377721,0.03182069325827541
383,rutas_independientes,69.87920725435991,8.560702983840976
383,sin_mediacion,73.91850413291282,12.59999986239388
384,mediacion_parcial,61.223558194456785,0
384,mediacion_completa,61.27799029602079,0.05443210156400369
384,rutas_independientes,69.71991891826596,8.496360723809175
384,sin_mediacion,73.80143146343319,12.577873268976404
385,mediacion_parcial,61.36238313847137,0
385,mediacion_completa,61.42060790556381,0.05822476709244029
385,rutas_independientes,70.09033325084256,8.72795011237119
385,sin_mediacion,74.19942108035532,12.837037941883949
386,mediacion_parcial,61.220250439654194,0
386,mediacion_completa,61.27028589105839,0.05003545140419874
386,rutas_independientes,69.85978532897101,8.63953488931682
386,sin_mediacion,73.8444595083665,12.624209068712304
387,mediacion_parcial,61.226611514321185,0
387,mediacion_completa,61.40759907647863,0.1809875621574477
387,rutas_independientes,70.029083494100135,8.80247197977895
387,sin_mediacion,74.17097932748497,12.944367813163787
388,mediacion_parcial,61.31172973637052,0
388,mediacion_completa,61.403022600691614,0.0912928643210904
388,rutas_independientes,70.13808493077335,8.826355194402822
388,sin_mediacion,74.25758442648792,12.9458546901174
389,mediacion_parcial,61.01037999078886,0
389,mediacion_completa,61.1409655707663,0.13058557997743492
389,rutas_independientes,69.66618988605973,8.655809895270863
389,sin_mediacion,73.67177398538264,12.66139399459378
390,mediacion_parcial,61.2487151934247,0
390,mediacion_completa,61.30673552700438,0.05802033357967673
390,rutas_independientes,69.92251263260982,8.673797439185122
390,sin_mediacion,73.98756131504223,12.738846121617527
391,mediacion_parcial,61.10998541070532,0
391,mediacion_completa,61.252900518232,0.14291510752668302
391,rutas_independientes,69.85278869904654,8.742803288341221
391,sin_mediacion,73.84278867256604,12.732803261860724
392,mediacion_parcial,61.2199886414522,0
392,mediacion_completa,61.312502315484856,0.09251367403265931
392,rutas_independientes,70.0706552449661,8.850666603513908
392,sin_mediacion,74.10897063835833,12.888981996906132
393,mediacion_parcial,60.954055251630315,0
393,mediacion_completa,61.04345847599325,0.08940322436293258
393,rutas_independientes,69.23961739637889,8.285562144748575
393,sin_mediacion,73.29824236470431,12.344187113073993
394,mediacion_parcial,61.35972177705581,0
394,mediacion_completa,61.469201458946905,0.10947968189109503
394,rutas_independientes,70.16362536519185,8.803903588136038
394,sin_mediacion,74.2143058587346,12.854584081678794
395,mediacion_parcial,61.176014620173326,0
395,mediacion_completa,61.237224426477766,0.06120980630443995
395,rutas_independientes,69.80176742961649,8.625752809443163
395,sin_mediacion,73.81718003510824,12.64116541493491
396,mediacion_parcial,61.007848041897944,0
396,mediacion_completa,61.08108134012706,0.07323329822911262
396,rutas_independientes,69.3097971563891,8.301949114491151
396,sin_mediacion,73.39284315112532,12.384995109227376
397,mediacion_parcial,61.101528389573936,0
397,mediacion_completa,61.22038722894315,0.11885883936921715
397,rutas_independientes,69.6745736341934,8.573045244619458
397,sin_mediacion,73.72175120249152,12.620222812917582
398,mediacion_parcial,61.10408220865127,0
398,mediacion_completa,61.15755334627558,0.053471137624306664
398,rutas_independientes,69.80614880131128,8.70206659266001
398,sin_mediacion,73.73191159641351,12.62782938776224
399,mediacion_parcial,61.28628097193648,0
399,mediacion_completa,61.3618842438801,0.0756032719436206
399,rutas_independientes,69.85309930497525,8.566818333038768
399,sin_mediacion,73.94175842359179,12.655477451655315
400,mediacion_parcial,61.439343584503305,0
400,mediacion_completa,61.523667058158956,0.08432347365565107
400,rutas_independientes,70.0883751440368,8.649031559533498
400,sin_mediacion,74.280231229273,12.840887644769694
401,mediacion_parcial,61.15860342862524,0
401,mediacion_completa,61.25333425679288,0.09473082816764133
401,rutas_independientes,69.8990773973826,8.740473968757357
401,sin_mediacion,73.96491906524601,12.806315636620766
402,mediacion_parcial,61.13261082507822,0
402,mediacion_completa,61.26995247513627,0.13734165005805465
402,rutas_independientes,69.74989380104049,8.617282975962269
402,sin_mediacion,73.75421712151226,12.621606296434038
403,mediacion_parcial,61.19643293533403,0
403,mediacion_completa,61.29595585849374,0.09952292315971079
403,rutas_independientes,69.84224181869352,8.645808883359493
403,sin_mediacion,73.85628700211058,12.659854066776546
404,mediacion_parcial,61.24247097365315,0
404,mediacion_completa,61.26047291557508,0.01800194192193061
404,rutas_independientes,69.8024506864626,8.559979712809458
404,sin_mediacion,73.85499092034061,12.612519946687463
405,mediacion_parcial,61.178151208337376,0
405,mediacion_completa,61.32326114693559,0.14510993859821752
405,rutas_independientes,69.7525522727047,8.57440106436733
405,sin_mediacion,73.81125922941317,12.633108021075792
406,mediacion_parcial,61.35863258622514,0
406,mediacion_completa,61.43699640490968,0.07836381868453657
406,rutas_independientes,70.159440008819,8.800807422593863
406,sin_mediacion,74.17896662234861,12.82033403612347
407,mediacion_parcial,61.15225218724105,0
407,mediacion_completa,61.33268082917725,0.1804286419362029
407,rutas_independientes,69.92630105785112,8.774048870610073
407,sin_mediacion,73.96155915949055,12.809306972249502
408,mediacion_parcial,61.08523622507613,0
408,mediacion_completa,61.14448502711288,0.059248802036748316
408,rutas_independientes,69.74531438031359,8.660078155237457
408,sin_mediacion,73.68069831053552,12.595462085459388
409,mediacion_completa,61.079494877949074,0
409,mediacion_parcial,61.175161767241995,0.09566688929292155
409,rutas_independientes,69.80352309813784,8.7240282201887709
409,sin_mediacion,73.69044278399463,12.610947906045553
410,mediacion_parcial,61.0595572139523,0
410,mediacion_completa,61.1116405378796,0.052083323927298864
410,rutas_independientes,69.48004267613555,8.420485462183251
410,sin_mediacion,73.53168537409472,12.472128160142418
411,mediacion_parcial,61.209107923909926,0
411,mediacion_completa,61.217329133866244,0.00822120995631792
411,rutas_independientes,69.982305944449,8.77319802053907
411,sin_mediacion,73.87766578458356,12.66855786067363
412,mediacion_parcial,61.05056398592684,0
412,mediacion_completa,61.11006732697571,0.05950334104886679
412,rutas_independientes,69.75789593136207,8.707331945435229
412,sin_mediacion,73.63328681144601,12.58272282551917
413,mediacion_parcial,61.1929074736842,0
413,mediacion_completa,61.3369147856445,0.14400731196030137
413,rutas_independientes,69.90866919304818,8.715761719363982
413,sin_mediacion,74.06989686221002,12.876989388525814
414,mediacion_parcial,61.12526296279233,0
414,mediacion_completa,61.22147765885817,0.09621469606584299
414,rutas_independientes,69.87012306763657,8.744860104844243
414,sin_mediacion,73.82100138486953,12.695738422077206
415,mediacion_parcial,61.24534369989132,0
415,mediacion_completa,61.437041324550655,0.1916976246593336
415,rutas_independientes,69.93599771175238,8.690654011861056
415,sin_mediacion,74.01601174268959,12.770668042798263
416,mediacion_parcial,61.25480914014943,0
416,mediacion_completa,61.37634321229976,0.1215340721503253
416,rutas_independientes,69.87573825418951,8.62092911404008
416,sin_mediacion,73.94073339116231,12.685924251012878
417,mediacion_parcial,61.05320966313179,0
417,mediacion_completa,61.13223757153169,0.07902790839990104
417,rutas_independientes,69.37640865707147,8.323198993939677
417,sin_mediacion,73.45532540394933,12.402115740817543
418,mediacion_parcial,61.187373366681,0
418,mediacion_completa,61.292515890675254,0.10514252399425317
418,rutas_independientes,69.6584084365474,8.471035069866403
418,sin_mediacion,73.76416929113495,12.576795924453947
419,mediacion_parcial,61.23864949445555,0
419,mediacion_completa,61.358207973852416,0.11955847939686493
419,rutas_independientes,70.01802217048345,8.779372676027897
419,sin_mediacion,74.02435412747899,12.785704633023435
420,mediacion_parcial,61.286595135305454,0
420,mediacion_completa,61.384199699350496,0.09760456404504225
420,rutas_independientes,69.9567119709258,8.670116835620341
420,sin_mediacion,73.93493995586144,12.648344820555984
421,mediacion_parcial,61.013594582787206,0
421,mediacion_completa,61.02033654393008,0.006741961142871844
421,rutas_independientes,69.58696663459003,8.57337205180282
421,sin_mediacion,73.51050719268781,12.496912609900605
422,mediacion_parcial,61.13879918898601,0
422,mediacion_completa,61.209561616876016,0.07076242789000275
422,rutas_independientes,69.55281843964566,8.41401925065965
422,sin_mediacion,73.5112075694411,12.372408380455084
423,mediacion_parcial,61.29062599453192,0
423,mediacion_completa,61.49628178613198,0.20565579160005854
423,rutas_independientes,70.19910363762268,8.908477643090762
423,sin_mediacion,74.32011408080776,13.029488086275833
424,mediacion_parcial,61.26716901616435,0
424,mediacion_completa,61.361762490495224,0.09459347433087117
424,rutas_independientes,70.0145417339316,8.747372717767242
424,sin_mediacion,74.11165928399932,12.844490267834964
425,mediacion_parcial,61.163594855477804,0
425,mediacion_completa,61.2201582470127,0.05656339153489398
425,rutas_independientes,69.54464117833672,8.381046322858914
425,sin_mediacion,73.63240750271245,12.46881264723465
426,mediacion_parcial,61.19566904861834,0
426,mediacion_completa,61.22175433640224,0.026085287783899958
426,rutas_independientes,69.89009996948786,8.694430920869522
426,sin_mediacion,73.89752171993396,12.70185267131562
427,mediacion_parcial,61.257482972287825,0
427,mediacion_completa,61.38291139078255,0.12542841849472808
427,rutas_independientes,69.85472167568682,8.597238703398993
427,sin_mediacion,73.97064389524333,12.713160922955502
428,mediacion_parcial,61.25458723085737,0
428,mediacion_completa,61.3737145076161,0.11912727675873214
428,rutas_independientes,69.95961202631426,8.705024795456893
428,sin_mediacion,74.05486144068304,12.800274209825673
429,mediacion_parcial,61.30917190902143,0
429,mediacion_completa,61.42308367556835,0.11391176654692003
429,rutas_independientes,70.03240130210443,8.723229393083002
429,sin_mediacion,74.1775766073867,12.868404698365268
430,mediacion_parcial,61.37104408117315,0
430,mediacion_completa,61.46318490303142,0.09214082185826555
430,rutas_independientes,70.32932910918146,8.958285028008305
430,sin_mediacion,74.29283576366892,12.921791682495765
431,mediacion_parcial,61.08063667476445,0
431,mediacion_completa,61.25490560844017,0.1742689336757195
431,rutas_independientes,69.80245536472555,8.721818689961097
431,sin_mediacion,73.90870074192202,12.82806406715757
432,mediacion_parcial,61.18323177596803,0
432,mediacion_completa,61.237442231468236,0.05421045550020409
432,rutas_independientes,69.42365819482507,8.240426418857034
432,sin_mediacion,73.39675734309915,12.213525567131121
433,mediacion_parcial,61.28176314576273,0
433,mediacion_completa,61.35360134214764,0.07183819638490974
433,rutas_independientes,69.85715047542234,8.575387329659613
433,sin_mediacion,73.9675139568945,12.685750811131776
434,mediacion_parcial,61.10847786708209,0
434,mediacion_completa,61.202405670984874,0.09392780390278688
434,rutas_independientes,69.75373197498003,8.64525410789794
434,sin_mediacion,73.80080825230678,12.692330385224693
435,mediacion_parcial,61.03681345122321,0
435,mediacion_completa,61.151673118538596,0.1148596673153861
435,rutas_independientes,69.75052198592167,8.713708534698455
435,sin_mediacion,73.7347972992468,12.697983848023583
436,mediacion_parcial,61.19292191265644,0
436,mediacion_completa,61.31674301272717,0.12382110007073521
436,rutas_independientes,69.84717779457685,8.654255881920413
436,sin_mediacion,73.87986240829417,12.686940495637735
437,mediacion_completa,61.29026995392931,0
437,mediacion_parcial,61.30237355195771,0.012103598028396334
437,rutas_independientes,69.92831496181195,8.638045007882639
437,sin_mediacion,73.86911423938884,12.578844285459525
438,mediacion_parcial,61.2061110125578,0
438,mediacion_completa,61.33731170896855,0.13120069641075105
438,rutas_independientes,69.73083075502072,8.52471974246292
438,sin_mediacion,73.86198527537866,12.65587426282086
439,mediacion_parcial,61.187180946258025,0
439,mediacion_completa,61.20770438808189,0.020523441823868893
439,rutas_independientes,69.74060079236409,8.553419846106067
439,sin_mediacion,73.74322981791495,12.556048871656927
440,mediacion_parcial,61.08069240228094,0
440,mediacion_completa,61.20123221541484,0.12053981313390238
440,rutas_independientes,69.79475732206652,8.714064919785578
440,sin_mediacion,73.73571803889703,12.655025636616095
441,mediacion_parcial,61.12391958401298,0
441,mediacion_completa,61.19459822524388,0.07067864123089862
441,rutas_independientes,69.74579314986326,8.62187356585028
441,sin_mediacion,73.707148313445,12.583228729432022
442,mediacion_parcial,61.17272243440209,0
442,mediacion_completa,61.2081263443542,0.03540390995210885
442,rutas_independientes,69.81874145707638,8.646019022674295
442,sin_mediacion,73.78000925448731,12.607286820085221
443,mediacion_parcial,61.07994987852711,0
443,mediacion_completa,61.25857657340623,0.17862669487912086
443,rutas_independientes,69.74908002234827,8.669130143821157
443,sin_mediacion,73.87248502078695,12.792535142259844
444,mediacion_parcial,61.07496491414342,0
444,mediacion_completa,61.18132832192657,0.10636340778314946
444,rutas_independientes,69.75945583278238,8.684490918638957
444,sin_mediacion,73.7755328243575,12.700567910214076
445,mediacion_parcial,61.211569373743316,0
445,mediacion_completa,61.288175531800874,0.0766061580575581
445,rutas_independientes,69.75012885005575,8.538559476312429
445,sin_mediacion,73.8982341706467,12.686664796903386
446,mediacion_parcial,61.1850558645748,0
446,mediacion_completa,61.227664172150526,0.0426083075757262
446,rutas_independientes,69.82915287565518,8.644097011080383
446,sin_mediacion,73.64284662992628,12.457790765351483
447,mediacion_parcial,61.33229589192488,0
447,mediacion_completa,61.41164603855294,0.07935014662805884
447,rutas_independientes,70.01895606219453,8.686660170269654
447,sin_mediacion,74.09697815570593,12.764682263781047
448,mediacion_parcial,61.18521162222496,0
448,mediacion_completa,61.22639472397107,0.04118310174610684
448,rutas_independientes,69.77609854929034,8.590886927065377
448,sin_mediacion,73.79137368585798,12.606162063633015
449,mediacion_parcial,61.27157994853116,0
449,mediacion_completa,61.44098611399116,0.16940616545999632
449,rutas_independientes,70.008246193855,8.736666245323839
449,sin_mediacion,74.02938077045621,12.757800821925052
450,mediacion_parcial,61.17757196822487,0
450,mediacion_completa,61.24096877643052,0.06339680820565263
450,rutas_independientes,69.74008084297037,8.562508874745504
450,sin_mediacion,73.60397645810376,12.426404489878891
451,mediacion_parcial,61.26560452256397,0
451,mediacion_completa,61.40242568812143,0.13682116555746404
451,rutas_independientes,69.98026004477542,8.714655522211451
451,sin_mediacion,73.97803274193808,12.712428219374111
452,mediacion_parcial,61.130227631975025,0
452,mediacion_completa,61.22229317766305,0.09206554568802261
452,rutas_independientes,69.61742958457299,8.487201952597964
452,sin_mediacion,73.68565319044559,12.555425558470567
453,mediacion_parcial,61.218897220199906,0
453,mediacion_completa,61.35028101800549,0.13138379780558296
453,rutas_independientes,69.88011789800538,8.661220677805474
453,sin_mediacion,73.88710936561247,12.668212145412568
454,mediacion_parcial,61.21129140427766,0
454,mediacion_completa,61.38682194805351,0.17553054377584942
454,rutas_independientes,69.99250163518818,8.781210230910517
454,sin_mediacion,74.05512914874676,12.843837744469099
455,mediacion_parcial,61.253390067419424,0
455,mediacion_completa,61.3033437820573,0.04995371463787279
455,rutas_independientes,69.82515541578792,8.571765348368494
455,sin_mediacion,73.86022571506831,12.606835647648886
456,mediacion_parcial,61.23332928493812,0
456,mediacion_completa,61.317845606384566,0.0845163214464435
456,rutas_independientes,69.83580833211164,8.602479047173517
456,sin_mediacion,73.92797331407728,12.694644029139155
457,mediacion_parcial,61.166145940749544,0
457,mediacion_completa,61.358787623151656,0.19264168240211177
457,rutas_independientes,69.90603176947573,8.739885828726187
457,sin_mediacion,73.95448387866722,12.788337937917674
458,mediacion_parcial,61.15699272408498,0
458,mediacion_completa,61.23028740118542,0.07329467710044213
458,rutas_independientes,69.81343860545391,8.656445881368931
458,sin_mediacion,73.88353808577638,12.7265453616914
459,mediacion_parcial,61.183824855743744,0
459,mediacion_completa,61.29662702216224,0.11280216641849705
459,rutas_independientes,69.86528720126304,8.6814623455193
459,sin_mediacion,73.93257479683963,12.748749941095888
460,mediacion_parcial,61.213167439865074,0
460,mediacion_completa,61.31369410623759,0.10052666637251662
460,rutas_independientes,70.00822047664222,8.795053036777148
460,sin_mediacion,73.96531261317485,12.75214517330977
461,mediacion_parcial,61.268682341854756,0
461,mediacion_completa,61.43223607857476,0.1635537367200044
461,rutas_independientes,70.10794536164565,8.839263019790891
461,sin_mediacion,74.23034453051602,12.961662188661265
462,mediacion_parcial,61.25027802115913,0
462,mediacion_completa,61.31190663521417,0.06162861405503861
462,rutas_independientes,69.99733044873179,8.747052427572655
462,sin_mediacion,73.94343992497383,12.693161903814698
463,mediacion_completa,61.336010924644,0
463,mediacion_parcial,61.337409846829644,0.0013989221856434142
463,rutas_independientes,69.88959716354327,8.553586238899271
463,sin_mediacion,73.82020200184681,12.484191077202809
464,mediacion_parcial,61.16024002460249,0
464,mediacion_completa,61.30599627333932,0.14575624873683068
464,rutas_independientes,69.72685775118472,8.566617726582237
464,sin_mediacion,73.80377852652043,12.643538501917945
465,mediacion_parcial,61.0914912135526,0
465,mediacion_completa,61.22603688429473,0.13454567074212775
465,rutas_independientes,69.76696513781414,8.675473924261539
465,sin_mediacion,73.75159130559665,12.660100092044047
466,mediacion_parcial,61.16283373922988,0
466,mediacion_completa,61.207178879734386,0.04434514050450389
466,rutas_independientes,69.7249445455162,8.562110806286313
466,sin_mediacion,73.73302171931857,12.57018798008869
467,mediacion_parcial,61.13106348144806,0
467,mediacion_completa,61.23643206130434,0.10536857985628245
467,rutas_independientes,69.58611427865844,8.455050797210383
467,sin_mediacion,73.6762705755533,12.545207094105244
468,mediacion_parcial,60.985285575940544,0
468,mediacion_completa,61.087232281128244,0.1019467051877001
468,rutas_independientes,69.67829038574502,8.69300480980447
468,sin_mediacion,73.60418175920326,12.618896183262713
469,mediacion_parcial,61.236108461927316,0
469,mediacion_completa,61.3517849611956,0.11567649926828238
469,rutas_independientes,69.74171342907732,8.505604967150006
469,sin_mediacion,73.78563354223388,12.549525080306566
470,mediacion_parcial,61.27389476687833,0
470,mediacion_completa,61.354040022474074,0.08014525559574537
470,rutas_independientes,70.00990978218928,8.736015015310954
470,sin_mediacion,74.09481710105558,12.820922334177254
471,mediacion_parcial,60.96318524328104,0
471,mediacion_completa,61.01900088259633,0.05581563931529132
471,rutas_independientes,69.12686841115416,8.163683167873124
471,sin_mediacion,73.14779354265156,12.184608299370517
472,mediacion_parcial,61.17792642576076,0
472,mediacion_completa,61.218003347953626,0.04007692219286696
472,rutas_independientes,70.00038018186129,8.82245375610053
472,sin_mediacion,73.94669066843933,12.768764242678571
473,mediacion_parcial,61.08837776670875,0
473,mediacion_completa,61.16930139001228,0.08092362330352643
473,rutas_independientes,69.68509556501408,8.596717798305328
473,sin_mediacion,73.72177162497928,12.63339385827053
474,mediacion_completa,61.33956778395026,0
474,mediacion_parcial,61.359576364585905,0.020008580635646922
474,rutas_independientes,69.8028627783312,8.463294994380945
474,sin_mediacion,73.95682875232187,12.61726096837161
475,mediacion_parcial,61.13823973182038,0
475,mediacion_completa,61.24976737774017,0.11152764591979292
475,rutas_independientes,69.68884837403361,8.550608642213234
475,sin_mediacion,73.68630188877142,12.548062156951048
476,mediacion_parcial,61.16278247806659,0
476,mediacion_completa,61.24568486491432,0.08290238684772788
476,rutas_independientes,69.77150612558057,8.608723647513983
476,sin_mediacion,73.74686694645024,12.58408446838365
477,mediacion_parcial,61.171453961790206,0
477,mediacion_completa,61.22937032611402,0.05791636432381608
477,rutas_independientes,69.69510358096034,8.52364961917013
477,sin_mediacion,73.75374059234122,12.58228663055101
478,mediacion_parcial,61.180809304152696,0
478,mediacion_completa,61.35175199165437,0.17094268750167174
478,rutas_independientes,70.0710519881323,8.8902426839796
478,sin_mediacion,74.02111466168395,12.840305357531257
479,mediacion_parcial,61.430635645996105,0
479,mediacion_completa,61.535244065258595,0.10460841926249032
479,rutas_independientes,70.08944278749104,8.658807141494933
479,sin_mediacion,74.26286772936177,12.832232083365668
480,mediacion_parcial,61.474835263781074,0
480,mediacion_completa,61.63914989857403,0.1643146347929587
480,rutas_independientes,70.26289066608464,8.78805540230357
480,sin_mediacion,74.47215623813314,12.997320974352064
481,mediacion_parcial,61.12060565265482,0
481,mediacion_completa,61.205653678879486,0.08504802622466912
481,rutas_independientes,69.75364859284659,8.633042940191771
481,sin_mediacion,73.8068631680376,12.686257515382778
482,mediacion_parcial,61.16372572867556,0
482,mediacion_completa,61.297466136072714,0.13374040739715554
482,rutas_independientes,69.87579623678158,8.712070508106024
482,sin_mediacion,73.84761289132271,12.683887162647153
483,mediacion_parcial,61.30227734034388,0
483,mediacion_completa,61.38960954809198,0.0873322077481049
483,rutas_independientes,69.93829731511686,8.636019974772978
483,sin_mediacion,74.063562051351,12.761284711007121
484,mediacion_parcial,61.281076715261705,0
484,mediacion_completa,61.43606611239842,0.1549893971367169
484,rutas_independientes,69.87116567168944,8.590088956427735
484,sin_mediacion,73.89725255324042,12.616175837978716
485,mediacion_parcial,61.18975746733885,0
485,mediacion_completa,61.3760450799178,0.1862876125789512
485,rutas_independientes,69.55985713956048,8.370099672221627
485,sin_mediacion,73.812523365355,12.622765898016155
486,mediacion_parcial,60.986093378238415,0
486,mediacion_completa,61.09064809199512,0.10455471375670555
486,rutas_independientes,69.27018295791666,8.284089579678245
486,sin_mediacion,73.3858968794075,12.399803501169082
487,mediacion_parcial,61.208544746344586,0
487,mediacion_completa,61.3580822133239,0.1495374669793108
487,rutas_independientes,69.79766748990579,8.589122743561205
487,sin_mediacion,73.87441488504207,12.665870138697485
488,mediacion_parcial,61.30178022107478,0
488,mediacion_completa,61.40856276359219,0.10678254251740782
488,rutas_independientes,69.96895560644023,8.667175385365454
488,sin_mediacion,74.08084450672132,12.779064285646541
489,mediacion_parcial,61.130819018817675,0
489,mediacion_completa,61.37350248906908,0.24268347025140713
489,rutas_independientes,69.85743848801306,8.726619469195384
489,sin_mediacion,73.92247440106996,12.791655382252287
490,mediacion_parcial,61.17209506957262,0
490,mediacion_completa,61.28606587814633,0.11397080857371122
490,rutas_independientes,69.73096438919856,8.558869319625941
490,sin_mediacion,73.87678540605971,12.70469033648709
491,mediacion_parcial,61.09241186802062,0
491,mediacion_completa,61.20447616138961,0.11206429336898793
491,rutas_independientes,69.67167398501877,8.579262116998152
491,sin_mediacion,73.78067209472235,12.688260226701729
492,mediacion_completa,61.094317632262246,0
492,mediacion_parcial,61.132678879210346,0.03836124694809939
492,rutas_independientes,69.69604143803471,8.601723805772465
492,sin_mediacion,73.61482562560415,12.520507993341909
493,mediacion_parcial,61.22944994501621,0
493,mediacion_completa,61.35151331573718,0.12206337072096574
493,rutas_independientes,69.82298274840326,8.593532803387049
493,sin_mediacion,73.89389698466313,12.664447039646916
494,mediacion_parcial,61.07485773142907,0
494,mediacion_completa,61.08610787826942,0.011250146840346531
494,rutas_independientes,69.37326265295201,8.298404921522938
494,sin_mediacion,73.37487886927693,12.300021137847857
495,mediacion_parcial,61.113487846501556,0
495,mediacion_completa,61.134403364588735,0.020915518087178953
495,rutas_independientes,69.76940667669555,8.655918830193997
495,sin_mediacion,73.70019315758023,12.586705311078674
496,mediacion_parcial,61.34707824102468,0
496,mediacion_completa,61.46996046713469,0.12288222611000776
496,rutas_independientes,70.06297661913139,8.715898378106708
496,sin_mediacion,74.20466851059587,12.857590269571183
497,mediacion_parcial,61.201140736517964,0
497,mediacion_completa,61.379264745332385,0.17812400881442159
497,rutas_independientes,69.87462872931415,8.67348799279619
497,sin_mediacion,74.03837972682499,12.837238990307021
498,mediacion_parcial,61.350447370693345,0
498,mediacion_completa,61.500185310130135,0.1497379394367897
498,rutas_independientes,70.09470195773795,8.744254587044608
498,sin_mediacion,74.23236516138326,12.881917790689911
499,mediacion_parcial,61.54156702796735,0
499,mediacion_completa,61.66662264771936,0.12505561975200408
499,rutas_independientes,70.09935062527128,8.557783597303931
499,sin_mediacion,74.3432140965562,12.801647068588842
500,mediacion_parcial,61.32501470514122,0
500,mediacion_completa,61.49767886078113,0.17266415563990734
500,rutas_independientes,70.28182123915346,8.956806534012237
500,sin_mediacion,74.34290881972899,13.017894114587769
